# Blender 5.1.0
# www.blender.org
mtllib cam_overhead_holder.mtl
o Part_Studio_1_-_Overhead_Cam_Holder
v 0.731975 0.750101 -0.013199
v 0.731975 0.750174 -0.013126
v 0.721975 0.746600 -0.016700
v 0.731975 0.750175 -0.013125
v 0.731975 0.750200 -0.013100
v 0.731975 0.750200 -0.024300
v 0.731975 0.750199 -0.024299
v 0.721975 0.750200 -0.024300
v 0.731975 0.750174 -0.024274
v 0.731975 0.750173 -0.024273
v 0.731975 0.750100 -0.024200
v 0.731975 0.750098 -0.024198
v 0.731975 0.749980 -0.024080
v 0.731975 0.749901 -0.024001
v 0.731975 0.747130 -0.021230
v 0.731975 0.747120 -0.021220
v 0.731975 0.746794 -0.020894
v 0.731975 0.746769 -0.020869
v 0.731975 0.746600 -0.020700
v 0.731975 0.746406 -0.020894
v 0.721975 0.746600 -0.020700
v 0.731975 0.746388 -0.020912
v 0.731975 0.746070 -0.021230
v 0.731975 0.746031 -0.021269
v 0.731975 0.743220 -0.024080
v 0.731975 0.743218 -0.024082
v 0.731975 0.743100 -0.024200
v 0.731975 0.743099 -0.024201
v 0.731975 0.743026 -0.024274
v 0.731975 0.743025 -0.024275
v 0.731975 0.743000 -0.024300
v 0.721975 0.743000 -0.024300
v 0.731975 0.743000 -0.013100
v 0.721975 0.743000 -0.013100
v 0.731975 0.743001 -0.013101
v 0.731975 0.743026 -0.013126
v 0.731975 0.743027 -0.013127
v 0.731975 0.743100 -0.013200
v 0.731975 0.743102 -0.013202
v 0.731975 0.743220 -0.013320
v 0.731975 0.743299 -0.013399
v 0.731975 0.746070 -0.016170
v 0.731975 0.746080 -0.016180
v 0.731975 0.746406 -0.016506
v 0.731975 0.746431 -0.016531
v 0.731975 0.746600 -0.016700
v 0.731975 0.746794 -0.016506
v 0.731975 0.746812 -0.016488
v 0.731975 0.747130 -0.016170
v 0.731975 0.747169 -0.016131
v 0.731975 0.749980 -0.013320
v 0.731975 0.749982 -0.013318
v 0.731975 0.750100 -0.013201
v 0.731975 0.750200 -0.006700
v 0.731975 0.750107 -0.006700
v 0.728389 0.746600 -0.006700
v 0.731975 0.749839 -0.006700
v 0.731975 0.749466 -0.006700
v 0.731975 0.749309 -0.006700
v 0.731975 0.743734 -0.006700
v 0.731975 0.743361 -0.006700
v 0.731975 0.743093 -0.006700
v 0.731975 0.743000 -0.006700
v 0.727682 0.745893 -0.006700
v 0.727087 0.745606 -0.006700
v 0.731975 0.743000 -0.000002
v 0.721975 0.743000 -0.006700
v 0.731975 0.743000 -0.000000
v 0.731975 0.743000 -0.000000
v 0.731975 0.743000 -0.000000
v 0.685464 0.743000 -0.004941
v 0.686385 0.743000 -0.005862
v 0.731975 0.750200 -0.000000
v 0.729521 0.746600 -0.000000
v 0.728248 0.747873 -0.000000
v 0.727326 0.748365 -0.000000
v 0.721975 0.743000 -0.007600
v 0.721975 0.743000 -0.007600
v 0.686385 0.743000 -0.008379
v 0.721975 0.743000 -0.007600
v 0.721975 0.743100 -0.007225
v 0.721975 0.743331 -0.006994
v 0.721975 0.743375 -0.006950
v 0.721975 0.743750 -0.006850
v 0.721975 0.749450 -0.006850
v 0.721975 0.750200 -0.006700
v 0.721975 0.749825 -0.006950
v 0.721975 0.750100 -0.007225
v 0.721975 0.750200 -0.007600
v 0.721975 0.750200 -0.012639
v 0.721975 0.750174 -0.012833
v 0.721975 0.750200 -0.013100
v 0.721975 0.750101 -0.013012
v 0.721975 0.750100 -0.013014
v 0.721975 0.750034 -0.013100
v 0.721975 0.749980 -0.013170
v 0.721975 0.747130 -0.016020
v 0.721975 0.746794 -0.016214
v 0.721975 0.746406 -0.016214
v 0.721975 0.746070 -0.016020
v 0.721975 0.743220 -0.013170
v 0.721975 0.743166 -0.013100
v 0.721975 0.743100 -0.013014
v 0.721975 0.743026 -0.012833
v 0.721975 0.743000 -0.012640
v 0.721975 0.743000 -0.012639
v 0.721975 0.743000 -0.012639
v 0.721975 0.743000 -0.012639
v 0.721975 0.743000 -0.012639
v 0.721975 0.743000 -0.024761
v 0.721975 0.743000 -0.024761
v 0.664787 0.743000 -0.027274
v 0.721975 0.743000 -0.024761
v 0.721975 0.743000 -0.024760
v 0.721975 0.743026 -0.024567
v 0.721975 0.743100 -0.024386
v 0.721975 0.743166 -0.024300
v 0.721975 0.743220 -0.024230
v 0.721975 0.746070 -0.021380
v 0.721975 0.746406 -0.021186
v 0.721975 0.746794 -0.021186
v 0.721975 0.747130 -0.021380
v 0.721975 0.749980 -0.024230
v 0.721975 0.750034 -0.024300
v 0.721975 0.750100 -0.024386
v 0.721975 0.750101 -0.024388
v 0.721975 0.750174 -0.024567
v 0.721975 0.750200 -0.024761
v 0.721975 0.750200 -0.029800
v 0.721975 0.750100 -0.030175
v 0.721975 0.750200 -0.030700
v 0.721975 0.749825 -0.030450
v 0.721975 0.749450 -0.030550
v 0.721975 0.743750 -0.030550
v 0.721975 0.743000 -0.030700
v 0.721975 0.743375 -0.030450
v 0.721975 0.743331 -0.030406
v 0.721975 0.743100 -0.030175
v 0.721975 0.743000 -0.029800
v 0.721975 0.743000 -0.029800
v 0.721975 0.743000 -0.024761
v 0.731975 0.743000 -0.037398
v 0.731975 0.743000 -0.030700
v 0.731975 0.743093 -0.030700
v 0.728389 0.746600 -0.030700
v 0.731975 0.743361 -0.030700
v 0.731975 0.743734 -0.030700
v 0.731975 0.749309 -0.030700
v 0.731975 0.749466 -0.030700
v 0.731975 0.749839 -0.030700
v 0.731975 0.750107 -0.030700
v 0.731975 0.750200 -0.030700
v 0.731975 0.750200 -0.037400
v 0.731975 0.743000 -0.037400
v 0.731975 0.750200 -0.037400
v 0.731975 0.743000 -0.037400
v 0.731975 0.743000 -0.037400
v 0.731975 0.743000 -0.037400
v 0.731975 0.743000 -0.037400
v 0.572936 0.743000 -0.000000
v 0.642700 0.743000 -0.000000
v 0.578625 0.744937 -0.000000
v 0.611268 0.748000 -0.000000
v 0.579432 0.745600 -0.000000
v 0.579736 0.746600 -0.000000
v 0.620705 0.743000 -0.004604
v 0.619447 0.743000 -0.004941
v 0.642841 0.743000 -0.000352
v 0.642927 0.743000 -0.000722
v 0.642955 0.743000 -0.001100
v 0.642841 0.748000 -0.000352
v 0.642927 0.748000 -0.000722
v 0.642512 0.750200 -0.000620
v 0.642554 0.750200 -0.000858
v 0.642700 0.748000 -0.000000
v 0.638080 0.748000 -0.000000
v 0.638468 0.750200 -0.000388
v 0.579432 0.745600 -0.003800
v 0.578625 0.744937 -0.003800
v 0.577585 0.744835 -0.000000
v 0.577585 0.744835 -0.003800
v 0.576663 0.745327 -0.000000
v 0.575390 0.746600 -0.000000
v 0.572936 0.750200 -0.000000
v 0.572936 0.750200 -0.006700
v 0.572936 0.743000 -0.006700
v 0.582936 0.743000 -0.006700
v 0.620174 0.748000 -0.004661
v 0.619205 0.748000 -0.005100
v 0.621964 0.743000 -0.004941
v 0.621237 0.748000 -0.004661
v 0.576663 0.745327 -0.003800
v 0.575390 0.746600 -0.003800
v 0.576663 0.747873 -0.003800
v 0.576663 0.747873 -0.000000
v 0.577585 0.748365 -0.000000
v 0.578625 0.748263 -0.000000
v 0.610880 0.750200 -0.000000
v 0.582936 0.750200 -0.006700
v 0.605130 0.750200 -0.020856
v 0.582936 0.750200 -0.013100
v 0.602942 0.750200 -0.024645
v 0.582936 0.750200 -0.024300
v 0.597593 0.750200 -0.033911
v 0.582936 0.750200 -0.030700
v 0.587939 0.750200 -0.037400
v 0.572936 0.750200 -0.037400
v 0.577824 0.747594 -0.006700
v 0.578468 0.747447 -0.006700
v 0.576522 0.746600 -0.006700
v 0.577229 0.747307 -0.006700
v 0.618526 0.743000 -0.005862
v 0.618505 0.748000 -0.005899
v 0.577824 0.745606 -0.006700
v 0.577229 0.745893 -0.006700
v 0.578880 0.746930 -0.006700
v 0.578880 0.746270 -0.006700
v 0.582936 0.743000 -0.013100
v 0.618526 0.743000 -0.008379
v 0.619447 0.743000 -0.009300
v 0.614268 0.748000 -0.000000
v 0.612609 0.748000 -0.071633
v 0.613378 0.748000 -0.071684
v 0.611268 0.748000 -0.069807
v 0.612029 0.748000 -0.071124
v 0.610880 0.750200 -0.069911
v 0.614656 0.750200 -0.000388
v 0.619205 0.748000 -0.000000
v 0.622205 0.748000 -0.000000
v 0.627143 0.748000 -0.000000
v 0.622593 0.750200 -0.000388
v 0.626755 0.750200 -0.000388
v 0.614268 0.748000 -0.070524
v 0.614656 0.750200 -0.070524
v 0.614020 0.748000 -0.071255
v 0.614328 0.750200 -0.071491
v 0.618818 0.750200 -0.000388
v 0.618818 0.750200 -0.004915
v 0.622205 0.748000 -0.005100
v 0.622593 0.750200 -0.004915
v 0.630143 0.748000 -0.000000
v 0.628481 0.748000 -0.085305
v 0.629095 0.748000 -0.085048
v 0.627143 0.748000 -0.076452
v 0.627175 0.748000 -0.076733
v 0.627824 0.748000 -0.085195
v 0.627328 0.748000 -0.084753
v 0.627012 0.748741 -0.075660
v 0.630531 0.750200 -0.000388
v 0.635080 0.748000 -0.000000
v 0.630143 0.748000 -0.083571
v 0.630531 0.750200 -0.083675
v 0.629693 0.748000 -0.084350
v 0.636740 0.748000 -0.071650
v 0.637320 0.748000 -0.071141
v 0.635080 0.748000 -0.070541
v 0.635328 0.748000 -0.071271
v 0.635970 0.748000 -0.071700
v 0.634692 0.750200 -0.000388
v 0.634692 0.750200 -0.070541
v 0.638468 0.750200 -0.068375
v 0.638080 0.748000 -0.069823
v 0.642444 0.750200 -0.000388
v 0.642955 0.748000 -0.001100
v 0.642955 0.743000 -0.024900
v 0.642955 0.748000 -0.024900
v 0.642567 0.750200 -0.001100
v 0.642205 0.743000 -0.024900
v 0.622885 0.743000 -0.008379
v 0.621964 0.743000 -0.009300
v 0.622885 0.743000 -0.005862
v 0.622905 0.748000 -0.005899
v 0.623222 0.743000 -0.007121
v 0.662210 0.748000 -0.000000
v 0.662210 0.743000 -0.000000
v 0.666830 0.748000 -0.000000
v 0.669830 0.748000 -0.000000
v 0.662070 0.743000 -0.000352
v 0.662070 0.748000 -0.000352
v 0.661984 0.743000 -0.000722
v 0.661984 0.748000 -0.000722
v 0.661955 0.743000 -0.001100
v 0.661955 0.748000 -0.001100
v 0.661955 0.748000 -0.024900
v 0.662343 0.750200 -0.024512
v 0.684205 0.743000 -0.004604
v 0.682947 0.743000 -0.004941
v 0.726286 0.744937 -0.000000
v 0.727326 0.744835 -0.000000
v 0.727326 0.744835 -0.003800
v 0.726286 0.744937 -0.003800
v 0.725478 0.745600 -0.000000
v 0.725478 0.745600 -0.003800
v 0.693643 0.748000 -0.000000
v 0.725175 0.746600 -0.000000
v 0.725478 0.747600 -0.000000
v 0.694031 0.750200 -0.000000
v 0.726286 0.748263 -0.000000
v 0.693643 0.748000 -0.069807
v 0.694031 0.750200 -0.069911
v 0.692882 0.748000 -0.071124
v 0.690643 0.748000 -0.000000
v 0.692302 0.748000 -0.071633
v 0.685705 0.748000 -0.000000
v 0.682705 0.748000 -0.000000
v 0.662467 0.750200 -0.000388
v 0.666443 0.750200 -0.000388
v 0.662399 0.750200 -0.000620
v 0.662357 0.750200 -0.000858
v 0.662343 0.750200 -0.001100
v 0.668171 0.748000 -0.071650
v 0.668941 0.748000 -0.071700
v 0.666830 0.748000 -0.069823
v 0.667591 0.748000 -0.071141
v 0.666443 0.750200 -0.068375
v 0.670218 0.750200 -0.000388
v 0.674768 0.748000 -0.000000
v 0.677768 0.748000 -0.000000
v 0.678156 0.750200 -0.000388
v 0.682317 0.750200 -0.000388
v 0.669830 0.748000 -0.070541
v 0.670218 0.750200 -0.070541
v 0.670002 0.750200 -0.071341
v 0.669582 0.748000 -0.071271
v 0.676430 0.748000 -0.085305
v 0.677086 0.748000 -0.085195
v 0.674768 0.748000 -0.083571
v 0.675217 0.748000 -0.084350
v 0.675388 0.748000 -0.084607
v 0.674380 0.750200 -0.000388
v 0.674380 0.750200 -0.083675
v 0.677899 0.748741 -0.075660
v 0.678156 0.750200 -0.074868
v 0.677768 0.748000 -0.076452
v 0.677736 0.748000 -0.076733
v 0.683674 0.748000 -0.004661
v 0.684737 0.748000 -0.004661
v 0.682705 0.748000 -0.005100
v 0.682317 0.750200 -0.004915
v 0.686093 0.750200 -0.000388
v 0.685705 0.748000 -0.005100
v 0.686093 0.750200 -0.004915
v 0.690643 0.748000 -0.070524
v 0.690891 0.748000 -0.071255
v 0.691532 0.748000 -0.071684
v 0.690255 0.750200 -0.000388
v 0.690255 0.750200 -0.070524
v 0.661955 0.743000 -0.024900
v 0.662705 0.743000 -0.024900
v 0.682026 0.743000 -0.005862
v 0.682005 0.748000 -0.005899
v 0.578468 0.745753 -0.003800
v 0.578880 0.746270 -0.003800
v 0.577824 0.745606 -0.003800
v 0.728248 0.745327 -0.000000
v 0.728248 0.745327 -0.003800
v 0.729521 0.746600 -0.003800
v 0.727087 0.745606 -0.003800
v 0.727682 0.745893 -0.003800
v 0.728389 0.746600 -0.003800
v 0.728248 0.747873 -0.003800
v 0.727682 0.747307 -0.003800
v 0.727087 0.747594 -0.003800
v 0.579736 0.746600 -0.003800
v 0.578880 0.746930 -0.003800
v 0.725175 0.746600 -0.003800
v 0.726443 0.745753 -0.003800
v 0.576522 0.746600 -0.003800
v 0.577229 0.745893 -0.003800
v 0.579432 0.747600 -0.000000
v 0.579432 0.747600 -0.003800
v 0.578468 0.747447 -0.003800
v 0.725478 0.747600 -0.003800
v 0.726031 0.746270 -0.003800
v 0.577585 0.748365 -0.003800
v 0.577824 0.747594 -0.003800
v 0.577229 0.747307 -0.003800
v 0.578625 0.748263 -0.003800
v 0.726286 0.748263 -0.003800
v 0.726031 0.746930 -0.003800
v 0.727326 0.748365 -0.003800
v 0.726443 0.747447 -0.003800
v 0.613479 0.750200 -0.072058
v 0.612460 0.750200 -0.071991
v 0.611693 0.750200 -0.071318
v 0.606718 0.750200 -0.023606
v 0.606718 0.750200 -0.056776
v 0.618009 0.750200 -0.008135
v 0.617820 0.750200 -0.006980
v 0.618514 0.748000 -0.005898
v 0.618213 0.748000 -0.006910
v 0.618105 0.750200 -0.005844
v 0.623591 0.750200 -0.006980
v 0.625803 0.750200 -0.074215
v 0.624672 0.750200 -0.073987
v 0.623306 0.750200 -0.005844
v 0.622897 0.748000 -0.005898
v 0.623198 0.748000 -0.006910
v 0.623214 0.748000 -0.006916
v 0.623075 0.748000 -0.007969
v 0.629338 0.750200 -0.085351
v 0.629601 0.750200 -0.085111
v 0.628525 0.750200 -0.085691
v 0.627657 0.750200 -0.085545
v 0.626755 0.750200 -0.074868
v 0.626683 0.748000 -0.075380
v 0.626844 0.743000 -0.075625
v 0.627179 0.743000 -0.076875
v 0.627175 0.748000 -0.077017
v 0.627143 0.748000 -0.077298
v 0.626999 0.750200 -0.084959
v 0.630029 0.750200 -0.084544
v 0.629523 0.748000 -0.084607
v 0.629323 0.748000 -0.084841
v 0.629833 0.750200 -0.084841
v 0.637128 0.748138 -0.071424
v 0.636895 0.748550 -0.071683
v 0.636619 0.749238 -0.071918
v 0.636301 0.750200 -0.072129
v 0.634909 0.750200 -0.071341
v 0.635499 0.750200 -0.071923
v 0.640245 0.750200 -0.025468
v 0.641115 0.750200 -0.024764
v 0.639772 0.750200 -0.026483
v 0.639923 0.750200 -0.065856
v 0.639791 0.750200 -0.027602
v 0.640259 0.748000 -0.066050
v 0.640817 0.748000 -0.065385
v 0.640817 0.743000 -0.065385
v 0.641569 0.748000 -0.064951
v 0.641569 0.743000 -0.064951
v 0.642424 0.743000 -0.064800
v 0.640259 0.743000 -0.066050
v 0.635080 0.748000 -0.075019
v 0.635080 0.743000 -0.075019
v 0.665139 0.750200 -0.026483
v 0.665119 0.750200 -0.027602
v 0.664666 0.750200 -0.025468
v 0.662705 0.750200 -0.024512
v 0.668292 0.749238 -0.071918
v 0.668609 0.750200 -0.072129
v 0.667783 0.748138 -0.071424
v 0.668016 0.748550 -0.071683
v 0.664652 0.748000 -0.066050
v 0.664652 0.743000 -0.066050
v 0.664094 0.748000 -0.065385
v 0.664094 0.743000 -0.065385
v 0.664988 0.750200 -0.065856
v 0.664611 0.750200 -0.028599
v 0.669830 0.743000 -0.075019
v 0.669830 0.748000 -0.075019
v 0.669830 0.750200 -0.074244
v 0.669830 0.750200 -0.083019
v 0.669412 0.750200 -0.071923
v 0.677254 0.750200 -0.085545
v 0.676385 0.750200 -0.085691
v 0.675816 0.748000 -0.085048
v 0.675573 0.750200 -0.085351
v 0.675588 0.748000 -0.084841
v 0.675310 0.750200 -0.085111
v 0.675078 0.750200 -0.084841
v 0.674882 0.750200 -0.084544
v 0.681320 0.750200 -0.006980
v 0.681605 0.750200 -0.005844
v 0.679108 0.750200 -0.074215
v 0.680239 0.750200 -0.073987
v 0.681509 0.750200 -0.008135
v 0.681369 0.750200 -0.074220
v 0.682142 0.750200 -0.009121
v 0.682317 0.750200 -0.074877
v 0.682317 0.750200 -0.009300
v 0.678228 0.748000 -0.075380
v 0.679125 0.748000 -0.074634
v 0.678982 0.743000 -0.074710
v 0.677732 0.743000 -0.076875
v 0.678067 0.743000 -0.075625
v 0.677736 0.748000 -0.077017
v 0.677583 0.748000 -0.084753
v 0.677768 0.748000 -0.084113
v 0.677912 0.750200 -0.084959
v 0.682014 0.748000 -0.005898
v 0.681713 0.748000 -0.006910
v 0.686806 0.750200 -0.005844
v 0.686397 0.748000 -0.005898
v 0.686405 0.748000 -0.005899
v 0.686698 0.748000 -0.006910
v 0.686714 0.748000 -0.006916
v 0.686575 0.748000 -0.007969
v 0.693218 0.750200 -0.071318
v 0.692451 0.750200 -0.071991
v 0.691432 0.750200 -0.072058
v 0.686901 0.750200 -0.008135
v 0.686269 0.750200 -0.009121
v 0.690583 0.750200 -0.071491
v 0.698192 0.750200 -0.023606
v 0.699780 0.750200 -0.020856
v 0.605130 0.748000 -0.021631
v 0.606330 0.748000 -0.023710
v 0.603330 0.748000 -0.024749
v 0.606330 0.748000 -0.056776
v 0.618077 0.750200 -0.089600
v 0.618818 0.750200 -0.083659
v 0.727087 0.747594 -0.006700
v 0.727682 0.747307 -0.006700
v 0.726031 0.746270 -0.006700
v 0.726031 0.746930 -0.006700
v 0.701968 0.750200 -0.024645
v 0.699780 0.748000 -0.021631
v 0.701580 0.748000 -0.024749
v 0.698580 0.748000 -0.023710
v 0.698192 0.750200 -0.056776
v 0.698580 0.748000 -0.056776
v 0.698521 0.750200 -0.057743
v 0.698828 0.748000 -0.057507
v 0.699369 0.750200 -0.058310
v 0.686834 0.750200 -0.089600
v 0.701156 0.750200 -0.057570
v 0.716972 0.750200 -0.037400
v 0.701968 0.750200 -0.056163
v 0.707792 0.750200 -0.046056
v 0.706967 0.750200 -0.045869
v 0.618356 0.748000 -0.007956
v 0.618919 0.748000 -0.008849
v 0.618642 0.750200 -0.009121
v 0.618818 0.750200 -0.009300
v 0.623401 0.750200 -0.008135
v 0.623054 0.748000 -0.007956
v 0.625786 0.748000 -0.074634
v 0.625929 0.743000 -0.074710
v 0.624649 0.748000 -0.074375
v 0.624679 0.743000 -0.074375
v 0.635080 0.750200 -0.074244
v 0.631281 0.750200 -0.089600
v 0.635080 0.750200 -0.083019
v 0.641077 0.748000 -0.025229
v 0.640302 0.748000 -0.026113
v 0.641077 0.743000 -0.025229
v 0.640123 0.748000 -0.027274
v 0.640302 0.743000 -0.026113
v 0.642567 0.750200 -0.024512
v 0.642205 0.750200 -0.024512
v 0.642205 0.748000 -0.024900
v 0.664609 0.748000 -0.026113
v 0.664787 0.748000 -0.027274
v 0.663796 0.750200 -0.024764
v 0.663834 0.748000 -0.025229
v 0.664609 0.743000 -0.026113
v 0.662705 0.748000 -0.024900
v 0.663834 0.743000 -0.025229
v 0.673630 0.750200 -0.089600
v 0.681856 0.748000 -0.007956
v 0.680262 0.748000 -0.074375
v 0.687091 0.750200 -0.006980
v 0.686554 0.748000 -0.007956
v 0.685992 0.748000 -0.008849
v 0.686093 0.750200 -0.009300
v 0.685705 0.748000 -0.009141
v 0.686093 0.750200 -0.083659
v 0.622514 0.748000 -0.008871
v 0.681689 0.743000 -0.007121
v 0.681697 0.748000 -0.006916
v 0.682026 0.743000 -0.008379
v 0.681836 0.748000 -0.007969
v 0.682397 0.748000 -0.008871
v 0.682947 0.743000 -0.009300
v 0.682705 0.748000 -0.009141
v 0.684205 0.743000 -0.009637
v 0.578468 0.745753 -0.006700
v 0.726443 0.745753 -0.006700
v 0.726443 0.747447 -0.006700
v 0.618189 0.743000 -0.007121
v 0.618197 0.748000 -0.006916
v 0.686722 0.743000 -0.007121
v 0.618336 0.748000 -0.007969
v 0.618897 0.748000 -0.008871
v 0.619205 0.748000 -0.009141
v 0.682419 0.748000 -0.008849
v 0.686014 0.748000 -0.008871
v 0.620174 0.748000 -0.009581
v 0.572936 0.750200 -0.013100
v 0.572936 0.746600 -0.016700
v 0.582936 0.746600 -0.016700
v 0.572936 0.743000 -0.013100
v 0.582936 0.743000 -0.024300
v 0.572936 0.743000 -0.024300
v 0.685464 0.743000 -0.009300
v 0.731975 0.750200 -0.013100
v 0.731975 0.750200 -0.024300
v 0.622492 0.748000 -0.008849
v 0.622769 0.750200 -0.009121
v 0.622593 0.750200 -0.009300
v 0.622205 0.748000 -0.009141
v 0.623542 0.750200 -0.074220
v 0.623518 0.748000 -0.074661
v 0.681393 0.748000 -0.074661
v 0.680232 0.743000 -0.074375
v 0.681482 0.743000 -0.074710
v 0.621237 0.748000 -0.009581
v 0.620705 0.743000 -0.009637
v 0.684737 0.748000 -0.009581
v 0.683674 0.748000 -0.009581
v 0.622593 0.750200 -0.074877
v 0.622639 0.748000 -0.075429
v 0.622446 0.749364 -0.075286
v 0.622332 0.748719 -0.075695
v 0.682465 0.749364 -0.075286
v 0.682271 0.748000 -0.075429
v 0.682579 0.748719 -0.075695
v 0.682659 0.748264 -0.076103
v 0.619664 0.748000 -0.084350
v 0.619830 0.748000 -0.084601
v 0.619205 0.748000 -0.083555
v 0.622205 0.748000 -0.076512
v 0.622252 0.748264 -0.076103
v 0.622182 0.748000 -0.076754
v 0.621519 0.748000 -0.085190
v 0.622019 0.748000 -0.084747
v 0.682705 0.748000 -0.076512
v 0.682729 0.748000 -0.076754
v 0.685705 0.748000 -0.083555
v 0.685246 0.748000 -0.084350
v 0.619328 0.750200 -0.084544
v 0.619520 0.750200 -0.084833
v 0.620859 0.748000 -0.085296
v 0.619744 0.750200 -0.085098
v 0.622514 0.743000 -0.075625
v 0.622179 0.743000 -0.076875
v 0.684052 0.748000 -0.085296
v 0.684666 0.748000 -0.085033
v 0.682732 0.743000 -0.076875
v 0.682729 0.748000 -0.076996
v 0.682705 0.748000 -0.077238
v 0.682397 0.743000 -0.075625
v 0.685582 0.750200 -0.084544
v 0.685081 0.748000 -0.084601
v 0.684887 0.748000 -0.084829
v 0.572936 0.746600 -0.020700
v 0.582936 0.746600 -0.020700
v 0.582936 0.743000 -0.030700
v 0.640123 0.743000 -0.027274
v 0.587939 0.743000 -0.037400
v 0.640597 0.743000 -0.028350
v 0.650955 0.743000 -0.040695
v 0.621685 0.750200 -0.085541
v 0.620812 0.750200 -0.085681
v 0.620245 0.748000 -0.085033
v 0.619999 0.750200 -0.085333
v 0.620024 0.748000 -0.084829
v 0.622182 0.748000 -0.076996
v 0.622205 0.748000 -0.084105
v 0.622347 0.750200 -0.084955
v 0.684912 0.750200 -0.085333
v 0.685167 0.750200 -0.085098
v 0.684099 0.750200 -0.085681
v 0.683392 0.748000 -0.085190
v 0.683226 0.750200 -0.085541
v 0.682891 0.748000 -0.084747
v 0.682564 0.750200 -0.084955
v 0.685391 0.750200 -0.084833
v 0.572936 0.750200 -0.024300
v 0.603330 0.748000 -0.056059
v 0.602942 0.750200 -0.056163
v 0.598781 0.750200 -0.044469
v 0.598556 0.750200 -0.045285
v 0.707318 0.750200 -0.033911
v 0.707919 0.750200 -0.034952
v 0.708132 0.750200 -0.035408
v 0.706130 0.750200 -0.044469
v 0.706130 0.750200 -0.035969
v 0.701580 0.748000 -0.056059
v 0.605441 0.748000 -0.057935
v 0.606082 0.748000 -0.057507
v 0.604091 0.748000 -0.057376
v 0.604671 0.748000 -0.057885
v 0.700820 0.748000 -0.057376
v 0.699470 0.748000 -0.057935
v 0.700240 0.748000 -0.057885
v 0.606390 0.750200 -0.057743
v 0.605541 0.750200 -0.058310
v 0.604523 0.750200 -0.058243
v 0.603755 0.750200 -0.057570
v 0.700388 0.750200 -0.058243
v 0.578880 0.746270 -0.030700
v 0.578880 0.746930 -0.030700
v 0.572936 0.743000 -0.030700
v 0.577824 0.745606 -0.030700
v 0.578468 0.745753 -0.030700
v 0.572936 0.743000 -0.037400
v 0.640597 0.748000 -0.028350
v 0.643018 0.748000 -0.031235
v 0.642630 0.750200 -0.031377
v 0.664314 0.743000 -0.028350
v 0.664314 0.748000 -0.028350
v 0.661893 0.748000 -0.031235
v 0.662281 0.750200 -0.031377
v 0.716972 0.743000 -0.037400
v 0.653955 0.743000 -0.040695
v 0.656487 0.743000 -0.056842
v 0.655366 0.743000 -0.055734
v 0.598781 0.750200 -0.035969
v 0.597593 0.748000 -0.034687
v 0.598393 0.748000 -0.036072
v 0.596992 0.750200 -0.034952
v 0.597328 0.748000 -0.035146
v 0.596779 0.750200 -0.035408
v 0.597144 0.748000 -0.035541
v 0.596649 0.750200 -0.035894
v 0.597031 0.748000 -0.035962
v 0.596605 0.750200 -0.036396
v 0.596993 0.748000 -0.036396
v 0.596993 0.748000 -0.044412
v 0.572936 0.750200 -0.030700
v 0.577824 0.747594 -0.030700
v 0.577229 0.747307 -0.030700
v 0.707318 0.748000 -0.034687
v 0.707583 0.748000 -0.035146
v 0.706518 0.748000 -0.036072
v 0.726031 0.746930 -0.030700
v 0.726031 0.746270 -0.030700
v 0.727087 0.747594 -0.030700
v 0.726443 0.747447 -0.030700
v 0.598393 0.748000 -0.044469
v 0.598254 0.748000 -0.045030
v 0.706518 0.748000 -0.044469
v 0.706657 0.748000 -0.045030
v 0.706355 0.750200 -0.045285
v 0.640300 0.750200 -0.028599
v 0.640568 0.750200 -0.065088
v 0.578625 0.744937 -0.037400
v 0.577585 0.744835 -0.037400
v 0.579736 0.746600 -0.037400
v 0.579432 0.745600 -0.037400
v 0.618077 0.743000 -0.089600
v 0.622514 0.743000 -0.078125
v 0.646018 0.748000 -0.034811
v 0.650955 0.748000 -0.040695
v 0.646406 0.750200 -0.035876
v 0.650567 0.750200 -0.040836
v 0.658893 0.748000 -0.034811
v 0.686834 0.743000 -0.089600
v 0.725175 0.746600 -0.037400
v 0.725478 0.747600 -0.037400
v 0.726286 0.744937 -0.037400
v 0.725478 0.745600 -0.037400
v 0.727087 0.745606 -0.030700
v 0.727682 0.745893 -0.030700
v 0.641436 0.750200 -0.064586
v 0.642424 0.748000 -0.064800
v 0.644218 0.748000 -0.064800
v 0.644818 0.748000 -0.064800
v 0.642424 0.750200 -0.064412
v 0.664343 0.750200 -0.065088
v 0.663475 0.750200 -0.064586
v 0.662487 0.750200 -0.064412
v 0.662281 0.750200 -0.063600
v 0.662255 0.750200 -0.063883
v 0.646018 0.748000 -0.063600
v 0.646406 0.750200 -0.063600
v 0.646380 0.750200 -0.063883
v 0.645857 0.748000 -0.064200
v 0.643018 0.748000 -0.063600
v 0.643618 0.748000 -0.064639
v 0.642630 0.750200 -0.063600
v 0.653955 0.743000 -0.055030
v 0.650955 0.743000 -0.055030
v 0.653955 0.748000 -0.040695
v 0.660693 0.748000 -0.064800
v 0.661293 0.748000 -0.064639
v 0.658893 0.748000 -0.063600
v 0.659054 0.748000 -0.064200
v 0.659493 0.748000 -0.064639
v 0.658505 0.750200 -0.035876
v 0.658505 0.750200 -0.063600
v 0.654343 0.750200 -0.040836
v 0.661893 0.748000 -0.063600
v 0.661732 0.748000 -0.064200
v 0.643194 0.749238 -0.064582
v 0.643536 0.748550 -0.064703
v 0.642655 0.750200 -0.063883
v 0.642731 0.750200 -0.064156
v 0.663342 0.748000 -0.064951
v 0.663342 0.743000 -0.064951
v 0.578468 0.745753 -0.033600
v 0.577824 0.745606 -0.033600
v 0.577229 0.745893 -0.030700
v 0.577229 0.745893 -0.033600
v 0.576522 0.746600 -0.033600
v 0.576522 0.746600 -0.030700
v 0.575390 0.746600 -0.037400
v 0.576663 0.747873 -0.037400
v 0.577229 0.747307 -0.033600
v 0.578625 0.748263 -0.037400
v 0.579432 0.747600 -0.037400
v 0.578880 0.746270 -0.033600
v 0.578880 0.746930 -0.033600
v 0.727682 0.745893 -0.033600
v 0.728389 0.746600 -0.033600
v 0.727087 0.745606 -0.033600
v 0.726443 0.745753 -0.030700
v 0.726443 0.745753 -0.033600
v 0.726031 0.746270 -0.033600
v 0.726031 0.746930 -0.033600
v 0.726443 0.747447 -0.033600
v 0.729521 0.746600 -0.037400
v 0.728248 0.745327 -0.037400
v 0.579432 0.745600 -0.033600
v 0.579736 0.746600 -0.033600
v 0.578625 0.744937 -0.033600
v 0.576663 0.745327 -0.033600
v 0.577585 0.744835 -0.033600
v 0.728248 0.745327 -0.033600
v 0.729521 0.746600 -0.033600
v 0.728248 0.747873 -0.033600
v 0.726286 0.744937 -0.033600
v 0.727326 0.744835 -0.033600
v 0.579432 0.747600 -0.033600
v 0.725478 0.745600 -0.033600
v 0.576663 0.747873 -0.033600
v 0.575390 0.746600 -0.033600
v 0.727682 0.747307 -0.030700
v 0.727682 0.747307 -0.033600
v 0.578468 0.747447 -0.030700
v 0.578468 0.747447 -0.033600
v 0.578625 0.748263 -0.033600
v 0.725175 0.746600 -0.033600
v 0.577824 0.747594 -0.033600
v 0.727087 0.747594 -0.033600
v 0.727326 0.748365 -0.033600
v 0.726286 0.748263 -0.033600
v 0.577585 0.748365 -0.033600
v 0.725478 0.747600 -0.033600
v 0.726286 0.748263 -0.037400
v 0.727326 0.748365 -0.037400
v 0.643179 0.748000 -0.064200
v 0.643877 0.748138 -0.064776
v 0.661034 0.748138 -0.064776
v 0.661375 0.748550 -0.064703
v 0.662487 0.748000 -0.064800
v 0.661716 0.749238 -0.064582
v 0.660093 0.748000 -0.064800
v 0.662487 0.743000 -0.064800
v 0.642853 0.750200 -0.064412
v 0.662057 0.750200 -0.064412
v 0.662180 0.750200 -0.064156
v 0.576663 0.745327 -0.037400
v 0.727326 0.744835 -0.037400
v 0.728248 0.747873 -0.037400
v 0.577585 0.748365 -0.037400
v 0.597869 0.748000 -0.045461
v 0.707767 0.748000 -0.035541
v 0.707880 0.748000 -0.035962
v 0.707042 0.748000 -0.045461
v 0.707583 0.748000 -0.045662
v 0.597328 0.748000 -0.045662
v 0.597943 0.750200 -0.045869
v 0.597118 0.750200 -0.046056
v 0.707918 0.748000 -0.036396
v 0.707767 0.748000 -0.045267
v 0.707918 0.748000 -0.044412
v 0.707880 0.748000 -0.044846
v 0.650955 0.748000 -0.055030
v 0.653955 0.748000 -0.055030
v 0.650567 0.750200 -0.054754
v 0.649147 0.750200 -0.055548
v 0.647067 0.750200 -0.059800
v 0.647313 0.750200 -0.058191
v 0.645418 0.748000 -0.064639
v 0.645500 0.748550 -0.064703
v 0.645841 0.749238 -0.064582
v 0.645159 0.748138 -0.064776
v 0.647455 0.748000 -0.064800
v 0.657843 0.750200 -0.059800
v 0.657843 0.750200 -0.064412
v 0.655764 0.750200 -0.055548
v 0.656883 0.750200 -0.056729
v 0.654343 0.750200 -0.054754
v 0.658530 0.750200 -0.063883
v 0.658606 0.750200 -0.064156
v 0.659069 0.749238 -0.064582
v 0.659411 0.748550 -0.064703
v 0.659752 0.748138 -0.064776
v 0.657455 0.748000 -0.064800
v 0.657455 0.743000 -0.064800
v 0.708262 0.750200 -0.035894
v 0.597144 0.748000 -0.045267
v 0.596837 0.750200 -0.045546
v 0.708074 0.750200 -0.045546
v 0.708247 0.750200 -0.044991
v 0.596605 0.750200 -0.044412
v 0.596664 0.750200 -0.044991
v 0.708306 0.750200 -0.036396
v 0.708306 0.750200 -0.044412
v 0.649545 0.748000 -0.055734
v 0.648028 0.750200 -0.056729
v 0.648424 0.748000 -0.056842
v 0.649545 0.743000 -0.055734
v 0.647704 0.748000 -0.058244
v 0.648424 0.743000 -0.056842
v 0.647455 0.748000 -0.059800
v 0.647704 0.743000 -0.058244
v 0.647067 0.750200 -0.064412
v 0.656487 0.748000 -0.056842
v 0.657207 0.748000 -0.058244
v 0.657207 0.743000 -0.058244
v 0.657455 0.743000 -0.059800
v 0.655366 0.748000 -0.055734
v 0.657598 0.750200 -0.058191
v 0.657455 0.748000 -0.059800
v 0.658728 0.750200 -0.064412
v 0.597031 0.748000 -0.044846
v 0.626755 0.750200 -0.084113
v 0.622593 0.750200 -0.084105
v 0.624679 0.750200 -0.081003
v 0.622616 0.750200 -0.078896
v 0.631281 0.743000 -0.089600
v 0.647455 0.743000 -0.059800
v 0.647455 0.743000 -0.064800
v 0.623429 0.743000 -0.074710
v 0.622335 0.748000 -0.077745
v 0.622568 0.748000 -0.078214
v 0.622332 0.748719 -0.078055
v 0.622446 0.749364 -0.078464
v 0.624679 0.743000 -0.079375
v 0.635080 0.743000 -0.083019
v 0.625929 0.743000 -0.079040
v 0.626844 0.743000 -0.078125
v 0.673630 0.743000 -0.089600
v 0.680232 0.743000 -0.079375
v 0.681482 0.743000 -0.079040
v 0.682397 0.743000 -0.078125
v 0.682576 0.748000 -0.077745
v 0.682659 0.748264 -0.077647
v 0.646182 0.750200 -0.064412
v 0.646305 0.750200 -0.064156
v 0.669830 0.743000 -0.083019
v 0.678067 0.743000 -0.078125
v 0.678982 0.743000 -0.079040
v 0.626465 0.748000 -0.078624
v 0.626779 0.748000 -0.078231
v 0.626755 0.750200 -0.078882
v 0.627012 0.748741 -0.078090
v 0.677768 0.748000 -0.077298
v 0.677903 0.748000 -0.077783
v 0.677899 0.748741 -0.078090
v 0.678132 0.748000 -0.078231
v 0.678156 0.750200 -0.078882
v 0.678446 0.748000 -0.078624
v 0.678160 0.750200 -0.078887
v 0.678164 0.750200 -0.078891
v 0.679576 0.748000 -0.079288
v 0.627143 0.748000 -0.084113
v 0.678156 0.750200 -0.084113
v 0.622205 0.748000 -0.077238
v 0.622593 0.750200 -0.078873
v 0.682705 0.748000 -0.084105
v 0.682317 0.750200 -0.084105
v 0.682465 0.749364 -0.078464
v 0.682317 0.750200 -0.078873
v 0.622252 0.748264 -0.077647
v 0.623429 0.743000 -0.079040
v 0.622893 0.748000 -0.078624
v 0.624023 0.748000 -0.079288
v 0.627008 0.748000 -0.077783
v 0.682579 0.748719 -0.078055
v 0.682018 0.748000 -0.078624
v 0.682343 0.748000 -0.078214
v 0.682310 0.750200 -0.078880
v 0.682303 0.750200 -0.078888
v 0.626751 0.750200 -0.078887
v 0.626746 0.750200 -0.078891
v 0.626742 0.750200 -0.078896
v 0.678169 0.750200 -0.078896
v 0.624679 0.748000 -0.080448
v 0.625334 0.748000 -0.079288
v 0.680232 0.748000 -0.080448
v 0.680887 0.748000 -0.079288
v 0.680232 0.750200 -0.081003
v 0.682295 0.750200 -0.078896
v 0.622601 0.750200 -0.078880
v 0.622608 0.750200 -0.078888
v 0.731975 0.750100 -0.013014
v 0.731975 0.749980 -0.013170
v 0.731975 0.750174 -0.012833
v 0.731975 0.750200 -0.013100
v 0.748675 0.750200 -0.029900
v 0.731975 0.750200 -0.012639
v 0.748675 0.750200 -0.007500
v 0.731975 0.750200 -0.007600
v 0.749077 0.750200 -0.006000
v 0.731975 0.750200 -0.000000
v 0.731975 0.750200 -0.024761
v 0.731975 0.750174 -0.024567
v 0.731975 0.750100 -0.024386
v 0.731975 0.749980 -0.024230
v 0.731975 0.747130 -0.021380
v 0.731975 0.746794 -0.021186
v 0.731975 0.746406 -0.021186
v 0.731975 0.746070 -0.021380
v 0.731975 0.743220 -0.024230
v 0.731975 0.743100 -0.024386
v 0.731975 0.743026 -0.024567
v 0.731975 0.743000 -0.024761
v 0.731975 0.743000 -0.012639
v 0.731975 0.743026 -0.012833
v 0.731975 0.743100 -0.013014
v 0.731975 0.743220 -0.013170
v 0.731975 0.746070 -0.016020
v 0.731975 0.746406 -0.016214
v 0.731975 0.746794 -0.016214
v 0.731975 0.747130 -0.016020
v 0.731975 0.750200 0.000000
v 0.731975 0.743000 0.000000
v 0.731975 0.750100 -0.007225
v 0.731975 0.749825 -0.006950
v 0.731975 0.749450 -0.006850
v 0.731975 0.743750 -0.006850
v 0.731975 0.743375 -0.006950
v 0.731975 0.743100 -0.007225
v 0.731975 0.743000 -0.007600
v 0.721975 0.743000 -0.007600
v 0.721975 0.743000 -0.012639
v 0.726267 0.746848 -0.006850
v 0.726267 0.746352 -0.006850
v 0.727059 0.747345 -0.006850
v 0.727505 0.747130 -0.006850
v 0.721975 0.743000 -0.029800
v 0.731975 0.750200 -0.029800
v 0.731975 0.750100 -0.030175
v 0.731975 0.749825 -0.030450
v 0.726267 0.746352 -0.030550
v 0.726267 0.746848 -0.030550
v 0.731975 0.743750 -0.030550
v 0.727059 0.745855 -0.030550
v 0.727505 0.746070 -0.030550
v 0.731975 0.743375 -0.030450
v 0.731975 0.743100 -0.030175
v 0.731975 0.743000 -0.029800
v 0.731975 0.749450 -0.030550
v 0.731975 0.750200 -0.030700
v 0.749077 0.750200 -0.031400
v 0.805000 0.743000 -0.037400
v 0.805000 0.750200 -0.037400
v 0.751787 1.120900 -0.006000
v 0.751788 1.120900 -0.006000
v 0.751788 1.120901 -0.006000
v 0.751802 1.120998 -0.006000
v 0.751788 1.120902 -0.006000
v 0.751788 1.120905 -0.006000
v 0.751788 1.120907 -0.006000
v 0.751788 1.120998 -0.006000
v 0.752494 1.125526 -0.006000
v 0.751787 1.150900 -0.006000
v 0.753276 1.126508 -0.006000
v 0.754499 1.126786 -0.006000
v 0.751788 1.120900 -0.006000
v 0.751788 1.120900 -0.006000
v 0.751788 1.116000 -0.006000
v 0.751787 1.120900 -0.006000
v 0.785415 1.120998 -0.006000
v 0.785411 1.120998 -0.006000
v 0.785411 1.120998 -0.006000
v 0.785397 1.120998 -0.006000
v 0.784755 1.120900 -0.006000
v 0.785391 1.120998 -0.006000
v 0.785351 1.120998 -0.006000
v 0.784706 1.124272 -0.006000
v 0.783924 1.123290 -0.006000
v 0.785413 1.120998 -0.006000
v 0.785414 1.120998 -0.006001
v 0.785411 1.150900 -0.006000
v 0.785414 1.120998 -0.006001
v 0.786165 0.966000 -0.031200
v 0.785415 0.966000 -0.031400
v 0.786165 0.995998 -0.031200
v 0.785415 0.995998 -0.031400
v 0.785603 1.026000 -0.031350
v 0.785415 1.026000 -0.031400
v 0.785415 1.055998 -0.031400
v 0.777008 1.026000 -0.031400
v 0.768601 1.055998 -0.031400
v 0.760194 1.026000 -0.031400
v 0.751788 1.055998 -0.031400
v 0.751788 1.026000 -0.031400
v 0.751601 1.026000 -0.031350
v 0.751788 0.995998 -0.031400
v 0.751226 1.026000 -0.031250
v 0.751038 0.995998 -0.031200
v 0.751038 1.026000 -0.031200
v 0.785514 0.966000 -0.031343
v 0.786050 0.966000 -0.031199
v 0.785300 0.966000 -0.031400
v 0.785300 0.966000 -0.031400
v 0.785343 0.966000 -0.031388
v 0.785300 0.966079 -0.031400
v 0.785284 0.966000 -0.031400
v 0.785300 0.966100 -0.031400
v 0.785286 0.966100 -0.031400
v 0.783925 0.968390 -0.031400
v 0.782700 0.968112 -0.031400
v 0.783925 0.968390 -0.029300
v 0.782700 0.968112 -0.029300
v 0.784706 0.969370 -0.031400
v 0.784706 0.969370 -0.029300
v 0.784706 0.970626 -0.031400
v 0.783925 0.971608 -0.031400
v 0.782700 0.971886 -0.031400
v 0.784706 0.970626 -0.029300
v 0.783925 0.971608 -0.029300
v 0.786713 0.995998 -0.030652
v 0.786300 1.026000 -0.031064
v 0.786577 1.026000 -0.030788
v 0.786436 1.055998 -0.030924
v 0.786713 1.055998 -0.030652
v 0.786577 1.086000 -0.030788
v 0.786713 1.086000 -0.030652
v 0.786713 1.116000 -0.030652
v 0.786713 0.966000 -0.030652
v 0.786050 0.966000 -0.031199
v 0.786440 0.966000 -0.030809
v 0.786165 1.026000 -0.031200
v 0.785976 1.026000 -0.031250
v 0.785788 1.055998 -0.031300
v 0.785603 1.086000 -0.031350
v 0.785415 1.086000 -0.031400
v 0.785415 1.116000 -0.031400
v 0.777008 1.086000 -0.031400
v 0.751788 1.116000 -0.031400
v 0.760194 1.086000 -0.031400
v 0.751788 1.086000 -0.031400
v 0.751601 1.086000 -0.031350
v 0.751413 1.055998 -0.031300
v 0.751226 1.086000 -0.031250
v 0.751038 1.055998 -0.031200
v 0.751038 1.086000 -0.031200
v 0.786165 1.055998 -0.031200
v 0.786300 1.086000 -0.031064
v 0.786165 1.116000 -0.031200
v 0.786713 1.120998 -0.030652
v 0.781570 0.968654 -0.031400
v 0.785270 0.966100 -0.031400
v 0.781570 0.968654 -0.029300
v 0.782794 0.968930 -0.029300
v 0.782155 0.969240 -0.029300
v 0.781393 0.969998 -0.029300
v 0.783486 0.969088 -0.029300
v 0.780227 0.969998 -0.031400
v 0.755633 0.968654 -0.031400
v 0.752911 0.966100 -0.031400
v 0.751933 0.966100 -0.031400
v 0.751788 0.966000 -0.031400
v 0.751917 0.966100 -0.031400
v 0.751851 0.966100 -0.031400
v 0.753277 0.968390 -0.031400
v 0.752496 0.969370 -0.031400
v 0.780227 0.969998 -0.029300
v 0.754501 0.968112 -0.029300
v 0.754501 0.968112 -0.031400
v 0.755633 0.968654 -0.029300
v 0.752496 0.969370 -0.029300
v 0.753277 0.968390 -0.029300
v 0.754408 0.968930 -0.029300
v 0.753716 0.969088 -0.029300
v 0.756975 0.969998 -0.031400
v 0.781570 0.971342 -0.031400
v 0.756975 0.969998 -0.029300
v 0.755808 0.969998 -0.029300
v 0.755049 0.969240 -0.029300
v 0.752496 0.970626 -0.031400
v 0.751804 0.966100 -0.031400
v 0.751809 0.966100 -0.031400
v 0.752496 0.970626 -0.029300
v 0.753275 0.970354 -0.029300
v 0.753716 0.970908 -0.029300
v 0.753275 0.969644 -0.029300
v 0.781570 0.971342 -0.029300
v 0.782700 0.971886 -0.029300
v 0.782155 0.970758 -0.029300
v 0.755633 0.971342 -0.031400
v 0.755633 0.971342 -0.029300
v 0.754501 0.971886 -0.029300
v 0.783929 0.970354 -0.029300
v 0.783929 0.969644 -0.029300
v 0.753277 0.971608 -0.031400
v 0.751788 0.966100 -0.031400
v 0.751741 0.966100 -0.031387
v 0.753277 0.971608 -0.029300
v 0.754408 0.971068 -0.029300
v 0.782794 0.971068 -0.029300
v 0.783486 0.970908 -0.029300
v 0.754501 0.971886 -0.031400
v 0.755049 0.970758 -0.029300
v 0.785411 1.120998 -0.031400
v 0.785415 1.120998 -0.031400
v 0.785411 1.120998 -0.031400
v 0.785411 1.120900 -0.031400
v 0.784755 1.120900 -0.031400
v 0.785413 1.120998 -0.031400
v 0.786165 1.120998 -0.031200
v 0.785417 1.120998 -0.031398
v 0.785416 1.120998 -0.031399
v 0.785976 1.086000 -0.031250
v 0.786165 1.086000 -0.031200
v 0.786705 1.120998 -0.030656
v 0.786163 1.120998 -0.031196
v 0.786713 1.026000 -0.030652
v 0.786762 1.026000 -0.030464
v 0.786812 1.055998 -0.030276
v 0.786762 1.086000 -0.030464
v 0.786862 1.086000 -0.030090
v 0.786913 1.116000 -0.029902
v 0.786913 1.120998 -0.029902
v 0.786913 0.995998 -0.029902
v 0.786862 1.026000 -0.030090
v 0.786913 1.055998 -0.029902
v 0.786913 1.086000 -0.029902
v 0.786913 1.087250 -0.028988
v 0.786913 1.089750 -0.027164
v 0.786913 1.058500 -0.028076
v 0.786913 1.089750 -0.021562
v 0.786913 1.058500 -0.016876
v 0.786913 1.089750 -0.014014
v 0.786913 1.058500 -0.009326
v 0.786913 1.089750 -0.010238
v 0.786913 1.087250 -0.008414
v 0.786913 1.116000 -0.007502
v 0.786913 1.086000 -0.007502
v 0.786862 1.086000 -0.007312
v 0.786913 1.055998 -0.007502
v 0.786812 1.055998 -0.007126
v 0.786862 1.026000 -0.007312
v 0.786762 1.026000 -0.006938
v 0.786713 0.995998 -0.006750
v 0.786713 1.026000 -0.006750
v 0.786913 0.966000 -0.029902
v 0.786758 0.966000 -0.030056
v 0.786800 0.966000 -0.029900
v 0.750902 1.026000 -0.031064
v 0.750627 1.026000 -0.030788
v 0.750763 1.055998 -0.030924
v 0.750490 1.055998 -0.030652
v 0.750627 1.086000 -0.030788
v 0.750490 1.086000 -0.030652
v 0.750490 1.116000 -0.030652
v 0.751038 0.966100 -0.031200
v 0.751041 0.966100 -0.031201
v 0.751578 0.966100 -0.031344
v 0.751634 0.966100 -0.031359
v 0.750642 0.966100 -0.030804
v 0.750490 0.966100 -0.030652
v 0.750490 0.995998 -0.030652
v 0.750492 0.966100 -0.030654
v 0.750330 0.966100 -0.030055
v 0.750490 1.026000 -0.030652
v 0.750439 1.026000 -0.030464
v 0.750341 1.026000 -0.030090
v 0.750389 1.055998 -0.030276
v 0.750288 1.027248 -0.029902
v 0.750288 1.058500 -0.029902
v 0.750288 1.027248 -0.028988
v 0.750288 1.058500 -0.028076
v 0.750288 1.027248 -0.023388
v 0.750288 1.058500 -0.016876
v 0.750288 1.027248 -0.012188
v 0.750288 1.058500 -0.009326
v 0.750288 1.027248 -0.008414
v 0.750288 1.055998 -0.007502
v 0.750288 1.026000 -0.007502
v 0.750341 1.026000 -0.007312
v 0.750288 0.995998 -0.007502
v 0.750439 1.026000 -0.006938
v 0.750490 0.995998 -0.006750
v 0.750490 1.026000 -0.006750
v 0.750902 1.086000 -0.031064
v 0.751038 1.116000 -0.031200
v 0.751038 1.120998 -0.031200
v 0.751687 1.120900 -0.031373
v 0.751787 1.120900 -0.031400
v 0.786712 1.120998 -0.030648
v 0.786712 1.120998 -0.030650
v 0.750439 1.086000 -0.030464
v 0.750490 1.120900 -0.030652
v 0.750490 1.120900 -0.030652
v 0.750292 1.120900 -0.029917
v 0.750763 1.120900 -0.030924
v 0.750763 1.120998 -0.030924
v 0.751037 1.120998 -0.031198
v 0.751687 1.120998 -0.031373
v 0.751787 1.120900 -0.031400
v 0.786913 0.966000 -0.027152
v 0.786913 0.974748 -0.027152
v 0.786913 0.995998 -0.007502
v 0.786913 1.027248 -0.023388
v 0.786913 1.027248 -0.012188
v 0.786800 0.966000 -0.029867
v 0.786800 0.966000 -0.027152
v 0.786913 1.120998 -0.026252
v 0.786911 1.120998 -0.027148
v 0.786911 1.120998 -0.029869
v 0.786913 0.974748 -0.010250
v 0.786695 0.974218 -0.026622
v 0.786695 0.974218 -0.010780
v 0.786856 0.966056 -0.026864
v 0.786695 0.966218 -0.026622
v 0.786800 0.966056 -0.026866
v 0.779814 1.120998 -0.026252
v 0.784765 1.120998 -0.026800
v 0.786813 1.120998 -0.026800
v 0.782905 1.124180 -0.026252
v 0.782458 1.124394 -0.026252
v 0.786913 1.128100 -0.026252
v 0.783696 1.124676 -0.026252
v 0.783388 1.124290 -0.026252
v 0.786913 1.128748 -0.025876
v 0.786913 1.128474 -0.026150
v 0.782794 0.968930 -0.026402
v 0.782155 0.969240 -0.026402
v 0.783486 0.969088 -0.026402
v 0.754408 0.968930 -0.026402
v 0.753716 0.969088 -0.026402
v 0.755049 0.969240 -0.026402
v 0.783929 0.969644 -0.026402
v 0.753275 0.969644 -0.026402
v 0.781393 0.969998 -0.026402
v 0.782155 0.970758 -0.026402
v 0.782794 0.971068 -0.026402
v 0.755808 0.969998 -0.026402
v 0.755049 0.970758 -0.026402
v 0.754408 0.971068 -0.026402
v 0.786165 0.966748 -0.026402
v 0.778915 0.966748 -0.026402
v 0.778857 0.966462 -0.026458
v 0.778915 0.973998 -0.026402
v 0.751038 0.966748 -0.026402
v 0.753275 0.970354 -0.026402
v 0.758289 0.966748 -0.026402
v 0.758346 0.966462 -0.026458
v 0.750508 0.966218 -0.026622
v 0.758509 0.966218 -0.026622
v 0.783929 0.970354 -0.026402
v 0.783486 0.970908 -0.026402
v 0.753716 0.970908 -0.026402
v 0.751038 0.973998 -0.026402
v 0.758289 0.973998 -0.026402
v 0.786165 0.973998 -0.026402
v 0.786451 0.974056 -0.026458
v 0.786800 0.966100 -0.026798
v 0.784640 0.966100 -0.026798
v 0.786451 0.974056 -0.010944
v 0.786856 0.966056 -0.010538
v 0.786913 0.966000 -0.010250
v 0.750508 0.974218 -0.026622
v 0.750508 0.974218 -0.010780
v 0.750288 0.974748 -0.027152
v 0.750288 0.974748 -0.010250
v 0.750753 0.974056 -0.010944
v 0.750753 0.974056 -0.026458
v 0.750508 0.966218 -0.010780
v 0.751038 0.966748 -0.011000
v 0.750390 0.966100 -0.010604
v 0.750346 0.966100 -0.010537
v 0.750347 0.966100 -0.010539
v 0.750288 0.995998 -0.029902
v 0.750346 0.966100 -0.026865
v 0.750288 0.966100 -0.027152
v 0.750390 0.966100 -0.026798
v 0.750347 0.966100 -0.026863
v 0.778695 0.966218 -0.026622
v 0.780896 0.966100 -0.026865
v 0.778915 0.966748 -0.011000
v 0.778915 0.973998 -0.011000
v 0.778857 0.966462 -0.010944
v 0.778695 0.966218 -0.010780
v 0.778408 0.966100 -0.025500
v 0.778408 0.966100 -0.019642
v 0.778408 0.966100 -0.026909
v 0.778408 0.966100 -0.026324
v 0.778408 0.966100 -0.026150
v 0.780154 0.966100 -0.026878
v 0.786165 0.973998 -0.011000
v 0.786165 0.966748 -0.011000
v 0.782794 0.968930 -0.011000
v 0.783486 0.969088 -0.011000
v 0.786695 0.966218 -0.010780
v 0.784640 0.966100 -0.010604
v 0.786800 0.966100 -0.010604
v 0.778408 0.966100 -0.010493
v 0.780152 0.966100 -0.010524
v 0.780376 0.966100 -0.010528
v 0.778408 0.966100 -0.011250
v 0.752563 0.966100 -0.026798
v 0.758795 0.966100 -0.026909
v 0.756826 0.966100 -0.026874
v 0.756601 0.966100 -0.026870
v 0.758795 0.966100 -0.026150
v 0.758509 0.966218 -0.010780
v 0.758795 0.966100 -0.019642
v 0.758795 0.966100 -0.024999
v 0.758346 0.966462 -0.010944
v 0.758289 0.966748 -0.011000
v 0.758289 0.973998 -0.011000
v 0.758795 0.966100 -0.010493
v 0.758795 0.966100 -0.011033
v 0.758795 0.966100 -0.011250
v 0.756828 0.966100 -0.010528
v 0.752563 0.966100 -0.010604
v 0.756091 0.966100 -0.010541
v 0.754408 0.968930 -0.011000
v 0.755049 0.969240 -0.011000
v 0.751038 0.973998 -0.011000
v 0.783929 0.970354 -0.011000
v 0.783486 0.970908 -0.011000
v 0.753275 0.970354 -0.011000
v 0.753275 0.969644 -0.011000
v 0.781393 0.969998 -0.011000
v 0.782155 0.970758 -0.011000
v 0.782794 0.971068 -0.011000
v 0.754408 0.971068 -0.011000
v 0.755049 0.970758 -0.011000
v 0.755808 0.969998 -0.011000
v 0.779438 1.120998 -0.026150
v 0.780269 1.120998 -0.026880
v 0.780493 1.120998 -0.026876
v 0.779814 1.128100 -0.026252
v 0.779438 1.128100 -0.026150
v 0.779428 1.128204 -0.026136
v 0.782905 1.124180 -0.021250
v 0.782458 1.124394 -0.021250
v 0.783388 1.124290 -0.021250
v 0.783696 1.124676 -0.021250
v 0.783696 1.125172 -0.026252
v 0.783696 1.125172 -0.021250
v 0.783388 1.125558 -0.026252
v 0.782905 1.125668 -0.026252
v 0.782458 1.125454 -0.026252
v 0.779814 1.128474 -0.026150
v 0.779814 1.128748 -0.025876
v 0.786913 1.128850 -0.025502
v 0.779814 1.128850 -0.025502
v 0.786913 1.128850 -0.011902
v 0.779814 1.128850 -0.011902
v 0.786913 1.128748 -0.011526
v 0.779814 1.128748 -0.011526
v 0.786913 1.120998 -0.011150
v 0.786913 1.128100 -0.011150
v 0.786913 1.128474 -0.011252
v 0.783696 1.124676 -0.011150
v 0.783696 1.125172 -0.011150
v 0.779814 1.120998 -0.011150
v 0.782905 1.124180 -0.011150
v 0.783388 1.124290 -0.011150
v 0.784765 1.120998 -0.010598
v 0.781018 1.120998 -0.010532
v 0.786913 1.120998 -0.007502
v 0.786911 1.120998 -0.010248
v 0.786856 1.120998 -0.010535
v 0.786713 1.116000 -0.006750
v 0.786762 1.086000 -0.006938
v 0.786713 1.086000 -0.006750
v 0.786713 1.055998 -0.006750
v 0.781928 1.124924 -0.026252
v 0.781928 1.124924 -0.021250
v 0.782458 1.125454 -0.021250
v 0.782905 1.125668 -0.021250
v 0.779164 1.120998 -0.025876
v 0.778398 1.120998 -0.026137
v 0.778398 1.120998 -0.026150
v 0.779164 1.128100 -0.025876
v 0.779222 1.128382 -0.025868
v 0.757762 1.120998 -0.026150
v 0.757388 1.120998 -0.026252
v 0.757762 1.128100 -0.026150
v 0.757388 1.128100 -0.026252
v 0.757755 1.128382 -0.026092
v 0.757388 1.128474 -0.026150
v 0.756932 1.120998 -0.026880
v 0.758799 1.120998 -0.026913
v 0.750288 1.120998 -0.026252
v 0.752434 1.120998 -0.026800
v 0.756193 1.120998 -0.026867
v 0.754296 1.124180 -0.026252
v 0.753815 1.124290 -0.026252
v 0.750288 1.120998 -0.027143
v 0.750343 1.120998 -0.026863
v 0.750344 1.120998 -0.026861
v 0.750288 1.120901 -0.027143
v 0.750287 1.120900 -0.027148
v 0.750288 1.128100 -0.026252
v 0.750288 1.128748 -0.025876
v 0.750288 1.128850 -0.025502
v 0.753505 1.124676 -0.026252
v 0.753505 1.125172 -0.026252
v 0.754296 1.124180 -0.021250
v 0.753815 1.124290 -0.021250
v 0.754744 1.124394 -0.021250
v 0.754744 1.124394 -0.026252
v 0.755274 1.124924 -0.026252
v 0.754744 1.125454 -0.026252
v 0.754296 1.125668 -0.026252
v 0.755274 1.124924 -0.021250
v 0.754744 1.125454 -0.021250
v 0.754296 1.125668 -0.021250
v 0.758039 1.128100 -0.025876
v 0.758022 1.128204 -0.025886
v 0.758039 1.120998 -0.025876
v 0.758799 1.120998 -0.026150
v 0.758799 1.120998 -0.025886
v 0.753505 1.124676 -0.021250
v 0.753505 1.125172 -0.021250
v 0.750288 1.128474 -0.026150
v 0.757388 1.128850 -0.025502
v 0.757388 1.128850 -0.011902
v 0.757762 1.128748 -0.011902
v 0.757774 1.128734 -0.011796
v 0.757388 1.128748 -0.025876
v 0.750288 1.128850 -0.011902
v 0.750288 1.120998 -0.011150
v 0.750288 1.089750 -0.021562
v 0.750288 1.089750 -0.027164
v 0.750288 1.089750 -0.028988
v 0.750288 1.089750 -0.029902
v 0.750389 1.087250 -0.030276
v 0.757388 1.128748 -0.011526
v 0.757492 1.128734 -0.011516
v 0.750288 1.120998 -0.010253
v 0.750288 1.120901 -0.010253
v 0.750288 1.116000 -0.007502
v 0.750288 1.120900 -0.010248
v 0.750288 1.120900 -0.007502
v 0.750343 1.120998 -0.010535
v 0.757388 1.120998 -0.011150
v 0.752434 1.120998 -0.010598
v 0.750386 1.120998 -0.010598
v 0.754296 1.124180 -0.011150
v 0.754744 1.124394 -0.011150
v 0.750288 1.128100 -0.011150
v 0.753505 1.124676 -0.011150
v 0.753815 1.124290 -0.011150
v 0.750288 1.128748 -0.011526
v 0.750288 1.128474 -0.011252
v 0.753815 1.125558 -0.021250
v 0.783388 1.125558 -0.021250
v 0.753815 1.125558 -0.026252
v 0.779064 1.120998 -0.025502
v 0.778398 1.120998 -0.025876
v 0.779064 1.128100 -0.025502
v 0.779164 1.128474 -0.025502
v 0.758138 1.128100 -0.025502
v 0.758022 1.128484 -0.025606
v 0.758039 1.128474 -0.025502
v 0.758138 1.120998 -0.025502
v 0.758799 1.120998 -0.025862
v 0.758799 1.120998 -0.025502
v 0.779709 1.128484 -0.026136
v 0.779532 1.128690 -0.025868
v 0.757755 1.128690 -0.025784
v 0.779438 1.128748 -0.025502
v 0.779438 1.128748 -0.011902
v 0.779428 1.128734 -0.011796
v 0.779164 1.128474 -0.011902
v 0.757762 1.128748 -0.025502
v 0.779064 1.120998 -0.011902
v 0.778398 1.120998 -0.017541
v 0.778398 1.120998 -0.025502
v 0.779064 1.128100 -0.011902
v 0.758138 1.120998 -0.011902
v 0.758138 1.128100 -0.011902
v 0.758039 1.128474 -0.011902
v 0.758799 1.120998 -0.017541
v 0.758799 1.120998 -0.011902
v 0.779164 1.120998 -0.011526
v 0.778398 1.120998 -0.011526
v 0.778398 1.120998 -0.011890
v 0.779164 1.128100 -0.011526
v 0.779222 1.128466 -0.011618
v 0.758039 1.120998 -0.011526
v 0.758039 1.128100 -0.011526
v 0.757981 1.128466 -0.011618
v 0.758799 1.120998 -0.011540
v 0.758799 1.120998 -0.011526
v 0.781928 1.124924 -0.016152
v 0.782458 1.124394 -0.016152
v 0.782458 1.125454 -0.016152
v 0.783696 1.125172 -0.016152
v 0.783388 1.125558 -0.016152
v 0.781928 1.124924 -0.011150
v 0.782905 1.124180 -0.016152
v 0.782458 1.124394 -0.011150
v 0.783388 1.124290 -0.016152
v 0.783696 1.124676 -0.016152
v 0.779814 1.128100 -0.011150
v 0.782458 1.125454 -0.011150
v 0.782905 1.125668 -0.011150
v 0.753815 1.124290 -0.016152
v 0.754296 1.124180 -0.016152
v 0.754744 1.124394 -0.016152
v 0.755274 1.124924 -0.016152
v 0.754744 1.125454 -0.016152
v 0.753505 1.124676 -0.016152
v 0.755274 1.124924 -0.011150
v 0.753505 1.125172 -0.016152
v 0.753505 1.125172 -0.011150
v 0.753815 1.125558 -0.011150
v 0.754296 1.125668 -0.011150
v 0.783388 1.125558 -0.011150
v 0.782905 1.125668 -0.016152
v 0.753815 1.125558 -0.016152
v 0.754296 1.125668 -0.016152
v 0.754744 1.125454 -0.011150
v 0.757388 1.128100 -0.011150
v 0.757762 1.120998 -0.011252
v 0.779438 1.120998 -0.011252
v 0.778398 1.120998 -0.011265
v 0.779438 1.128100 -0.011252
v 0.779532 1.128466 -0.011310
v 0.757671 1.128466 -0.011310
v 0.757762 1.128100 -0.011252
v 0.758799 1.120998 -0.011252
v 0.758799 1.120998 -0.011055
v 0.779709 1.128734 -0.011516
v 0.779814 1.128474 -0.011252
v 0.757388 1.128474 -0.011252
v 0.780273 1.120998 -0.010518
v 0.778398 1.120998 -0.010485
v 0.756928 1.120998 -0.010518
v 0.756706 1.120998 -0.010522
v 0.786713 1.120998 -0.006750
v 0.786911 1.120998 -0.007498
v 0.786911 1.120998 -0.007500
v 0.782155 0.969240 -0.011000
v 0.781393 0.969998 -0.008102
v 0.782794 0.968930 -0.008102
v 0.782155 0.969240 -0.008102
v 0.783486 0.969088 -0.008102
v 0.782155 0.970758 -0.008102
v 0.782794 0.971068 -0.008102
v 0.753716 0.969088 -0.011000
v 0.754408 0.968930 -0.008102
v 0.753716 0.969088 -0.008102
v 0.755049 0.969240 -0.008102
v 0.755808 0.969998 -0.008102
v 0.755049 0.970758 -0.008102
v 0.754408 0.971068 -0.008102
v 0.783929 0.969644 -0.011000
v 0.783929 0.969644 -0.008102
v 0.783925 0.968390 -0.008102
v 0.782700 0.968112 -0.008102
v 0.784706 0.969370 -0.008102
v 0.781570 0.968654 -0.008102
v 0.780227 0.969998 -0.008102
v 0.781570 0.971342 -0.008102
v 0.753275 0.969644 -0.008102
v 0.753277 0.968390 -0.008102
v 0.752496 0.969370 -0.008102
v 0.755633 0.968654 -0.008102
v 0.754501 0.968112 -0.008102
v 0.783929 0.970354 -0.008102
v 0.753275 0.970354 -0.008102
v 0.752496 0.970626 -0.008102
v 0.782700 0.971886 -0.008102
v 0.783925 0.971608 -0.008102
v 0.783486 0.970908 -0.008102
v 0.753716 0.970908 -0.011000
v 0.753716 0.970908 -0.008102
v 0.753277 0.971608 -0.008102
v 0.755633 0.971342 -0.008102
v 0.756975 0.969998 -0.008102
v 0.784706 0.970626 -0.008102
v 0.754501 0.971886 -0.008102
v 0.786800 0.966057 -0.010540
v 0.786800 0.966000 -0.010250
v 0.786800 0.966000 -0.007537
v 0.786913 0.966000 -0.007502
v 0.786800 0.966000 -0.007500
v 0.786713 0.966000 -0.006750
v 0.786913 1.026000 -0.007502
v 0.786913 1.027248 -0.008414
v 0.786759 0.966000 -0.007348
v 0.786599 0.966000 -0.006750
v 0.782700 0.968112 -0.006000
v 0.781570 0.968654 -0.006000
v 0.783925 0.968390 -0.006000
v 0.784706 0.969370 -0.006000
v 0.785286 0.966100 -0.006000
v 0.785270 0.966100 -0.006000
v 0.785300 0.966010 -0.006000
v 0.785300 0.966000 -0.006000
v 0.785415 0.966000 -0.006000
v 0.785300 0.966100 -0.006000
v 0.785300 0.966089 -0.006000
v 0.785300 0.966079 -0.006000
v 0.780227 0.969998 -0.006000
v 0.784292 0.966100 -0.006000
v 0.751788 0.966000 -0.006000
v 0.785300 0.751700 -0.006000
v 0.751675 0.966100 -0.006000
v 0.751675 0.751700 -0.006000
v 0.750925 0.751700 -0.006201
v 0.751024 0.750950 -0.005929
v 0.750472 0.750950 -0.006297
v 0.754501 0.968112 -0.006000
v 0.753277 0.968390 -0.006000
v 0.755633 0.968654 -0.006000
v 0.752496 0.969370 -0.006000
v 0.751917 0.966100 -0.006000
v 0.751851 0.966100 -0.006000
v 0.751809 0.966100 -0.006000
v 0.751804 0.966100 -0.006000
v 0.752496 0.970626 -0.006000
v 0.751933 0.966100 -0.006000
v 0.756975 0.969998 -0.006000
v 0.784706 0.970626 -0.006000
v 0.781570 0.971342 -0.006000
v 0.782700 0.971886 -0.006000
v 0.755633 0.971342 -0.006000
v 0.751788 0.995998 -0.006000
v 0.754501 0.971886 -0.006000
v 0.753277 0.971608 -0.006000
v 0.783925 0.971608 -0.006000
v 0.785415 0.995998 -0.006000
v 0.786577 1.026000 -0.006614
v 0.786436 1.055998 -0.006476
v 0.786577 1.086000 -0.006614
v 0.786300 1.086000 -0.006338
v 0.786165 1.116000 -0.006202
v 0.786165 1.120998 -0.006202
v 0.786165 0.995998 -0.006202
v 0.786300 1.026000 -0.006338
v 0.786165 1.055998 -0.006202
v 0.786165 1.086000 -0.006202
v 0.786165 0.966000 -0.006202
v 0.786444 0.966000 -0.006595
v 0.786050 0.966000 -0.006201
v 0.786710 1.120998 -0.006748
v 0.786710 1.120998 -0.006749
v 0.786165 1.026000 -0.006202
v 0.785976 1.026000 -0.006152
v 0.785788 1.055998 -0.006102
v 0.785976 1.086000 -0.006152
v 0.785603 1.086000 -0.006052
v 0.785415 1.116000 -0.006000
v 0.786150 1.120900 -0.006198
v 0.785715 1.120900 -0.006081
v 0.786050 0.966000 -0.006201
v 0.785514 0.966000 -0.006057
v 0.750627 1.026000 -0.006614
v 0.750902 1.026000 -0.006338
v 0.750763 1.055998 -0.006476
v 0.751038 1.055998 -0.006202
v 0.750902 1.086000 -0.006338
v 0.751038 1.086000 -0.006202
v 0.751038 1.116000 -0.006202
v 0.750490 1.055998 -0.006750
v 0.750389 1.055998 -0.007126
v 0.750490 0.966100 -0.006750
v 0.750490 0.966100 -0.006753
v 0.750331 0.966100 -0.007344
v 0.750288 0.966100 -0.007502
v 0.750647 0.966100 -0.006594
v 0.751038 0.966100 -0.006202
v 0.751038 0.995998 -0.006202
v 0.751037 0.966100 -0.006204
v 0.751576 0.966100 -0.006057
v 0.751038 1.026000 -0.006202
v 0.751226 1.026000 -0.006152
v 0.751601 1.026000 -0.006052
v 0.751413 1.055998 -0.006102
v 0.751788 1.055998 -0.006000
v 0.751601 1.086000 -0.006052
v 0.751788 1.086000 -0.006000
v 0.760194 1.086000 -0.006000
v 0.777008 1.086000 -0.006000
v 0.785415 1.086000 -0.006000
v 0.785415 1.055998 -0.006000
v 0.750490 1.086000 -0.006750
v 0.750627 1.086000 -0.006614
v 0.750439 1.086000 -0.006938
v 0.750490 1.116000 -0.006750
v 0.750341 1.086000 -0.007312
v 0.750288 1.086000 -0.007502
v 0.750288 1.087250 -0.008414
v 0.750288 1.089750 -0.010238
v 0.750288 1.089750 -0.014014
v 0.750490 1.120900 -0.006750
v 0.750495 1.120900 -0.006746
v 0.750501 1.120900 -0.006739
v 0.750292 1.120900 -0.007487
v 0.786163 1.120900 -0.006202
v 0.786163 1.120989 -0.006202
v 0.751226 1.086000 -0.006152
v 0.751038 1.120900 -0.006202
v 0.751053 1.120900 -0.006198
v 0.751787 1.120900 -0.006001
v 0.786163 1.120998 -0.006202
v 0.785379 0.966000 -0.006021
v 0.785715 1.120998 -0.006081
v 0.785417 1.120998 -0.006001
v 0.786161 1.120900 -0.006200
v 0.785416 1.120998 -0.006001
v 0.786161 1.150900 -0.006200
v 0.786712 1.150900 -0.006750
v 0.786712 1.120998 -0.006750
v 0.751037 1.120900 -0.006200
v 0.751037 1.150900 -0.031198
v 0.750488 1.120900 -0.030650
v 0.750488 1.150900 -0.030650
v 0.758506 1.121120 -0.010780
v 0.756185 1.120998 -0.010532
v 0.758799 1.120998 -0.010485
v 0.786911 1.129648 -0.010248
v 0.786691 1.129118 -0.010780
v 0.786911 1.120998 -0.007531
v 0.786911 1.120998 -0.007503
v 0.786911 1.120998 -0.007501
v 0.786855 1.120998 -0.010537
v 0.786813 1.120998 -0.010598
v 0.786691 1.121120 -0.010780
v 0.778692 1.121120 -0.010780
v 0.780497 1.120998 -0.010522
v 0.778398 1.120998 -0.011902
v 0.778398 1.120998 -0.011252
v 0.778398 1.120998 -0.025514
v 0.778692 1.121120 -0.026620
v 0.778398 1.120998 -0.012335
v 0.778398 1.120998 -0.026913
v 0.781010 1.120998 -0.026867
v 0.786911 1.120998 -0.029900
v 0.786911 1.129648 -0.027148
v 0.786911 1.150900 -0.029900
v 0.786911 1.150900 -0.007500
v 0.786911 1.185300 -0.024298
v 0.786911 1.185300 -0.013098
v 0.786911 1.219700 -0.018700
v 0.786911 1.219700 -0.007500
v 0.786911 1.254100 -0.013098
v 0.786911 1.254100 -0.007500
v 0.786911 1.288500 -0.007500
v 0.786861 1.254100 -0.007312
v 0.786762 1.254100 -0.006936
v 0.786812 1.219700 -0.007124
v 0.786712 1.219700 -0.006750
v 0.786762 1.185300 -0.006936
v 0.786712 1.185300 -0.006750
v 0.786856 1.120998 -0.026863
v 0.786855 1.120998 -0.026861
v 0.786691 1.129118 -0.026620
v 0.786691 1.121120 -0.026620
v 0.786911 1.120998 -0.029901
v 0.786910 1.120998 -0.029904
v 0.786712 1.150900 -0.030650
v 0.786161 1.150900 -0.031198
v 0.786161 1.120998 -0.031198
v 0.785414 1.120998 -0.031399
v 0.786861 1.185300 -0.007312
v 0.786911 1.185300 -0.007500
v 0.758799 1.120998 -0.011516
v 0.758799 1.120998 -0.025072
v 0.758506 1.121120 -0.026620
v 0.758799 1.120998 -0.025876
v 0.758799 1.120998 -0.026347
v 0.785414 1.120998 -0.031399
v 0.785414 1.120998 -0.031399
v 0.785411 1.150900 -0.031400
v 0.756710 1.120998 -0.026876
v 0.750386 1.120998 -0.026800
v 0.750507 1.121120 -0.026620
v 0.750507 1.129118 -0.026620
v 0.750287 1.129648 -0.027148
v 0.750507 1.121120 -0.010780
v 0.750287 1.129648 -0.010248
v 0.750287 1.120900 -0.010248
v 0.750287 1.120900 -0.007500
v 0.750344 1.120998 -0.010537
v 0.750507 1.129118 -0.010780
v 0.751787 1.120900 -0.031400
v 0.751788 1.120900 -0.031400
v 0.751788 1.120900 -0.031400
v 0.751788 1.120901 -0.031400
v 0.751802 1.120998 -0.031400
v 0.751788 1.120902 -0.031400
v 0.751788 1.120905 -0.031400
v 0.751788 1.120907 -0.031400
v 0.751788 1.120998 -0.031400
v 0.752494 1.125526 -0.031400
v 0.751787 1.150900 -0.031400
v 0.753276 1.126508 -0.031400
v 0.754499 1.126786 -0.031400
v 0.750288 1.120900 -0.029902
v 0.750287 1.120900 -0.029900
v 0.750288 1.120900 -0.029901
v 0.750288 1.120900 -0.029900
v 0.750288 1.120900 -0.029899
v 0.750288 1.120900 -0.029893
v 0.750288 1.120900 -0.027148
v 0.750289 1.120900 -0.007500
v 0.750290 1.120900 -0.007498
v 0.750488 1.120900 -0.006750
v 0.751037 1.150900 -0.006200
v 0.750488 1.150900 -0.006750
v 0.750899 1.185300 -0.006338
v 0.750625 1.185300 -0.006612
v 0.750762 1.219700 -0.006474
v 0.750488 1.219700 -0.006750
v 0.750625 1.254100 -0.006612
v 0.750488 1.254100 -0.006750
v 0.750488 1.288500 -0.006750
v 0.751037 1.185300 -0.006200
v 0.751224 1.185300 -0.006150
v 0.751599 1.185300 -0.006050
v 0.751411 1.219700 -0.006100
v 0.751787 1.219700 -0.006000
v 0.751599 1.254100 -0.006050
v 0.751787 1.254100 -0.006000
v 0.751787 1.288500 -0.006000
v 0.760194 1.254100 -0.006000
v 0.785411 1.288500 -0.006000
v 0.777004 1.254100 -0.006000
v 0.785411 1.254100 -0.006000
v 0.785411 1.219700 -0.006000
v 0.785598 1.254100 -0.006050
v 0.785788 1.219700 -0.006100
v 0.785973 1.254100 -0.006150
v 0.786161 1.219700 -0.006200
v 0.786161 1.254100 -0.006200
v 0.751037 1.219700 -0.006200
v 0.750899 1.254100 -0.006338
v 0.751037 1.288500 -0.006200
v 0.753276 1.123290 -0.008100
v 0.753276 1.123290 -0.006000
v 0.754499 1.123010 -0.006000
v 0.752494 1.124272 -0.006000
v 0.752494 1.124272 -0.008100
v 0.751849 1.120998 -0.006000
v 0.751808 1.120998 -0.006000
v 0.751913 1.120998 -0.006000
v 0.755629 1.123556 -0.006000
v 0.751929 1.120998 -0.006000
v 0.754499 1.123010 -0.008100
v 0.755629 1.123556 -0.008100
v 0.754408 1.123832 -0.008100
v 0.755045 1.124138 -0.008100
v 0.755805 1.124898 -0.008100
v 0.753716 1.123988 -0.008100
v 0.756974 1.124898 -0.006000
v 0.781568 1.123556 -0.006000
v 0.784313 1.120998 -0.006000
v 0.785270 1.120998 -0.006000
v 0.785286 1.120998 -0.006000
v 0.756974 1.124898 -0.008100
v 0.782700 1.123010 -0.008100
v 0.782700 1.123010 -0.006000
v 0.781568 1.123556 -0.008100
v 0.784706 1.124272 -0.008100
v 0.783924 1.123290 -0.008100
v 0.782791 1.123832 -0.008100
v 0.783484 1.123988 -0.008100
v 0.780226 1.124898 -0.006000
v 0.755629 1.126242 -0.006000
v 0.780226 1.124898 -0.008100
v 0.781392 1.124898 -0.008100
v 0.782152 1.124138 -0.008100
v 0.752494 1.125526 -0.008100
v 0.784706 1.125526 -0.006000
v 0.784706 1.125526 -0.008100
v 0.783928 1.125254 -0.008100
v 0.783484 1.125808 -0.008100
v 0.783928 1.124544 -0.008100
v 0.755629 1.126242 -0.008100
v 0.754499 1.126786 -0.008100
v 0.755045 1.125658 -0.008100
v 0.781568 1.126242 -0.006000
v 0.781568 1.126242 -0.008100
v 0.782700 1.126786 -0.008100
v 0.753272 1.125254 -0.008100
v 0.753272 1.124544 -0.008100
v 0.753276 1.126508 -0.008100
v 0.783924 1.126508 -0.006000
v 0.783924 1.126508 -0.008100
v 0.782791 1.125966 -0.008100
v 0.754408 1.125966 -0.008100
v 0.753716 1.125808 -0.008100
v 0.782700 1.126786 -0.006000
v 0.782152 1.125658 -0.008100
v 0.750287 1.288500 -0.007500
v 0.750287 1.288500 -0.029900
v 0.786911 1.288500 -0.029900
v 0.757594 1.288500 -0.031152
v 0.770949 1.288500 -0.031152
v 0.786161 1.288500 -0.006200
v 0.786712 1.288500 -0.006750
v 0.750287 1.254100 -0.024298
v 0.750287 1.254100 -0.029900
v 0.750287 1.219700 -0.029900
v 0.750337 1.254100 -0.030086
v 0.750387 1.219700 -0.030274
v 0.750437 1.254100 -0.030460
v 0.750488 1.219700 -0.030650
v 0.750488 1.254100 -0.030650
v 0.750337 1.254100 -0.007312
v 0.750287 1.254100 -0.007500
v 0.750287 1.219700 -0.007500
v 0.750287 1.254100 -0.013098
v 0.750287 1.219700 -0.018700
v 0.751224 1.254100 -0.006150
v 0.751037 1.254100 -0.006200
v 0.750437 1.254100 -0.006936
v 0.750387 1.219700 -0.007124
v 0.750337 1.185300 -0.007312
v 0.750287 1.185300 -0.007500
v 0.750287 1.150900 -0.007500
v 0.750287 1.185300 -0.013098
v 0.750287 1.150900 -0.029900
v 0.750287 1.185300 -0.024298
v 0.750287 1.185300 -0.029900
v 0.750337 1.185300 -0.030086
v 0.750437 1.185300 -0.030460
v 0.750488 1.185300 -0.030650
v 0.786300 1.254100 -0.006338
v 0.786712 1.254100 -0.006750
v 0.786574 1.254100 -0.006612
v 0.786435 1.219700 -0.006474
v 0.786300 1.185300 -0.006338
v 0.786161 1.185300 -0.006200
v 0.750488 1.185300 -0.006750
v 0.750437 1.185300 -0.006936
v 0.785973 1.185300 -0.006150
v 0.785598 1.185300 -0.006050
v 0.786574 1.185300 -0.006612
v 0.750488 1.288500 -0.030650
v 0.751357 1.288500 -0.031152
v 0.751540 1.288500 -0.031152
v 0.786712 1.288500 -0.030650
v 0.786861 1.254100 -0.030086
v 0.786911 1.254100 -0.029900
v 0.786911 1.219700 -0.029900
v 0.786911 1.254100 -0.024298
v 0.785659 1.288500 -0.031152
v 0.785839 1.288500 -0.031152
v 0.754408 1.123832 -0.010998
v 0.755045 1.124138 -0.010998
v 0.753716 1.123988 -0.010998
v 0.782791 1.123832 -0.010998
v 0.783484 1.123988 -0.010998
v 0.782152 1.124138 -0.010998
v 0.753272 1.124544 -0.010998
v 0.783928 1.124544 -0.010998
v 0.755805 1.124898 -0.010998
v 0.755045 1.125658 -0.010998
v 0.754408 1.125966 -0.010998
v 0.781392 1.124898 -0.010998
v 0.782152 1.125658 -0.010998
v 0.782791 1.125966 -0.010998
v 0.751037 1.121650 -0.010998
v 0.758286 1.121650 -0.010998
v 0.758344 1.121362 -0.010942
v 0.758286 1.128898 -0.010998
v 0.786161 1.121650 -0.010998
v 0.783928 1.125254 -0.010998
v 0.778911 1.121650 -0.010998
v 0.778856 1.121362 -0.010942
v 0.753272 1.125254 -0.010998
v 0.753716 1.125808 -0.010998
v 0.783484 1.125808 -0.010998
v 0.786161 1.128898 -0.010998
v 0.778911 1.128898 -0.010998
v 0.751037 1.128898 -0.010998
v 0.750750 1.128956 -0.010942
v 0.750750 1.128956 -0.026456
v 0.786449 1.128956 -0.026456
v 0.786449 1.128956 -0.010942
v 0.786161 1.121650 -0.026398
v 0.758286 1.121650 -0.026398
v 0.758286 1.128898 -0.026398
v 0.758344 1.121362 -0.026456
v 0.751037 1.128898 -0.026398
v 0.751037 1.121650 -0.026398
v 0.754408 1.123832 -0.026398
v 0.753716 1.123988 -0.026398
v 0.778856 1.121362 -0.026456
v 0.778911 1.121650 -0.026398
v 0.778911 1.128898 -0.026398
v 0.782791 1.123832 -0.026398
v 0.782152 1.124138 -0.026398
v 0.786161 1.128898 -0.026398
v 0.753272 1.125254 -0.026398
v 0.753716 1.125808 -0.026398
v 0.783928 1.125254 -0.026398
v 0.783928 1.124544 -0.026398
v 0.755805 1.124898 -0.026398
v 0.755045 1.125658 -0.026398
v 0.754408 1.125966 -0.026398
v 0.782791 1.125966 -0.026398
v 0.782152 1.125658 -0.026398
v 0.781392 1.124898 -0.026398
v 0.755045 1.124138 -0.026398
v 0.755805 1.124898 -0.029300
v 0.754408 1.123832 -0.029300
v 0.755045 1.124138 -0.029300
v 0.753716 1.123988 -0.029300
v 0.755045 1.125658 -0.029300
v 0.754408 1.125966 -0.029300
v 0.783484 1.123988 -0.026398
v 0.782791 1.123832 -0.029300
v 0.783484 1.123988 -0.029300
v 0.782152 1.124138 -0.029300
v 0.781392 1.124898 -0.029300
v 0.782152 1.125658 -0.029300
v 0.782791 1.125966 -0.029300
v 0.753272 1.124544 -0.026398
v 0.753272 1.124544 -0.029300
v 0.753276 1.123290 -0.029300
v 0.754499 1.123010 -0.029300
v 0.752494 1.124272 -0.029300
v 0.755629 1.123556 -0.029300
v 0.756974 1.124898 -0.029300
v 0.755629 1.126242 -0.029300
v 0.783928 1.124544 -0.029300
v 0.783924 1.123290 -0.029300
v 0.784706 1.124272 -0.029300
v 0.781568 1.123556 -0.029300
v 0.782700 1.123010 -0.029300
v 0.753272 1.125254 -0.029300
v 0.783928 1.125254 -0.029300
v 0.784706 1.125526 -0.029300
v 0.754499 1.126786 -0.029300
v 0.753276 1.126508 -0.029300
v 0.753716 1.125808 -0.029300
v 0.783484 1.125808 -0.026398
v 0.783484 1.125808 -0.029300
v 0.783924 1.126508 -0.029300
v 0.781568 1.126242 -0.029300
v 0.780226 1.124898 -0.029300
v 0.752494 1.125526 -0.029300
v 0.782700 1.126786 -0.029300
v 0.754499 1.123010 -0.031400
v 0.755629 1.123556 -0.031400
v 0.753276 1.123290 -0.031400
v 0.752494 1.124272 -0.031400
v 0.751913 1.120998 -0.031400
v 0.751929 1.120998 -0.031400
v 0.752886 1.120998 -0.031400
v 0.785270 1.120998 -0.031400
v 0.785286 1.120998 -0.031400
v 0.782700 1.123010 -0.031400
v 0.783924 1.123290 -0.031400
v 0.751849 1.120998 -0.031400
v 0.756974 1.124898 -0.031400
v 0.781568 1.123556 -0.031400
v 0.784706 1.124272 -0.031400
v 0.780226 1.124898 -0.031400
v 0.784706 1.125526 -0.031400
v 0.785397 1.120998 -0.031400
v 0.785351 1.120998 -0.031400
v 0.785391 1.120998 -0.031400
v 0.755629 1.126242 -0.031400
v 0.781568 1.126242 -0.031400
v 0.782700 1.126786 -0.031400
v 0.783924 1.126508 -0.031400
v 0.751808 1.120998 -0.031400
v 0.750625 1.185300 -0.030786
v 0.750762 1.219700 -0.030922
v 0.750625 1.254100 -0.030786
v 0.750899 1.254100 -0.031060
v 0.751037 1.288500 -0.031198
v 0.755816 1.289906 -0.034168
v 0.781403 1.289862 -0.034074
v 0.781241 1.289950 -0.034266
v 0.754156 1.288500 -0.031152
v 0.754074 1.288500 -0.031150
v 0.753954 1.288500 -0.031152
v 0.751100 1.302392 -0.060944
v 0.752948 1.288500 -0.031152
v 0.754229 1.290294 -0.034998
v 0.754197 1.290190 -0.034776
v 0.751100 1.288500 -0.031152
v 0.753042 1.288500 -0.031154
v 0.752973 1.288500 -0.031150
v 0.754229 1.290084 -0.034554
v 0.753147 1.288500 -0.031152
v 0.754326 1.289990 -0.034348
v 0.753627 1.288500 -0.031152
v 0.753452 1.288500 -0.031150
v 0.753287 1.288500 -0.031152
v 0.754672 1.289844 -0.034032
v 0.754900 1.289802 -0.033946
v 0.754475 1.289906 -0.034168
v 0.753799 1.288500 -0.031152
v 0.755145 1.289788 -0.033918
v 0.755620 1.289844 -0.034032
v 0.755391 1.289802 -0.033946
v 0.783104 1.290278 -0.034966
v 0.786099 1.288500 -0.031152
v 0.786099 1.302392 -0.060944
v 0.784324 1.288500 -0.031152
v 0.784230 1.288500 -0.031150
v 0.784299 1.288500 -0.031152
v 0.786712 1.254100 -0.030650
v 0.786762 1.254100 -0.030460
v 0.786812 1.219700 -0.030274
v 0.786861 1.185300 -0.030086
v 0.786911 1.185300 -0.029900
v 0.786574 1.254100 -0.030786
v 0.786712 1.219700 -0.030650
v 0.786435 1.219700 -0.030922
v 0.786574 1.185300 -0.030786
v 0.786300 1.185300 -0.031060
v 0.786161 1.288500 -0.031198
v 0.786099 1.288500 -0.031214
v 0.783023 1.288500 -0.031152
v 0.781614 1.289794 -0.033928
v 0.783140 1.290166 -0.034728
v 0.784115 1.288500 -0.031154
v 0.783104 1.290056 -0.034488
v 0.783966 1.288500 -0.031152
v 0.751037 1.185300 -0.031198
v 0.750899 1.185300 -0.031060
v 0.751224 1.185300 -0.031248
v 0.751037 1.219700 -0.031198
v 0.751411 1.219700 -0.031298
v 0.751224 1.254100 -0.031248
v 0.751599 1.254100 -0.031350
v 0.751100 1.285218 -0.031214
v 0.751100 1.285640 -0.031214
v 0.786712 1.185300 -0.030650
v 0.786762 1.185300 -0.030460
v 0.786161 1.185300 -0.031198
v 0.785973 1.185300 -0.031248
v 0.785598 1.185300 -0.031350
v 0.785788 1.219700 -0.031298
v 0.785411 1.219700 -0.031400
v 0.785598 1.254100 -0.031350
v 0.785411 1.254100 -0.031400
v 0.785428 1.285302 -0.031396
v 0.785411 1.285304 -0.031400
v 0.786161 1.219700 -0.031198
v 0.786300 1.254100 -0.031060
v 0.751100 1.288500 -0.031214
v 0.751037 1.254100 -0.031198
v 0.786099 1.288020 -0.031214
v 0.786099 1.299674 -0.062214
v 0.786099 1.285218 -0.031214
v 0.786161 1.254100 -0.031198
v 0.785973 1.254100 -0.031248
v 0.754229 1.287368 -0.035822
v 0.754326 1.287270 -0.035614
v 0.754197 1.287470 -0.036044
v 0.754672 1.287124 -0.035300
v 0.754900 1.287082 -0.035214
v 0.754475 1.287188 -0.035436
v 0.755145 1.287070 -0.035186
v 0.755620 1.287124 -0.035300
v 0.755816 1.287188 -0.035436
v 0.755391 1.287082 -0.035214
v 0.755965 1.287270 -0.035614
v 0.783109 1.288500 -0.031152
v 0.781860 1.289752 -0.033838
v 0.783242 1.288500 -0.031152
v 0.782121 1.289736 -0.033806
v 0.783408 1.288500 -0.031152
v 0.782386 1.289752 -0.033838
v 0.783596 1.288500 -0.031152
v 0.782632 1.289794 -0.033928
v 0.783787 1.288500 -0.031152
v 0.782842 1.289862 -0.034074
v 0.783004 1.289950 -0.034266
v 0.783104 1.287558 -0.036234
v 0.783004 1.287662 -0.036456
v 0.783140 1.287446 -0.035994
v 0.783104 1.287336 -0.035756
v 0.751167 1.302610 -0.061414
v 0.754221 1.301796 -0.059664
v 0.754124 1.301692 -0.059444
v 0.751167 1.299892 -0.062682
v 0.751368 1.300096 -0.063120
v 0.754326 1.290388 -0.035206
v 0.754229 1.287574 -0.036266
v 0.755117 1.294616 -0.044272
v 0.754475 1.290472 -0.035384
v 0.754672 1.290536 -0.035520
v 0.755965 1.289990 -0.034348
v 0.756061 1.287368 -0.035822
v 0.781614 1.287074 -0.035198
v 0.781860 1.287032 -0.035104
v 0.781403 1.287144 -0.035344
v 0.782121 1.287018 -0.035072
v 0.782386 1.287032 -0.035104
v 0.782632 1.287074 -0.035198
v 0.782842 1.287144 -0.035344
v 0.783004 1.287232 -0.035534
v 0.783004 1.290380 -0.035188
v 0.782048 1.294616 -0.044272
v 0.782048 1.297030 -0.049446
v 0.782974 1.301336 -0.058682
v 0.782813 1.301248 -0.058494
v 0.782842 1.287750 -0.036646
v 0.786031 1.302610 -0.061414
v 0.782974 1.301760 -0.059592
v 0.785832 1.302814 -0.061852
v 0.785511 1.302990 -0.062226
v 0.751100 1.299674 -0.062214
v 0.751769 1.285302 -0.031396
v 0.751787 1.285304 -0.031400
v 0.751787 1.254100 -0.031400
v 0.751787 1.219700 -0.031400
v 0.760194 1.254100 -0.031400
v 0.768600 1.219700 -0.031400
v 0.777004 1.254100 -0.031400
v 0.785464 1.285298 -0.031386
v 0.754221 1.299076 -0.060934
v 0.751686 1.300270 -0.063496
v 0.752568 1.285304 -0.031400
v 0.752608 1.285304 -0.031400
v 0.752630 1.285304 -0.031400
v 0.786031 1.299892 -0.062682
v 0.782974 1.299042 -0.060862
v 0.783076 1.298940 -0.060640
v 0.784630 1.285304 -0.031400
v 0.784649 1.285304 -0.031400
v 0.782048 1.291898 -0.045540
v 0.782632 1.287820 -0.036792
v 0.752684 1.285306 -0.031400
v 0.752771 1.285304 -0.031400
v 0.754326 1.287672 -0.036474
v 0.755117 1.291898 -0.045540
v 0.755117 1.294310 -0.050712
v 0.754221 1.298652 -0.060022
v 0.754384 1.298564 -0.059832
v 0.752886 1.285306 -0.031400
v 0.753020 1.285304 -0.031400
v 0.753164 1.285304 -0.031400
v 0.753304 1.285304 -0.031400
v 0.753429 1.285304 -0.031400
v 0.753528 1.285304 -0.031400
v 0.753594 1.285306 -0.031400
v 0.754128 1.285306 -0.031400
v 0.767304 1.285304 -0.031400
v 0.783588 1.285304 -0.031400
v 0.783660 1.285304 -0.031400
v 0.781241 1.287232 -0.035534
v 0.761100 1.289952 -0.041370
v 0.756091 1.287470 -0.036044
v 0.781142 1.290056 -0.034488
v 0.783765 1.285306 -0.031400
v 0.784212 1.285304 -0.031400
v 0.783902 1.285306 -0.031400
v 0.784056 1.285306 -0.031400
v 0.784357 1.285304 -0.031400
v 0.784572 1.285304 -0.031400
v 0.784479 1.285306 -0.031400
v 0.776100 1.292672 -0.040100
v 0.781106 1.290166 -0.034728
v 0.781142 1.290278 -0.034966
v 0.756061 1.290084 -0.034554
v 0.761100 1.292672 -0.040100
v 0.776100 1.289952 -0.041370
v 0.761100 1.291898 -0.045540
v 0.761100 1.294616 -0.044272
v 0.781142 1.287336 -0.035756
v 0.776100 1.294616 -0.044272
v 0.781860 1.290582 -0.035618
v 0.782121 1.290596 -0.035650
v 0.776100 1.291898 -0.045540
v 0.756091 1.290190 -0.034776
v 0.756061 1.287574 -0.036266
v 0.781106 1.287446 -0.035994
v 0.755965 1.287672 -0.036474
v 0.755816 1.287752 -0.036652
v 0.756061 1.290294 -0.034998
v 0.781142 1.287558 -0.036234
v 0.781241 1.290380 -0.035188
v 0.781403 1.290470 -0.035378
v 0.781614 1.290538 -0.035524
v 0.755965 1.290388 -0.035206
v 0.781241 1.287662 -0.036456
v 0.782842 1.290470 -0.035378
v 0.782048 1.294310 -0.050712
v 0.755117 1.297030 -0.049446
v 0.754221 1.301368 -0.058754
v 0.754124 1.301472 -0.058974
v 0.755816 1.290472 -0.035384
v 0.755620 1.287818 -0.036788
v 0.781403 1.287750 -0.036646
v 0.782632 1.290538 -0.035524
v 0.782386 1.287862 -0.036884
v 0.754475 1.287752 -0.036652
v 0.755391 1.287858 -0.036874
v 0.755145 1.287872 -0.036904
v 0.754900 1.287858 -0.036874
v 0.755620 1.290536 -0.035520
v 0.781614 1.287820 -0.036792
v 0.782121 1.287878 -0.036916
v 0.781860 1.287862 -0.036884
v 0.782386 1.290582 -0.035618
v 0.754900 1.290576 -0.035606
v 0.754672 1.287818 -0.036788
v 0.755145 1.290590 -0.035636
v 0.755391 1.290576 -0.035606
v 0.782974 1.298618 -0.059950
v 0.783076 1.298720 -0.060170
v 0.761100 1.294310 -0.050712
v 0.761100 1.296292 -0.054964
v 0.755354 1.298452 -0.059596
v 0.755597 1.298496 -0.059688
v 0.761100 1.297030 -0.049446
v 0.761100 1.299012 -0.053696
v 0.776100 1.297030 -0.049446
v 0.776100 1.299012 -0.053696
v 0.781843 1.301140 -0.058258
v 0.781601 1.301182 -0.058348
v 0.776100 1.294310 -0.050712
v 0.776100 1.296292 -0.054964
v 0.755964 1.301796 -0.059664
v 0.781233 1.301760 -0.059592
v 0.781394 1.301850 -0.059782
v 0.755597 1.301216 -0.058420
v 0.755354 1.301172 -0.058328
v 0.755804 1.298564 -0.059832
v 0.755094 1.301156 -0.058298
v 0.754834 1.301172 -0.058328
v 0.754589 1.301216 -0.058420
v 0.755094 1.298438 -0.059566
v 0.754834 1.298452 -0.059596
v 0.754384 1.301282 -0.058564
v 0.754589 1.298496 -0.059688
v 0.755964 1.299076 -0.060934
v 0.756065 1.298972 -0.060712
v 0.782106 1.301124 -0.058228
v 0.782106 1.298406 -0.059496
v 0.782363 1.298420 -0.059526
v 0.781843 1.298420 -0.059526
v 0.782363 1.301140 -0.058258
v 0.782606 1.298462 -0.059616
v 0.782606 1.301182 -0.058348
v 0.782813 1.298530 -0.059762
v 0.783076 1.301440 -0.058902
v 0.783108 1.298830 -0.060406
v 0.754124 1.298752 -0.060242
v 0.754088 1.301584 -0.059208
v 0.781601 1.298462 -0.059616
v 0.781394 1.301248 -0.058494
v 0.755804 1.301884 -0.059854
v 0.755804 1.299164 -0.061122
v 0.755597 1.299232 -0.061266
v 0.756065 1.301692 -0.059444
v 0.756100 1.301584 -0.059208
v 0.756065 1.301472 -0.058974
v 0.755804 1.301282 -0.058564
v 0.755964 1.298652 -0.060022
v 0.755964 1.301368 -0.058754
v 0.756065 1.298752 -0.060242
v 0.756100 1.298864 -0.060478
v 0.781233 1.301336 -0.058682
v 0.781133 1.301440 -0.058902
v 0.781394 1.298530 -0.059762
v 0.781233 1.298618 -0.059950
v 0.781099 1.301548 -0.059136
v 0.781133 1.298720 -0.060170
v 0.781133 1.301660 -0.059372
v 0.781099 1.298830 -0.060406
v 0.781133 1.298940 -0.060640
v 0.781233 1.299042 -0.060862
v 0.781394 1.299130 -0.061050
v 0.784100 1.300518 -0.064026
v 0.781601 1.299198 -0.061194
v 0.781843 1.299240 -0.061286
v 0.781601 1.301916 -0.059926
v 0.783108 1.301548 -0.059136
v 0.783076 1.301660 -0.059372
v 0.754088 1.298864 -0.060478
v 0.782813 1.299130 -0.061050
v 0.754124 1.298972 -0.060712
v 0.784616 1.300490 -0.063964
v 0.782813 1.301850 -0.059782
v 0.784616 1.303208 -0.062696
v 0.785100 1.303124 -0.062516
v 0.782606 1.299198 -0.061194
v 0.754384 1.301884 -0.059854
v 0.753100 1.303238 -0.062758
v 0.754589 1.301950 -0.059998
v 0.754834 1.301992 -0.060090
v 0.784100 1.303238 -0.062758
v 0.781843 1.301960 -0.060018
v 0.782106 1.301972 -0.060048
v 0.782363 1.299240 -0.061286
v 0.782106 1.299256 -0.061316
v 0.782606 1.301916 -0.059926
v 0.785100 1.300404 -0.063784
v 0.785511 1.300270 -0.063496
v 0.785832 1.300096 -0.063120
v 0.754384 1.299164 -0.061122
v 0.753100 1.300518 -0.064026
v 0.752581 1.300490 -0.063964
v 0.755597 1.301950 -0.059998
v 0.752581 1.303208 -0.062696
v 0.752097 1.303124 -0.062516
v 0.751686 1.302990 -0.062226
v 0.751368 1.302814 -0.061852
v 0.752097 1.300404 -0.063784
v 0.755354 1.299274 -0.061358
v 0.755094 1.299288 -0.061390
v 0.782363 1.301960 -0.060018
v 0.754589 1.299232 -0.061266
v 0.755354 1.301992 -0.060090
v 0.755094 1.302008 -0.060120
v 0.754834 1.299274 -0.061358
v 0.751701 0.966100 -0.031377
v 0.751701 0.966100 -0.031377
v 0.751675 0.966100 -0.031400
v 0.750925 0.966100 -0.031199
v 0.750376 0.966100 -0.030650
v 0.750289 0.966100 -0.029904
v 0.750175 0.966100 -0.029900
v 0.750288 0.966100 -0.029902
v 0.750288 0.966100 -0.029871
v 0.750288 0.966100 -0.029842
v 0.750175 0.966100 -0.026250
v 0.756087 0.966100 -0.026861
v 0.757275 0.966100 -0.026250
v 0.757650 0.966100 -0.026150
v 0.758795 0.966100 -0.025500
v 0.758025 0.966100 -0.025500
v 0.758795 0.966100 -0.025859
v 0.757924 0.966100 -0.025875
v 0.758795 0.966100 -0.025875
v 0.758795 0.966100 -0.026135
v 0.758795 0.966100 -0.011900
v 0.758025 0.966100 -0.011900
v 0.758795 0.966100 -0.011886
v 0.758795 0.966100 -0.011525
v 0.758795 0.966100 -0.011514
v 0.757924 0.966100 -0.011525
v 0.757650 0.966100 -0.011250
v 0.756603 0.966100 -0.010532
v 0.757275 0.966100 -0.011150
v 0.750175 0.966100 -0.011150
v 0.750288 0.966100 -0.010250
v 0.750288 0.966100 -0.007558
v 0.750288 0.966100 -0.007533
v 0.750175 0.966100 -0.007500
v 0.750376 0.966100 -0.006750
v 0.750925 0.966100 -0.006201
v 0.751633 0.966100 -0.006042
v 0.751701 0.966100 -0.006024
v 0.751702 0.966100 -0.006023
v 0.751786 0.966100 -0.006001
v 0.751788 0.966100 -0.006000
v 0.785300 0.751700 -0.031400
v 0.786050 0.751700 -0.031199
v 0.785951 0.750950 -0.031471
v 0.786503 0.750950 -0.031103
v 0.785456 0.966000 -0.006042
v 0.786050 0.751700 -0.006201
v 0.785951 0.750950 -0.005929
v 0.785300 0.750950 -0.005799
v 0.786599 0.966000 -0.006750
v 0.786599 0.751700 -0.006750
v 0.786503 0.750950 -0.006297
v 0.786800 0.966000 -0.007500
v 0.786800 0.751700 -0.007500
v 0.786871 0.750950 -0.006849
v 0.786800 0.966056 -0.010536
v 0.786800 0.966100 -0.011150
v 0.786800 0.751700 -0.029900
v 0.787001 0.750950 -0.029900
v 0.786871 0.750950 -0.030551
v 0.779700 0.966100 -0.011150
v 0.780892 0.966100 -0.010537
v 0.779325 0.966100 -0.011250
v 0.778408 0.966100 -0.011525
v 0.778408 0.966100 -0.011536
v 0.778408 0.966100 -0.011900
v 0.778408 0.966100 -0.012253
v 0.779050 0.966100 -0.011525
v 0.778408 0.966100 -0.011262
v 0.778950 0.966100 -0.011900
v 0.778950 0.966100 -0.025500
v 0.778408 0.966100 -0.025510
v 0.778408 0.966100 -0.025875
v 0.778408 0.966100 -0.025883
v 0.779050 0.966100 -0.025875
v 0.779325 0.966100 -0.026150
v 0.780378 0.966100 -0.026874
v 0.779700 0.966100 -0.026250
v 0.786800 0.966100 -0.026250
v 0.786800 0.966057 -0.026862
v 0.786800 0.973950 -0.011900
v 0.786800 0.973850 -0.011525
v 0.786599 0.966000 -0.030650
v 0.786599 0.966000 -0.030650
v 0.786599 0.751700 -0.030650
v 0.785456 0.966000 -0.031358
v 0.785379 0.966000 -0.031379
v 0.805000 0.743000 0.000000
v 0.805000 0.750200 0.000000
v 0.805000 0.749450 -0.006850
v 0.805000 0.743750 -0.006850
v 0.805000 0.750200 -0.007600
v 0.805000 0.750100 -0.007225
v 0.805000 0.749825 -0.006950
v 0.787898 0.750200 -0.006000
v 0.788300 0.750200 -0.007500
v 0.787379 0.750401 -0.006639
v 0.787550 0.750401 -0.007500
v 0.785300 0.750200 -0.004500
v 0.786800 0.750200 -0.004902
v 0.786161 0.750401 -0.005421
v 0.786891 0.750401 -0.005909
v 0.805000 0.743000 -0.007600
v 0.805000 0.743100 -0.007225
v 0.750175 0.750200 -0.004902
v 0.750084 0.750401 -0.005909
v 0.750814 0.750401 -0.005421
v 0.808939 0.746600 -0.006850
v 0.809470 0.746070 -0.006850
v 0.815000 0.749450 -0.006850
v 0.809916 0.747345 -0.006850
v 0.810399 0.747235 -0.006850
v 0.805000 0.743375 -0.006950
v 0.815000 0.743375 -0.006950
v 0.815000 0.743100 -0.007225
v 0.815000 0.743000 -0.007600
v 0.805000 0.743000 -0.012639
v 0.815000 0.743000 -0.012639
v 0.815000 0.743026 -0.012833
v 0.815000 0.749825 -0.006950
v 0.815000 0.750100 -0.007225
v 0.815000 0.750200 -0.007600
v 0.815000 0.750200 -0.012639
v 0.751675 0.750401 -0.005250
v 0.785300 0.750401 -0.005250
v 0.751675 0.750950 -0.005799
v 0.751675 0.750200 -0.004500
v 0.749596 0.750401 -0.006639
v 0.787001 0.750950 -0.007500
v 0.750103 0.750950 -0.006849
v 0.750376 0.751700 -0.006750
v 0.749425 0.750401 -0.007500
v 0.749425 0.750401 -0.029900
v 0.749596 0.750401 -0.030761
v 0.750084 0.750401 -0.031491
v 0.750175 0.750200 -0.032498
v 0.750814 0.750401 -0.031979
v 0.751675 0.750200 -0.032900
v 0.751675 0.750401 -0.032150
v 0.785300 0.750401 -0.032150
v 0.787550 0.750401 -0.029900
v 0.750175 0.751700 -0.007500
v 0.750175 0.973950 -0.025500
v 0.750175 0.973850 -0.025875
v 0.749974 0.750950 -0.007500
v 0.749974 0.750950 -0.029900
v 0.788300 0.750200 -0.029900
v 0.805000 0.750200 -0.024761
v 0.805000 0.750200 -0.012639
v 0.750175 0.751700 -0.029900
v 0.727059 0.745855 -0.006850
v 0.726576 0.745965 -0.006850
v 0.728036 0.746600 -0.006850
v 0.727505 0.746070 -0.006850
v 0.727505 0.746070 -0.012950
v 0.728036 0.746600 -0.012950
v 0.727059 0.745855 -0.012950
v 0.726576 0.745965 -0.012950
v 0.727505 0.747130 -0.012950
v 0.815000 0.743750 -0.006850
v 0.809916 0.745855 -0.006850
v 0.815000 0.749980 -0.013170
v 0.815000 0.743220 -0.013170
v 0.815000 0.746070 -0.016020
v 0.810708 0.746352 -0.006850
v 0.810708 0.746848 -0.006850
v 0.810399 0.745965 -0.006850
v 0.810399 0.745965 -0.012950
v 0.809916 0.745855 -0.012950
v 0.809470 0.746070 -0.012950
v 0.808939 0.746600 -0.012950
v 0.809470 0.747130 -0.012950
v 0.809470 0.747130 -0.006850
v 0.810708 0.746352 -0.012950
v 0.810708 0.746848 -0.012950
v 0.815000 0.750174 -0.012833
v 0.815000 0.750100 -0.013014
v 0.805000 0.750174 -0.012833
v 0.805000 0.750100 -0.013014
v 0.805000 0.749980 -0.013170
v 0.815000 0.743100 -0.013014
v 0.726267 0.746352 -0.012950
v 0.726267 0.746848 -0.012950
v 0.810399 0.747235 -0.012950
v 0.809916 0.747345 -0.012950
v 0.726576 0.747235 -0.006850
v 0.726576 0.747235 -0.012950
v 0.727059 0.747345 -0.012950
v 0.750103 0.750950 -0.030551
v 0.787379 0.750401 -0.030761
v 0.754184 0.969280 -0.011150
v 0.754630 0.969495 -0.011150
v 0.750175 0.973200 -0.011150
v 0.753392 0.969777 -0.011150
v 0.753701 0.969390 -0.011150
v 0.750175 0.973575 -0.011250
v 0.805000 0.743000 -0.024761
v 0.805000 0.743026 -0.012833
v 0.805000 0.743026 -0.024567
v 0.805000 0.743100 -0.013014
v 0.805000 0.743100 -0.024386
v 0.805000 0.743220 -0.013170
v 0.805000 0.743220 -0.024230
v 0.805000 0.746070 -0.016020
v 0.805000 0.746070 -0.021380
v 0.805000 0.746406 -0.016214
v 0.805000 0.746406 -0.021186
v 0.805000 0.746794 -0.016214
v 0.805000 0.746794 -0.021186
v 0.805000 0.747130 -0.016020
v 0.805000 0.747130 -0.021380
v 0.805000 0.749980 -0.024230
v 0.805000 0.750100 -0.024386
v 0.805000 0.750174 -0.024567
v 0.757650 0.973200 -0.011250
v 0.754630 0.969495 -0.016150
v 0.755161 0.970025 -0.011150
v 0.755161 0.970025 -0.016150
v 0.754184 0.969280 -0.016150
v 0.753701 0.969390 -0.016150
v 0.753392 0.969777 -0.016150
v 0.753392 0.970273 -0.011150
v 0.753392 0.970273 -0.016150
v 0.753701 0.970660 -0.011150
v 0.754184 0.970770 -0.011150
v 0.757275 0.973200 -0.011150
v 0.754630 0.970555 -0.011150
v 0.757275 0.973575 -0.011250
v 0.750175 0.973850 -0.011525
v 0.757275 0.973850 -0.011525
v 0.750175 0.973950 -0.011900
v 0.757275 0.973950 -0.011900
v 0.757275 0.973950 -0.025500
v 0.757650 0.973850 -0.025500
v 0.757659 0.973836 -0.025605
v 0.750175 0.973200 -0.026250
v 0.750175 0.973575 -0.026150
v 0.753392 0.969777 -0.026250
v 0.753392 0.970273 -0.026250
v 0.754184 0.969280 -0.026250
v 0.753701 0.969390 -0.026250
v 0.750376 0.751700 -0.030650
v 0.750472 0.750950 -0.031103
v 0.754630 0.970555 -0.016150
v 0.757924 0.973200 -0.011525
v 0.757659 0.973305 -0.011264
v 0.757380 0.973584 -0.011264
v 0.782791 0.969280 -0.011150
v 0.783274 0.969390 -0.011150
v 0.786800 0.973200 -0.011150
v 0.786800 0.973575 -0.011250
v 0.783583 0.969777 -0.011150
v 0.783583 0.970273 -0.011150
v 0.783274 0.969390 -0.016150
v 0.782791 0.969280 -0.016150
v 0.782345 0.969495 -0.011150
v 0.782345 0.969495 -0.016150
v 0.781814 0.970025 -0.016150
v 0.781814 0.970025 -0.011150
v 0.779700 0.973200 -0.011150
v 0.782345 0.970555 -0.011150
v 0.782791 0.970770 -0.011150
v 0.782345 0.970555 -0.016150
v 0.779325 0.973200 -0.011250
v 0.779050 0.973200 -0.011525
v 0.783583 0.969777 -0.016150
v 0.783583 0.970273 -0.016150
v 0.779700 0.973575 -0.011250
v 0.779700 0.973850 -0.011525
v 0.779700 0.973950 -0.011900
v 0.786800 0.973950 -0.025500
v 0.779700 0.973950 -0.025500
v 0.779700 0.973850 -0.025875
v 0.779595 0.973836 -0.025884
v 0.782791 0.969280 -0.026250
v 0.782345 0.969495 -0.026250
v 0.786800 0.973200 -0.026250
v 0.783583 0.969777 -0.026250
v 0.783274 0.969390 -0.026250
v 0.786800 0.973575 -0.026150
v 0.783274 0.970660 -0.016150
v 0.782791 0.970770 -0.016150
v 0.753701 0.970660 -0.016150
v 0.783274 0.970660 -0.011150
v 0.754184 0.970770 -0.016150
v 0.779333 0.973482 -0.011310
v 0.758025 0.973200 -0.011900
v 0.757865 0.973482 -0.011533
v 0.779064 0.973305 -0.011516
v 0.778950 0.973200 -0.011900
v 0.778950 0.973200 -0.025500
v 0.779050 0.973575 -0.025500
v 0.779110 0.973567 -0.025782
v 0.757557 0.973790 -0.011533
v 0.779333 0.973790 -0.011618
v 0.779064 0.973584 -0.011795
v 0.779050 0.973575 -0.011900
v 0.757650 0.973850 -0.011900
v 0.757924 0.973575 -0.011900
v 0.757924 0.973575 -0.025500
v 0.779325 0.973850 -0.011900
v 0.758025 0.973200 -0.025500
v 0.779325 0.973850 -0.025500
v 0.757924 0.973200 -0.025875
v 0.757865 0.973567 -0.025782
v 0.779316 0.973836 -0.025605
v 0.786800 0.973850 -0.025875
v 0.815000 0.743000 -0.024761
v 0.805000 0.743000 -0.029800
v 0.815000 0.743000 -0.029800
v 0.815000 0.743100 -0.030175
v 0.815000 0.747130 -0.016020
v 0.815000 0.750174 -0.024567
v 0.815000 0.750100 -0.024386
v 0.815000 0.743100 -0.024386
v 0.815000 0.743026 -0.024567
v 0.815000 0.749980 -0.024230
v 0.815000 0.747130 -0.021380
v 0.815000 0.746794 -0.021186
v 0.815000 0.746406 -0.016214
v 0.815000 0.746070 -0.021380
v 0.815000 0.743220 -0.024230
v 0.815000 0.746794 -0.016214
v 0.815000 0.746406 -0.021186
v 0.815000 0.750200 -0.024761
v 0.815000 0.743750 -0.030550
v 0.815000 0.749450 -0.030550
v 0.754630 0.969495 -0.021250
v 0.754184 0.969280 -0.021250
v 0.753701 0.969390 -0.021250
v 0.754630 0.969495 -0.026250
v 0.755161 0.970025 -0.021250
v 0.755161 0.970025 -0.026250
v 0.753392 0.969777 -0.021250
v 0.754630 0.970555 -0.021250
v 0.757275 0.973200 -0.026250
v 0.754630 0.970555 -0.026250
v 0.754184 0.970770 -0.026250
v 0.783583 0.969777 -0.021250
v 0.783274 0.969390 -0.021250
v 0.782345 0.969495 -0.021250
v 0.782791 0.969280 -0.021250
v 0.781814 0.970025 -0.026250
v 0.781814 0.970025 -0.021250
v 0.782345 0.970555 -0.021250
v 0.753392 0.970273 -0.021250
v 0.753701 0.970660 -0.021250
v 0.754184 0.970770 -0.021250
v 0.783583 0.970273 -0.021250
v 0.783583 0.970273 -0.026250
v 0.783274 0.970660 -0.026250
v 0.782791 0.970770 -0.026250
v 0.782345 0.970555 -0.026250
v 0.782791 0.970770 -0.021250
v 0.783274 0.970660 -0.021250
v 0.779700 0.973200 -0.026250
v 0.779325 0.973200 -0.026150
v 0.753701 0.970660 -0.026250
v 0.815000 0.743375 -0.030450
v 0.815000 0.750200 -0.029800
v 0.805000 0.750200 -0.029800
v 0.787898 0.750200 -0.031400
v 0.786891 0.750401 -0.031491
v 0.727505 0.746070 -0.024450
v 0.727059 0.745855 -0.024450
v 0.726576 0.745965 -0.024450
v 0.728036 0.746600 -0.024450
v 0.728036 0.746600 -0.030550
v 0.726576 0.745965 -0.030550
v 0.726267 0.746352 -0.024450
v 0.727505 0.747130 -0.024450
v 0.810708 0.746352 -0.024450
v 0.810399 0.745965 -0.024450
v 0.809470 0.746070 -0.024450
v 0.809916 0.745855 -0.024450
v 0.810708 0.746352 -0.030550
v 0.810399 0.745965 -0.030550
v 0.809916 0.745855 -0.030550
v 0.809470 0.746070 -0.030550
v 0.808939 0.746600 -0.030550
v 0.808939 0.746600 -0.024450
v 0.809470 0.747130 -0.024450
v 0.810708 0.746848 -0.030550
v 0.810399 0.747235 -0.030550
v 0.809916 0.747345 -0.030550
v 0.805000 0.743750 -0.030550
v 0.805000 0.743375 -0.030450
v 0.726267 0.746848 -0.024450
v 0.726576 0.747235 -0.024450
v 0.727059 0.747345 -0.024450
v 0.810708 0.746848 -0.024450
v 0.727059 0.747345 -0.030550
v 0.727505 0.747130 -0.030550
v 0.809470 0.747130 -0.030550
v 0.809916 0.747345 -0.024450
v 0.810399 0.747235 -0.024450
v 0.805000 0.749450 -0.030550
v 0.726576 0.747235 -0.030550
v 0.805000 0.743100 -0.030175
v 0.815000 0.750100 -0.030175
v 0.815000 0.749825 -0.030450
v 0.805000 0.750100 -0.030175
v 0.805000 0.749825 -0.030450
v 0.786800 0.750200 -0.032498
v 0.786161 0.750401 -0.031979
v 0.757650 0.973200 -0.026150
v 0.779050 0.973200 -0.025875
v 0.757380 0.973836 -0.025884
v 0.757557 0.973567 -0.026090
v 0.757275 0.973850 -0.025875
v 0.779418 0.973567 -0.026090
v 0.757275 0.973575 -0.026150
v 0.779700 0.973575 -0.026150
v 0.785300 0.750200 -0.032900
v 0.750925 0.751700 -0.031199
v 0.751024 0.750950 -0.031471
v 0.751675 0.751700 -0.031400
v 0.785300 0.750950 -0.031601
v 0.751675 0.750950 -0.031601
v 0.785411 1.120900 -0.006000
v 0.785603 1.026000 -0.006052
v 0.785415 1.026000 -0.006000
v 0.777008 1.026000 -0.006000
v 0.768601 1.055998 -0.006000
v 0.760194 1.026000 -0.006000
v 0.751788 1.026000 -0.006000
v 0.786913 1.027248 -0.028988
v 0.786913 1.026000 -0.029902
v 0.785411 1.185300 -0.006000
v 0.777004 1.185300 -0.006000
v 0.768600 1.219700 -0.006000
v 0.760194 1.185300 -0.006000
v 0.751787 1.185300 -0.006000
v 0.751599 1.185300 -0.031350
v 0.751787 1.185300 -0.031400
v 0.760194 1.185300 -0.031400
v 0.777004 1.185300 -0.031400
v 0.785411 1.185300 -0.031400
v 0.785300 0.966089 -0.031400
vn -0.0000 -0.7071 0.7071
vn 0.0110 -0.7071 0.7071
vn -0.0005 -0.7070 0.7072
vn -0.0000 -0.6946 -0.7194
vn -0.0000 -0.7081 -0.7061
vn -0.0000 -0.6982 -0.7159
vn -0.0000 -0.7071 -0.7071
vn 0.0001 -0.6984 -0.7157
vn -0.0000 -0.7072 -0.7070
vn -0.0000 -0.7068 -0.7074
vn -0.0002 -0.7036 -0.7106
vn -0.0000 -0.7084 -0.7058
vn -0.0000 -0.7070 -0.7073
vn -0.0000 0.7072 -0.7070
vn -0.0000 0.7064 -0.7079
vn -0.0000 0.7072 -0.7071
vn -0.0000 0.7070 -0.7072
vn -0.0000 0.7071 -0.7071
vn 0.0037 0.6851 -0.7284
vn -0.0001 0.7074 -0.7068
vn 0.0017 0.7071 -0.7071
vn 0.0114 0.6804 -0.7327
vn -0.0001 0.7078 -0.7064
vn -0.0000 -1.0000 -0.0000
vn -0.0000 0.7185 0.6955
vn -0.0000 0.7068 0.7074
vn -0.0000 0.7155 0.6986
vn -0.0000 0.7071 0.7071
vn 0.0001 0.6824 0.7310
vn -0.0000 0.7075 0.7067
vn -0.0002 0.7052 0.7091
vn -0.0000 0.7072 0.7070
vn -0.0000 0.7070 0.7072
vn -0.0000 -0.7065 0.7077
vn -0.0000 -0.7064 0.7078
vn -0.0045 -0.6851 0.7284
vn -0.0000 -0.7074 0.7068
vn 0.0017 -0.7071 0.7071
vn -0.0000 -0.0000 -1.0000
vn -0.0000 -0.0000 1.0000
vn 1.0000 -0.0000 -0.0000
vn 1.0000 0.0005 -0.0000
vn 1.0000 -0.0001 -0.0000
vn 1.0000 0.0002 -0.0000
vn 1.0000 -0.0002 -0.0000
vn 1.0000 -0.0013 -0.0000
vn 1.0000 -0.0012 -0.0000
vn 1.0000 0.0009 -0.0000
vn 1.0000 -0.0050 -0.0000
vn 1.0000 -0.0004 -0.0000
vn 1.0000 0.0012 -0.0000
vn 1.0000 0.0025 -0.0000
vn 1.0000 -0.0006 -0.0000
vn 1.0000 -0.0003 -0.0000
vn -0.0000 -1.0000 0.0001
vn -0.0000 -1.0000 0.0002
vn 0.9288 -0.0000 0.3707
vn 0.9742 -0.0000 0.2258
vn 0.9599 0.1705 0.2226
vn 0.9701 0.1748 0.1686
vn -0.0000 0.1736 0.9848
vn -0.6344 0.7730 -0.0000
vn -0.6343 0.7731 -0.0000
vn -0.0981 0.9952 -0.0000
vn -0.0980 0.9952 -0.0000
vn -1.0000 -0.0000 -0.0000
vn 0.2588 0.0165 -0.9658
vn 0.4130 -0.0089 -0.9107
vn -0.2588 0.0165 -0.9658
vn -0.0000 -0.0114 -0.9999
vn -0.0000 -1.0000 -0.0001
vn 0.4714 0.8819 -0.0000
vn 0.7071 0.7071 -0.0000
vn 0.7071 -0.7071 -0.0000
vn -0.0000 1.0000 -0.0000
vn 0.7071 0.0117 -0.7071
vn 0.7521 -0.0017 -0.6591
vn 0.9848 0.1736 -0.0000
vn 0.9848 0.1737 -0.0000
vn -0.9848 0.1736 -0.0000
vn -0.9340 0.1647 0.3170
vn -0.9848 0.1737 -0.0000
vn 0.9151 0.1711 0.3652
vn 0.9971 -0.0000 0.0759
vn 0.9824 0.1712 0.0747
vn 0.9832 0.1734 0.0563
vn -0.4130 -0.0090 -0.9107
vn -0.7070 0.0117 -0.7071
vn -0.7521 -0.0017 -0.6591
vn -0.9288 -0.0000 0.3706
vn -0.9742 -0.0000 0.2258
vn -0.9971 -0.0000 0.0759
vn 0.0980 0.9952 -0.0000
vn 0.0981 0.9952 -0.0000
vn 0.6344 0.7730 -0.0000
vn 0.6343 0.7731 -0.0000
vn -0.9151 0.1712 0.3651
vn -0.9444 0.1750 0.2784
vn -0.9599 0.1705 0.2225
vn -0.9701 0.1749 0.1684
vn -0.9824 0.1712 0.0747
vn -0.9832 0.1733 0.0565
vn -0.9516 0.1678 0.2573
vn 0.4129 -0.0090 -0.9107
vn -0.0000 -1.0000 -0.0003
vn -0.4714 0.8819 -0.0000
vn -0.7071 0.7071 -0.0000
vn -0.9569 0.2903 -0.0000
vn -0.9570 0.2901 -0.0000
vn 0.9570 0.2902 -0.0000
vn 0.9569 0.2903 -0.0000
vn -0.7071 -0.7071 -0.0000
vn -0.9570 -0.2901 -0.0000
vn -0.9569 -0.2903 -0.0000
vn 0.9569 -0.2903 -0.0000
vn 0.9570 -0.2902 -0.0000
vn 0.4714 -0.8819 -0.0000
vn -0.6343 -0.7731 -0.0000
vn -0.6344 -0.7730 -0.0000
vn 0.6343 -0.7731 -0.0000
vn 0.6344 -0.7730 -0.0000
vn -0.4714 -0.8819 -0.0000
vn -0.0980 -0.9952 -0.0000
vn -0.0981 -0.9952 -0.0000
vn 0.0981 -0.9952 -0.0000
vn 0.0980 -0.9952 -0.0000
vn 0.0645 0.1647 0.9842
vn 0.6504 0.1646 0.7416
vn 0.6503 0.1647 0.7416
vn 0.8529 0.1736 0.4924
vn -0.0000 1.0000 -0.0001
vn -0.5480 0.1647 0.8201
vn -0.0000 -0.9999 0.0128
vn -0.0000 -1.0000 0.0037
vn 0.7423 0.1851 -0.6439
vn 0.7833 0.1601 -0.6006
vn -0.7423 0.1851 -0.6439
vn -0.7833 0.1602 -0.6006
vn -0.0000 -0.9999 0.0127
vn -0.0000 -1.0000 -0.0007
vn -0.3805 0.1670 0.9096
vn -0.6633 0.1733 0.7280
vn 0.1627 0.1670 0.9724
vn -0.8894 0.2514 -0.3818
vn -0.9189 -0.0103 -0.3944
vn -0.8191 0.1556 -0.5522
vn -0.9936 0.0024 -0.1131
vn -1.0000 -0.0008 -0.0000
vn -0.9936 0.0024 0.1131
vn 0.6559 0.1670 0.7362
vn -0.8529 0.1736 0.4924
vn -0.8210 0.1733 0.5440
vn -0.7478 0.1733 0.6409
vn -0.5577 0.5328 0.6365
vn -0.5442 0.2032 0.8140
vn -0.3748 0.1616 0.9129
vn -0.0075 0.2114 0.9774
vn -0.0641 0.2002 0.9777
vn 0.9301 0.1874 0.3158
vn 0.5445 0.1992 0.8148
vn 0.2454 0.1496 0.9578
vn 0.6940 0.1546 0.7032
vn 0.8529 0.1737 -0.4924
vn 0.7548 0.1711 -0.6333
vn 0.7661 -0.0000 -0.6428
vn 0.5000 -0.0000 -0.8660
vn 0.1736 -0.0000 -0.9848
vn 0.8529 0.1736 -0.4924
vn 0.8660 -0.0000 -0.5000
vn 0.8528 0.1735 -0.4926
vn 0.9444 0.1750 0.2782
vn -0.0000 1.0000 0.0004
vn -0.0000 1.0000 -0.0003
vn 0.0640 0.2057 0.9765
vn 0.0488 0.1981 0.9790
vn 0.5442 0.2032 0.8140
vn 0.3749 0.1615 0.9129
vn 0.5575 0.5331 0.6364
vn -0.8529 0.1737 -0.4924
vn -0.8660 -0.0000 -0.5000
vn -0.7660 -0.0000 -0.6428
vn -0.8528 0.1735 -0.4926
vn -0.8529 0.1739 -0.4923
vn -0.8529 0.1736 -0.4924
vn -0.9302 0.1874 0.3157
vn -0.6940 0.1546 0.7032
vn -0.5444 0.1992 0.8148
vn -0.1627 0.1670 0.9724
vn 0.3805 0.1671 0.9096
vn 0.3805 0.1670 0.9096
vn 0.6633 0.1733 0.7280
vn 0.6633 0.1733 0.7281
vn 0.7478 0.1733 0.6409
vn 0.7478 0.1734 0.6409
vn 0.8209 0.1733 0.5441
vn 0.8191 0.1555 -0.5522
vn 0.6275 0.1962 -0.7535
vn 0.6399 -0.0065 -0.7684
vn 0.8895 0.2511 -0.3818
vn 0.9936 0.0024 -0.1131
vn 0.9658 0.0149 -0.2588
vn 1.0000 -0.0008 -0.0000
vn -0.6559 0.1670 0.7362
vn -0.0000 -0.9999 0.0129
vn -0.7424 0.1851 -0.6439
vn -0.7833 0.1601 -0.6006
vn -0.7521 -0.0017 -0.6590
vn -0.7071 0.0117 -0.7071
vn -0.4129 -0.0090 -0.9107
vn -0.6504 0.1647 0.7416
vn -0.8529 0.1737 0.4924
vn -0.6503 0.1647 0.7416
vn -0.0645 0.1647 0.9842
vn 0.9340 0.1647 0.3171
vn 0.5480 0.1647 0.8201
vn 0.9340 0.1647 0.3170
vn -0.0000 1.0000 0.0002
vn -0.0000 1.0000 0.0001
vn 0.9425 0.1819 -0.2802
vn 0.9569 0.1632 -0.2401
vn 0.9748 0.1782 0.1340
vn 0.9731 0.1665 0.1594
vn 0.8332 0.1742 0.5249
vn 0.8292 0.1702 0.5324
vn -0.9731 0.1665 0.1595
vn -0.9748 0.1782 0.1340
vn -0.9569 0.1632 -0.2401
vn -0.9425 0.1819 -0.2802
vn -0.5583 0.1592 -0.8142
vn -0.6275 0.1962 -0.7535
vn -0.6399 -0.0065 -0.7684
vn -0.7070 0.0118 -0.7071
vn -0.2178 0.1841 -0.9585
vn -0.2216 -0.0014 -0.9751
vn -0.1945 0.1724 -0.9656
vn 0.9517 0.1678 0.2572
vn 0.6220 0.1517 -0.7681
vn 0.8966 0.1458 -0.4181
vn 0.7354 0.2080 -0.6449
vn 0.7518 -0.0000 -0.6593
vn 0.9883 0.1518 0.0172
vn 0.9667 0.2080 -0.1488
vn 0.9884 -0.0000 -0.1521
vn -0.0000 0.1737 -0.9848
vn 0.2217 0.1693 -0.9603
vn 0.2745 0.1943 -0.9417
vn -0.8966 0.1458 -0.4181
vn -0.9667 0.2080 -0.1488
vn -0.9884 -0.0000 -0.1521
vn -0.6220 0.1517 -0.7682
vn -0.7354 0.2080 -0.6449
vn -0.7518 -0.0000 -0.6593
vn -0.2217 0.1693 -0.9603
vn -0.2745 0.1944 -0.9417
vn -0.2798 -0.0000 -0.9601
vn -0.9883 0.1517 0.0173
vn 0.9569 0.1631 -0.2401
vn 0.9426 0.1818 -0.2802
vn 0.9731 0.1665 0.1595
vn 0.1945 0.1724 -0.9656
vn 0.2178 0.1841 -0.9585
vn 0.5583 0.1593 -0.8142
vn -0.9426 0.1819 -0.2802
vn -0.8292 0.1702 0.5324
vn -0.7036 0.1738 0.6890
vn -0.7036 0.1736 0.6890
vn -0.8332 0.1743 0.5248
vn -0.9570 0.0018 -0.2900
vn -0.9659 0.0090 -0.2588
vn -0.9914 -0.0070 0.1306
vn -0.9658 0.0155 0.2588
vn -0.7070 0.0171 0.7070
vn -0.8492 -0.0111 0.5280
vn 0.2798 -0.0000 -0.9601
vn 0.9659 0.0090 -0.2588
vn 0.9570 0.0018 -0.2900
vn 0.9658 0.0154 0.2588
vn 0.8491 -0.0111 0.5281
vn 0.9914 -0.0070 0.1306
vn 0.7070 0.0171 0.7070
vn 0.6595 0.0080 0.7516
vn -0.0000 0.1736 -0.9848
vn -0.2225 0.9749 -0.0000
vn 0.4340 0.9009 -0.0000
vn 0.4339 0.9010 -0.0000
vn 0.7072 0.7071 -0.0000
vn -0.4340 0.9009 -0.0000
vn -0.7072 0.7071 -0.0000
vn -0.4339 0.9010 -0.0000
vn 0.2225 0.9749 -0.0000
vn -0.7818 0.6235 -0.0000
vn 0.7820 0.6233 -0.0000
vn 0.7818 0.6235 -0.0000
vn 0.7072 -0.7071 -0.0000
vn -0.7072 -0.7071 -0.0000
vn -0.7818 -0.6235 -0.0000
vn 0.7818 -0.6235 -0.0000
vn 0.7820 -0.6233 -0.0000
vn 0.4339 -0.9010 -0.0000
vn 0.4340 -0.9009 -0.0000
vn -0.4339 -0.9010 -0.0000
vn -0.2225 -0.9749 -0.0000
vn 0.2225 -0.9749 -0.0000
vn -0.4340 -0.9009 -0.0000
vn 0.9570 0.0019 -0.2900
vn -0.9570 0.0018 -0.2901
vn -0.0000 -1.0000 -0.0006
vn -0.0000 -1.0000 -0.0002
vn 0.9658 0.0155 0.2588
vn 0.8491 -0.0111 0.5280
vn 0.6595 0.0080 0.7517
vn 0.4130 -0.0089 0.9107
vn -0.9914 -0.0070 0.1307
vn 0.9957 0.0922 -0.0000
vn -0.7037 0.1736 0.6890
vn 0.8332 0.1743 0.5248
vn 0.8292 0.1701 0.5324
vn 0.1992 0.1682 -0.9654
vn 0.2407 0.1881 -0.9522
vn -0.1992 0.1682 -0.9654
vn -0.2407 0.1881 -0.9522
vn -0.2451 0.0014 -0.9695
vn -0.2588 0.0048 -0.9659
vn 0.7036 0.1737 0.6890
vn -0.6595 0.0080 0.7517
vn -0.4130 -0.0090 0.9107
vn -0.2588 0.0165 0.9658
vn -0.0000 -0.0114 0.9999
vn 0.2588 0.0165 0.9658
vn -0.7036 0.1736 0.6891
vn 0.7036 0.1736 0.6890
vn -0.6595 0.0080 0.7516
vn -0.4129 -0.0090 0.9107
vn 0.4129 -0.0090 0.9107
vn 0.7037 0.1736 0.6890
vn 0.5624 0.1565 -0.8119
vn 0.6452 0.1986 -0.7377
vn 0.7585 0.1734 -0.6282
vn 0.8438 0.1729 -0.5080
vn 0.7036 0.1738 0.6890
vn -0.5624 0.1564 -0.8119
vn -0.6846 0.2193 -0.6952
vn -0.6487 0.1698 -0.7418
vn -0.8439 0.1728 -0.5079
vn -0.8805 0.2215 -0.4192
vn -0.9847 0.1743 -0.0000
vn 0.9848 0.1738 -0.0000
vn 0.8217 0.1733 0.5429
vn 0.8529 0.1737 0.4924
vn 0.8218 0.1733 0.5427
vn 0.7508 0.1734 0.6374
vn 0.8583 0.3805 -0.3442
vn 0.8805 0.2213 -0.4192
vn 0.9282 -0.0087 -0.3721
vn 0.9953 0.0018 -0.0970
vn 0.9658 0.0137 -0.2588
vn -0.9953 0.0018 -0.0970
vn -1.0000 -0.0006 -0.0000
vn -0.9953 0.0018 0.0970
vn -0.9282 -0.0087 -0.3720
vn -0.9658 0.0137 -0.2588
vn -0.8583 0.3805 -0.3442
vn -0.8217 0.1733 0.5429
vn -0.0000 1.0000 -0.0002
vn 0.7518 -0.0000 -0.6594
vn -0.1570 0.1670 0.9734
vn 0.3880 0.1670 0.9064
vn 0.6689 0.1733 0.7229
vn 0.6690 0.1733 0.7228
vn 0.7508 0.1733 0.6374
vn -0.6532 0.1670 0.7385
vn -0.6533 0.1670 0.7385
vn -0.3880 0.1670 0.9064
vn -0.6690 0.1734 0.7228
vn 0.1570 0.1670 0.9734
vn 0.6533 0.1671 0.7385
vn 0.6533 0.1670 0.7385
vn -0.7508 0.1733 0.6374
vn -0.8218 0.1733 0.5427
vn -0.7508 0.1734 0.6374
vn 0.6504 0.1647 0.7415
vn 0.9153 -0.0000 0.4027
vn 0.7660 -0.0000 0.6428
vn 0.7544 0.1736 0.6330
vn -0.9153 -0.0000 0.4027
vn -0.7660 -0.0000 0.6428
vn -0.7544 0.1736 0.6330
vn 0.8927 0.1730 -0.4162
vn 0.8926 0.1730 -0.4163
vn 0.9514 0.1730 -0.2549
vn 0.9812 0.1731 -0.0858
vn 0.9812 0.1730 -0.0858
vn -0.9513 0.1609 0.2629
vn 0.9567 0.1687 0.2372
vn 0.9513 0.1609 0.2629
vn 0.8979 0.1943 0.3951
vn 0.8781 0.1693 0.4474
vn -0.8979 0.1943 0.3951
vn -0.8782 0.1694 0.4474
vn -0.7544 0.1737 0.6330
vn 0.7544 0.1737 0.6330
vn 0.7548 0.1710 -0.6333
vn 0.4926 0.1711 -0.8532
vn 0.4926 0.1711 -0.8533
vn 0.1711 0.1711 -0.9703
vn -0.7548 0.1711 -0.6333
vn -0.9810 0.1730 0.0879
vn -0.4926 0.1711 -0.8533
vn -0.5000 -0.0000 -0.8660
vn -0.1711 0.1711 -0.9703
vn 0.9485 0.1889 0.2542
vn 0.9470 0.1878 0.2606
vn 0.2340 0.4265 0.8737
vn 0.3908 0.1635 0.9058
vn 0.6340 0.1821 0.7516
vn 0.6921 0.2047 0.6921
vn -0.9485 0.1889 0.2541
vn -0.2340 0.4265 0.8737
vn -0.3909 0.1635 0.9058
vn -0.0000 0.1735 -0.9848
vn -0.1736 -0.0000 -0.9848
vn -0.1737 -0.0000 -0.9848
vn -0.6949 0.1845 0.6950
vn -0.6744 0.2098 0.7079
vn 0.9810 0.1730 0.0879
vn -0.0000 1.0000 0.0003
vn -0.9570 0.2902 -0.0000
vn -0.9570 -0.2902 -0.0000
vn -0.8926 0.1730 -0.4163
vn -0.9514 0.1730 -0.2549
vn -0.7341 0.1766 0.6557
vn -0.6819 0.1556 0.7147
vn -0.3424 0.1825 0.9217
vn -0.2183 0.1518 0.9640
vn -0.8926 0.1731 -0.4163
vn 0.3424 0.1825 0.9216
vn 0.2183 0.1517 0.9640
vn 0.6819 0.1556 0.7147
vn 0.7341 0.1765 0.6557
vn -0.9485 0.1890 0.2541
vn -0.6743 0.2099 0.7080
vn -0.3909 0.1636 0.9058
vn -0.2340 0.4266 0.8736
vn 0.9485 0.1890 0.2541
vn 0.9471 0.1877 0.2604
vn 0.6922 0.2046 0.6921
vn 0.6338 0.1820 0.7518
vn 0.2340 0.4266 0.8737
vn -0.0000 0.1734 -0.9849
vn -0.9514 0.1730 -0.2550
vn -0.9812 0.1731 -0.0859
vn -0.0000 1.0000 -0.0004
vn 0.8630 0.1675 0.4766
vn 0.8920 0.1771 0.4160
vn -0.8920 0.1772 0.4159
vn -0.9409 0.1684 0.2939
vn -0.8630 0.1675 0.4766
vn -0.9812 0.1730 -0.0858
vn -0.9812 0.1730 0.0859
vn 0.4815 0.1603 -0.8617
vn 0.4387 0.1878 -0.8788
vn 0.4466 -0.0000 -0.8947
vn 0.7164 0.1637 -0.6782
vn 0.6909 0.1844 -0.6991
vn 0.7029 -0.0000 -0.7113
vn 0.8856 0.1675 -0.4331
vn 0.8748 0.1805 -0.4497
vn 0.8894 -0.0000 -0.4572
vn 0.9739 0.1717 -0.1488
vn 0.9720 0.1762 -0.1551
vn 0.9875 -0.0000 -0.1576
vn -0.7164 0.1638 -0.6782
vn -0.8748 0.1806 -0.4496
vn -0.8894 -0.0000 -0.4572
vn -0.9875 -0.0000 -0.1576
vn -0.4815 0.1603 -0.8617
vn -0.6909 0.1844 -0.6991
vn -0.7029 -0.0000 -0.7113
vn -0.8857 0.1675 -0.4331
vn -0.9720 0.1762 -0.1551
vn -0.9738 0.1718 -0.1488
vn 0.9810 0.1730 0.0881
vn -0.0000 1.0000 -0.0005
vn -0.9567 0.1687 0.2372
vn 0.9812 0.1730 0.0858
vn 0.9804 0.1703 0.0992
vn 0.9510 0.1755 0.2547
vn 0.9409 0.1684 0.2939
vn -0.9804 0.1702 0.0993
vn -0.9510 0.1755 0.2547
vn 0.7071 0.0099 -0.7071
vn 0.6583 -0.0043 -0.7527
vn 0.2588 0.0048 -0.9659
vn 0.2451 0.0015 -0.9695
vn 0.9658 0.0149 0.2588
vn 0.8959 -0.0018 0.4442
vn 0.8793 0.1917 0.4360
vn 0.8491 0.1676 0.5009
vn -0.4466 -0.0000 -0.8947
vn -0.4387 0.1878 -0.8788
vn -0.6583 -0.0044 -0.7527
vn -0.7071 0.0099 -0.7071
vn -0.9658 0.0148 0.2588
vn -0.9687 0.0129 0.2479
vn -0.9476 0.2078 0.2426
vn -0.9470 0.1877 0.2605
vn -0.8881 0.1724 0.4260
vn -0.7851 0.1734 0.5946
vn -0.9470 0.1878 0.2605
vn 0.8881 0.1724 0.4261
vn 0.8880 0.1724 0.4262
vn 0.7851 0.1734 0.5946
vn 0.3909 0.1635 0.9058
vn -0.2588 0.0074 -0.9659
vn 0.2588 0.0074 -0.9659
vn 0.2216 -0.0014 -0.9751
vn 0.7071 0.0118 -0.7070
vn 0.8528 0.1737 -0.4924
vn -0.2453 0.1496 0.9578
vn -0.9658 0.0149 -0.2588
vn 0.9189 -0.0103 -0.3944
vn -0.9658 0.0149 0.2588
vn -0.7070 0.0170 0.7070
vn -0.7813 0.0031 0.6242
vn -0.7694 0.1736 0.6147
vn -0.8213 0.1536 0.5495
vn 0.9635 0.0133 0.2674
vn 0.9572 0.1151 0.2656
vn 0.8743 0.1898 0.4468
vn 0.8213 0.1537 0.5495
vn 0.7695 0.1735 0.6147
vn 0.7078 0.1759 0.6842
vn 0.7067 0.1748 0.6856
vn 0.7070 0.0170 0.7070
vn 0.5059 -0.0175 0.8624
vn 0.9473 0.1670 0.2734
vn 0.9473 0.1671 0.2734
vn 0.9936 0.0024 0.1131
vn -0.9473 0.1670 0.2735
vn -0.9473 0.1670 0.2734
vn 0.9953 0.0018 0.0970
vn -0.9470 0.1670 0.2745
vn 0.9470 0.1669 0.2746
vn 0.9470 0.1670 0.2745
vn 0.9476 0.2078 0.2426
vn 0.9687 0.0129 0.2480
vn -0.9849 0.1733 -0.0000
vn 0.5060 -0.0175 0.8624
vn 0.9848 0.1735 -0.0000
vn -0.9571 0.1154 0.2656
vn -0.8742 0.1899 0.4468
vn -0.8904 -0.0019 0.4551
vn -0.9848 0.1735 -0.0000
vn 0.9849 0.1733 -0.0000
vn 0.9848 0.1739 -0.0000
vn -0.7838 0.0026 0.6210
vn -0.7709 0.1807 0.6108
vn -0.8491 0.1675 0.5010
vn 0.9213 0.1571 0.3558
vn -0.9212 0.1576 0.3558
vn -0.8792 0.1918 0.4360
vn -0.8959 -0.0017 0.4443
vn 0.7574 0.1741 0.6293
vn 0.7709 0.1807 0.6108
vn 0.7838 0.0026 0.6210
vn -0.7575 0.1741 0.6292
vn -0.7091 0.1736 0.6834
vn -0.7088 0.1731 0.6838
vn -0.7067 0.1756 0.6853
vn -0.7026 0.1746 0.6898
vn -0.7059 0.1729 0.6869
vn 0.2588 0.0170 0.9658
vn -0.0000 -0.0175 0.9998
vn -0.7036 0.1737 0.6890
vn -0.5060 -0.0175 0.8624
vn -0.2588 0.0170 0.9658
vn 0.7036 0.1736 0.6891
vn -0.7047 0.1732 0.6881
vn 0.7091 0.1736 0.6834
vn 0.7085 0.1738 0.6840
vn 0.7049 0.1735 0.6878
vn 0.7062 0.1717 0.6869
vn -0.7547 0.1711 -0.6333
vn -0.9635 0.0134 0.2674
vn 0.8904 -0.0019 0.4551
vn 0.7813 0.0031 0.6241
vn -1.0000 0.0005 -0.0000
vn -0.9997 -0.0245 -0.0000
vn -0.9863 0.1648 -0.0000
vn -1.0000 -0.0040 -0.0000
vn -1.0000 -0.0025 -0.0000
vn -0.9986 -0.0522 -0.0000
vn -1.0000 -0.0002 -0.0000
vn -1.0000 0.0001 -0.0000
vn -1.0000 -0.0003 -0.0000
vn -1.0000 -0.0001 -0.0000
vn -0.9980 -0.0625 -0.0000
vn -1.0000 -0.0007 -0.0000
vn -1.0000 0.0021 -0.0000
vn -0.9913 0.1313 -0.0000
vn -0.9986 0.0522 -0.0000
vn -1.0000 0.0011 -0.0000
vn -1.0000 0.0012 -0.0000
vn -1.0000 0.0006 -0.0000
vn -1.0000 0.0002 -0.0000
vn -0.0000 -0.9660 0.2587
vn -0.0000 -0.7071 0.7072
vn -0.0000 -0.2589 0.9659
vn -0.0000 0.2589 0.9659
vn -0.0000 0.9659 0.2588
vn -0.0000 0.9915 -0.1303
vn -0.0000 0.9240 -0.3824
vn -0.0000 0.9236 -0.3833
vn -0.0000 0.9338 -0.3578
vn -0.0000 0.7929 -0.6093
vn -0.0000 0.7938 -0.6082
vn -0.0000 0.5000 -0.8660
vn -0.0000 -0.4999 -0.8661
vn -0.0000 -0.7928 -0.6095
vn -0.0000 -0.7937 -0.6083
vn -0.0000 -0.9240 -0.3825
vn -0.0000 -0.9238 -0.3829
vn -0.0000 -0.9915 -0.1305
vn -0.0000 -0.9915 0.1305
vn -0.0000 -0.9238 0.3829
vn -0.0000 -0.9240 0.3825
vn -0.0000 -0.7936 0.6085
vn -0.0000 -0.7930 0.6093
vn -0.0000 -0.5001 0.8660
vn -0.0000 0.5000 0.8660
vn -0.0000 0.7940 0.6079
vn -0.0000 0.7927 0.6096
vn 0.0001 0.9130 0.4080
vn -0.0000 0.9241 0.3821
vn -0.0000 0.9238 0.3829
vn -0.0000 0.9914 0.1308
vn -0.0000 0.9659 -0.2588
vn -0.0000 0.2588 -0.9659
vn -0.0000 -0.2588 -0.9659
vn -0.0000 -0.9659 -0.2589
vn -0.0010 -0.0000 1.0000
vn 0.0065 -0.0000 1.0000
vn -0.0011 -0.0000 1.0000
vn -0.0022 -0.0000 1.0000
vn 0.0001 -0.0000 1.0000
vn -0.0000 -0.7809 0.6247
vn -0.2736 -0.0000 0.9619
vn -0.2665 -0.0000 0.9638
vn -0.2474 -0.0000 0.9689
vn -0.0003 -0.0000 1.0000
vn -0.0000 0.9683 0.2499
vn 0.2570 -0.0000 0.9664
vn 0.2544 -0.0000 0.9671
vn 1.0000 0.0003 -0.0000
vn 0.2577 -0.0000 -0.9662
vn 0.2570 -0.0000 -0.9664
vn 0.2571 -0.0000 -0.9664
vn -0.2571 -0.0000 -0.9664
vn -0.2570 -0.0000 -0.9664
vn -0.2583 -0.0000 -0.9661
vn -0.2577 -0.0000 -0.9662
vn -0.0000 -1.0000 -0.0050
vn -0.0000 -1.0000 0.0069
vn 0.0014 -0.0002 -1.0000
vn -0.0003 -0.0000 -1.0000
vn -0.0005 -0.0002 -1.0000
vn -0.2215 0.9752 -0.0000
vn -0.7817 0.6236 -0.0000
vn -0.7817 0.6237 -0.0000
vn -0.7823 -0.6229 -0.0000
vn 0.7071 -0.0000 -0.7071
vn 0.7071 0.0001 -0.7071
vn 0.7019 -0.0000 -0.7123
vn 0.7071 -0.0000 -0.7072
vn -0.0000 -1.0000 -0.0013
vn 0.2583 -0.0000 -0.9661
vn 0.7072 -0.0000 -0.7070
vn 0.7123 -0.0000 -0.7019
vn 0.7071 -0.0001 -0.7071
vn 0.4325 0.9016 -0.0000
vn 0.4325 0.9017 -0.0000
vn 0.2215 0.9752 -0.0000
vn -0.4318 0.9020 -0.0000
vn -0.4318 0.9019 -0.0000
vn 0.7824 0.6228 -0.0000
vn 0.7824 0.6227 -0.0000
vn -0.7076 0.7066 -0.0000
vn -0.7077 0.7065 -0.0000
vn 0.4337 -0.9010 -0.0000
vn 0.4338 -0.9010 -0.0000
vn -0.7077 -0.7065 -0.0000
vn -0.7076 -0.7066 -0.0000
vn -0.4331 -0.9013 -0.0000
vn -0.2576 -0.0000 -0.9663
vn 0.7830 -0.6220 -0.0000
vn -0.2215 -0.9752 -0.0000
vn 0.2215 -0.9752 -0.0000
vn -0.0000 0.9982 0.0594
vn -0.0000 0.9991 0.0425
vn 0.9665 -0.0000 -0.2568
vn 0.9664 -0.0000 -0.2569
vn 0.9661 -0.0000 -0.2583
vn 0.9662 -0.0000 -0.2576
vn 0.9664 -0.0000 -0.2571
vn 0.9671 -0.0000 0.2545
vn 0.9664 -0.0000 0.2571
vn 0.9661 -0.0000 0.2583
vn 0.9665 -0.0000 0.2568
vn -0.7071 -0.0000 -0.7072
vn -0.7071 -0.0000 -0.7071
vn -0.7072 -0.0000 -0.7071
vn -0.2584 -0.0000 -0.9660
vn -0.2576 -0.0000 -0.9662
vn -0.2578 -0.0000 -0.9662
vn -0.7037 -0.0000 -0.7105
vn -0.9656 -0.0000 -0.2600
vn -0.9638 -0.0000 -0.2665
vn -0.9673 -0.0001 -0.2535
vn -0.9673 -0.0000 -0.2534
vn -0.9639 -0.0001 -0.2661
vn -0.9661 -0.0000 -0.2583
vn -0.9645 -0.0000 0.2641
vn -0.9673 0.0001 0.2535
vn -0.9658 -0.0000 0.2594
vn -0.9638 -0.0000 0.2665
vn -0.0000 0.9999 0.0153
vn -0.9651 -0.0000 -0.2618
vn -0.9825 -0.0000 -0.1860
vn -0.9656 -0.0000 -0.2601
vn -0.7072 -0.0000 -0.7070
vn -0.0000 0.9994 0.0355
vn -0.2575 -0.0000 -0.9663
vn -0.2600 -0.0000 -0.9656
vn 0.9248 -0.3805 -0.0000
vn 0.9248 -0.3804 -0.0000
vn 0.9224 0.0068 0.3862
vn 0.8311 -0.0000 0.5562
vn 0.9816 -0.0000 0.1910
vn -0.0000 -0.9816 0.1907
vn -0.0001 -0.9815 0.1914
vn 0.4359 0.9000 -0.0000
vn -0.2226 0.9749 -0.0000
vn 0.2226 0.9749 -0.0000
vn -0.4358 0.9000 -0.0000
vn -0.4359 0.9000 -0.0000
vn -0.7828 0.6223 -0.0000
vn 0.7829 0.6222 -0.0000
vn 0.7828 0.6223 -0.0000
vn 0.7053 0.7090 -0.0000
vn 0.7062 -0.7080 -0.0000
vn 0.4359 -0.9000 -0.0000
vn -0.7062 0.7080 -0.0000
vn -0.7062 0.7081 -0.0000
vn -0.7072 -0.7070 -0.0000
vn -0.4359 -0.9000 -0.0000
vn -0.0000 -0.1922 0.9814
vn -0.0076 -0.3768 0.9263
vn -0.0000 -0.5576 0.8301
vn -0.7816 -0.6237 -0.0000
vn 0.7816 -0.6237 -0.0000
vn 0.7818 -0.6236 -0.0000
vn -0.4358 -0.9000 -0.0000
vn -0.2253 -0.9743 -0.0000
vn -0.2254 -0.9743 -0.0000
vn 0.1922 -0.0000 0.9814
vn 0.3768 -0.0076 0.9262
vn 0.5578 -0.0000 0.8300
vn 0.2253 -0.9743 -0.0000
vn 0.2254 -0.9743 -0.0000
vn 0.0005 -0.8314 0.5556
vn -0.0000 -0.8312 0.5560
vn 0.5532 -0.8331 -0.0000
vn 0.9224 0.0068 -0.3862
vn 0.9816 -0.0000 -0.1910
vn -0.9236 -0.3834 -0.0000
vn -0.9235 -0.3835 -0.0000
vn -0.5532 -0.8331 -0.0000
vn -0.5528 -0.8333 -0.0000
vn -0.5578 -0.0000 -0.8300
vn -0.3768 -0.0076 -0.9262
vn -0.8310 -0.0000 -0.5563
vn -0.9212 0.0067 -0.3891
vn -0.9183 0.0062 -0.3958
vn -0.9212 0.0067 0.3891
vn -0.9803 -0.0000 0.1974
vn -0.8310 -0.0000 0.5563
vn -0.8312 -0.0000 0.5560
vn -0.5578 -0.0000 0.8300
vn -0.3768 -0.0076 0.9263
vn -0.1922 -0.0000 0.9814
vn 0.0076 -0.3768 0.9263
vn -0.0000 -0.5577 0.8301
vn -0.0069 -0.9223 0.3863
vn 0.9800 -0.1989 -0.0000
vn 0.9801 -0.1987 -0.0000
vn 0.8330 -0.5533 -0.0000
vn 0.8331 -0.5531 -0.0000
vn 0.3806 -0.9248 -0.0000
vn 0.3803 -0.9248 -0.0000
vn 0.3805 -0.9248 -0.0000
vn -0.0069 -0.9222 0.3866
vn 0.1987 -0.9801 -0.0000
vn -0.0000 -0.1922 -0.9814
vn -0.0000 -0.5576 -0.8301
vn 0.0076 -0.3768 -0.9263
vn -0.0000 -0.8310 -0.5562
vn -0.0000 -0.8312 -0.5560
vn -0.0069 -0.9224 -0.3863
vn -0.0069 -0.9228 -0.3853
vn -0.0000 -0.8308 0.5566
vn 0.0069 -0.9223 0.3865
vn 0.0069 -0.9229 0.3851
vn -0.3805 -0.9248 -0.0000
vn -0.3804 -0.9248 -0.0000
vn -0.8333 -0.5529 -0.0000
vn -0.8330 -0.5533 -0.0000
vn -0.9801 -0.1987 -0.0000
vn -0.9801 -0.1985 -0.0000
vn -0.3806 -0.9247 -0.0000
vn 0.0069 -0.9224 -0.3862
vn 0.0069 -0.9224 -0.3863
vn -0.0076 -0.3768 -0.9263
vn -0.1987 -0.9801 -0.0000
vn 0.8311 -0.0000 -0.5562
vn 0.5578 -0.0000 -0.8300
vn 0.3768 -0.0076 -0.9263
vn 0.1922 -0.0000 -0.9814
vn -0.1922 -0.0000 -0.9814
vn -0.2618 -0.0000 -0.9651
vn -0.2604 0.1044 -0.9598
vn 0.4327 0.9015 -0.0000
vn 0.4328 0.9015 -0.0000
vn -0.2217 0.9751 -0.0000
vn -0.2216 0.9751 -0.0000
vn -0.0000 0.2632 -0.9648
vn -0.0000 0.7068 -0.7074
vn -0.0000 0.9649 -0.2627
vn -0.0000 0.9652 0.2614
vn 1.0000 0.0004 -0.0000
vn 0.9664 -0.0000 0.2570
vn 0.7072 0.7070 -0.0000
vn 0.7071 -0.7072 -0.0000
vn 0.4326 -0.9016 -0.0000
vn 0.4325 -0.9016 -0.0000
vn 0.7072 -0.7070 -0.0000
vn -0.7071 0.0267 -0.7066
vn -0.7244 0.1681 -0.6686
vn 0.2631 -0.0000 -0.9648
vn 0.2576 0.2019 -0.9449
vn 0.2140 0.2570 -0.9424
vn -0.0000 1.0000 -0.0006
vn -0.0000 1.0000 0.0017
vn -0.9809 -0.0000 0.1946
vn -0.4312 0.9023 -0.0000
vn -0.4311 0.9023 -0.0000
vn -0.4309 -0.9024 -0.0000
vn 0.7045 -0.0000 -0.7097
vn 0.7042 0.0404 -0.7088
vn 0.6681 0.1677 -0.7249
vn 0.7798 0.6261 -0.0000
vn 0.7796 0.6263 -0.0000
vn -0.0000 0.2632 -0.9647
vn -0.0000 0.9647 -0.2632
vn 0.2629 0.9648 -0.0000
vn 0.2617 0.9604 0.0959
vn -0.0000 0.9649 -0.2626
vn -0.0000 0.7069 -0.7073
vn -0.9660 -0.0000 -0.2586
vn -0.9663 0.0001 -0.2574
vn -0.0000 0.9651 0.2619
vn 0.1048 0.9598 0.2605
vn -0.9998 -0.0206 -0.0000
vn 0.7071 0.7072 -0.0000
vn -0.7817 -0.6237 -0.0000
vn 0.7796 -0.6263 -0.0000
vn 0.7798 -0.6261 -0.0000
vn -0.4310 -0.9023 -0.0000
vn -0.2216 -0.9751 -0.0000
vn -0.2217 -0.9751 -0.0000
vn 0.2226 -0.9749 -0.0000
vn -0.0000 0.2631 -0.9648
vn 0.2784 0.6789 -0.6795
vn -0.9461 0.2021 -0.2530
vn -0.9439 0.2525 -0.2130
vn 0.9589 0.1220 -0.2563
vn 0.9478 0.2255 -0.2255
vn 0.9588 0.2561 -0.1229
vn 0.9661 -0.0000 -0.2582
vn -0.4972 0.4971 -0.7111
vn -0.4963 0.4995 -0.7101
vn -0.2245 0.2245 -0.9483
vn -0.1021 0.2619 -0.9597
vn 0.2784 0.6791 -0.6791
vn 0.7118 0.4967 -0.4967
vn 0.7119 0.4968 -0.4964
vn -0.0266 0.7067 -0.7070
vn -0.1682 0.7249 -0.6680
vn -0.2019 0.9451 -0.2571
vn -0.2556 0.9427 -0.2145
vn -0.2617 0.9652 -0.0000
vn -0.2603 0.9602 0.1012
vn 0.2141 0.9426 -0.2565
vn -0.6792 0.6791 -0.2783
vn -0.7071 0.7066 0.0281
vn -0.6763 0.6805 -0.2820
vn 0.6686 0.7243 -0.1687
vn 0.7040 0.7091 -0.0403
vn 0.2575 0.9451 -0.2013
vn -0.9661 0.2583 -0.0000
vn 0.9661 0.2583 -0.0000
vn 0.2630 0.9648 -0.0000
vn 0.7046 0.7096 -0.0000
vn 0.7045 0.7097 -0.0000
vn -0.9664 -0.0000 0.2571
vn -0.9443 0.2126 0.2512
vn 0.9664 -0.0000 0.2569
vn 0.9444 0.2125 0.2511
vn 0.9465 0.2529 0.2005
vn -0.9464 0.2534 0.2003
vn -0.7251 0.6682 0.1667
vn 0.7046 0.7094 0.0169
vn 0.7248 0.6686 0.1664
vn -0.0000 0.9653 0.2613
vn -0.7815 0.6239 -0.0000
vn -0.7819 0.6234 -0.0000
vn -0.7071 0.7072 -0.0000
vn -0.7819 -0.6234 -0.0000
vn -0.7815 -0.6239 -0.0000
vn 0.2631 -0.0000 0.9648
vn -0.7071 -0.7072 -0.0000
vn -0.7071 -0.0000 0.7071
vn -0.6792 0.2783 0.6791
vn -0.6763 0.2815 0.6807
vn 0.6769 0.2786 0.6813
vn 0.7045 -0.0000 0.7097
vn 0.6767 0.2780 0.6817
vn -0.0000 1.0000 0.0008
vn -0.4966 0.7116 0.4970
vn -0.4963 0.7101 0.4994
vn -0.2236 0.9487 0.2235
vn -0.1028 0.9599 0.2607
vn 0.2233 0.9485 0.2249
vn 0.4947 0.7119 0.4984
vn 0.4953 0.7115 0.4985
vn -0.0000 0.7072 0.7071
vn -0.0000 0.7069 0.7073
vn 0.0276 0.7065 0.7072
vn -0.1681 0.6678 0.7251
vn -0.0271 0.7065 0.7072
vn 0.1679 0.6687 0.7244
vn 0.2016 0.2577 0.9449
vn -0.0000 0.2632 0.9647
vn -0.0000 0.2631 0.9648
vn 0.2570 0.2140 0.9424
vn -0.2618 -0.0000 0.9651
vn -0.2557 0.2149 0.9426
vn -0.2017 0.2580 0.9449
vn -0.0000 1.0000 0.0006
vn -0.0000 0.2632 0.9648
vn -0.0000 1.0000 0.0021
vn 0.0005 -0.8321 -0.5547
vn -0.0002 -0.8315 -0.5555
vn -0.0000 -0.8308 -0.5566
vn -0.0000 -0.9816 -0.1909
vn -0.7816 0.6237 -0.0000
vn -0.0000 0.0001 1.0000
vn -0.2588 -0.0000 0.9659
vn -0.2468 0.3019 0.9208
vn -0.5416 0.2229 0.8106
vn -0.7077 0.7066 -0.0000
vn -0.7077 -0.7066 -0.0000
vn -0.7823 -0.6230 -0.0000
vn 0.7071 -0.0000 0.7072
vn 0.7071 -0.0000 0.7071
vn 0.7097 -0.0000 0.7045
vn 0.7072 -0.0000 0.7070
vn -0.0000 -1.0000 0.0013
vn -0.0000 0.9915 -0.1299
vn -0.0000 0.7682 -0.6402
vn 0.2569 -0.0000 0.9664
vn 0.2583 -0.0000 0.9661
vn 0.2601 -0.0000 0.9656
vn -0.7071 -0.0000 0.7072
vn -0.7046 -0.0000 0.7096
vn -0.9651 -0.0000 0.2618
vn -0.9673 -0.0000 0.2534
vn -0.9675 -0.0000 0.2531
vn -0.9657 -0.0000 0.2595
vn -0.7070 -0.0000 0.7072
vn -0.7031 -0.0000 0.7111
vn -0.7072 -0.0000 0.7071
vn -0.2601 -0.0000 0.9656
vn -0.2570 -0.0000 0.9664
vn -0.2583 -0.0000 0.9661
vn -0.2666 -0.0000 0.9638
vn 0.2666 -0.0000 0.9638
vn -0.7096 -0.0000 0.7046
vn -0.7095 -0.0000 0.7047
vn 0.2603 -0.0000 0.9655
vn 0.2599 -0.0000 0.9656
vn -0.2598 -0.0000 0.9657
vn -0.2726 -0.0000 0.9621
vn 0.2567 -0.0000 0.9665
vn -0.0000 -0.9875 -0.1573
vn 0.2597 -0.0000 0.9657
vn -0.0000 -0.9996 -0.0283
vn -0.0000 -0.9983 0.0579
vn 0.2574 -0.0000 0.9663
vn 0.2577 -0.0000 0.9662
vn 0.2576 -0.0000 0.9662
vn 0.6977 -0.0000 0.7164
vn 0.6991 -0.0000 0.7151
vn 0.6985 -0.0000 0.7156
vn 0.7171 -0.0000 0.6970
vn 0.7062 -0.0000 0.7080
vn -0.0000 -0.9996 -0.0274
vn -0.7058 -0.0000 -0.7084
vn -0.2601 -0.0000 -0.9656
vn 0.0069 -0.9220 -0.3872
vn 0.0069 -0.9221 -0.3868
vn 0.0069 -0.9217 -0.3878
vn 0.0069 -0.9220 -0.3871
vn 0.9816 -0.0000 -0.1909
vn 0.9216 0.0069 -0.3880
vn 0.9269 0.0075 -0.3753
vn 0.8298 -0.0000 -0.5581
vn 0.8299 -0.0000 -0.5579
vn -0.0000 -0.8303 -0.5573
vn -0.0000 -0.8299 -0.5578
vn -0.0069 -0.9220 -0.3870
vn -0.0069 -0.9219 -0.3875
vn -0.0069 -0.9220 -0.3871
vn -0.0069 -0.9219 -0.3874
vn 0.3838 -0.9234 -0.0000
vn 0.3829 -0.9238 -0.0000
vn 0.3798 -0.9251 -0.0000
vn 0.3846 -0.9231 -0.0000
vn 0.3826 -0.9239 -0.0000
vn 0.3833 -0.9236 -0.0000
vn 0.3834 -0.9236 -0.0000
vn 0.3832 -0.9237 -0.0000
vn 0.3830 -0.9237 -0.0000
vn 0.3847 -0.9231 -0.0000
vn -0.0069 -0.9209 0.3896
vn -0.0069 -0.9198 0.3924
vn -0.0069 -0.9214 0.3885
vn 1.0000 -0.0017 -0.0000
vn 0.9657 -0.0000 0.2596
vn 0.9814 -0.0000 0.1922
vn 0.9257 0.0076 0.3781
vn 0.9206 0.0069 0.3905
vn 0.8276 -0.0000 0.5613
vn -0.0000 -0.8283 0.5603
vn -0.0069 -0.9208 0.3899
vn -0.0000 -0.8278 0.5610
vn 0.9646 -0.0000 -0.2637
vn 0.9685 -0.0000 -0.2492
vn 0.8278 -0.0000 0.5610
vn 0.9660 -0.0000 -0.2586
vn -0.0000 1.0000 -0.0072
vn -0.0000 0.9993 -0.0370
vn 0.7051 -0.0000 -0.7091
vn 0.7058 -0.0000 -0.7084
vn 0.7069 -0.0000 -0.7073
vn 0.2601 -0.0000 -0.9656
vn 0.2596 -0.0000 -0.9657
vn 0.2591 -0.0000 -0.9659
vn -0.3832 -0.9237 -0.0000
vn -0.3831 -0.9237 -0.0000
vn 0.3832 -0.9236 -0.0000
vn 0.9660 -0.0000 0.2585
vn 0.9662 -0.0000 0.2576
vn -0.0000 0.9999 -0.0123
vn -0.3779 -0.9258 -0.0000
vn -0.3867 -0.9222 -0.0000
vn -0.3836 -0.9235 -0.0000
vn -0.3833 -0.9236 -0.0000
vn -0.3834 -0.9236 -0.0000
vn -0.3849 -0.9230 -0.0000
vn -0.3780 -0.9258 -0.0000
vn -0.3829 -0.9238 -0.0000
vn 0.2561 -0.0000 -0.9667
vn 0.2584 -0.0000 -0.9660
vn 0.2229 -0.0000 -0.9748
vn 0.0069 -0.9206 0.3904
vn 0.0069 -0.9202 0.3914
vn 0.0069 -0.9210 0.3895
vn -0.0000 -0.8281 0.5605
vn -0.0000 -0.8277 0.5611
vn -0.8279 -0.0000 0.5609
vn -0.8276 -0.0000 0.5613
vn -0.9185 0.0063 0.3953
vn 0.0069 -0.9208 0.3899
vn -0.9814 -0.0000 0.1921
vn -0.9206 0.0069 0.3905
vn -0.0000 -0.8304 -0.5572
vn -0.9816 -0.0000 -0.1908
vn -0.9811 -0.0000 -0.1935
vn -0.9198 0.0062 -0.3923
vn -0.9216 0.0069 -0.3880
vn -0.8298 -0.0000 -0.5581
vn -0.8300 -0.0000 -0.5577
vn -0.0000 0.9701 -0.2425
vn -0.0000 0.9884 -0.1521
vn 0.2548 -0.0000 0.9670
vn -0.2754 -0.0000 -0.9613
vn -0.2417 -0.0000 -0.9703
vn -0.2784 -0.0000 -0.9605
vn -0.0000 -0.8682 0.4961
vn -0.0202 -0.0000 -0.9998
vn 0.0045 -0.0000 -1.0000
vn -0.0000 -0.9994 0.0358
vn -0.7061 -0.0000 -0.7081
vn -0.9651 -0.0000 -0.2619
vn -0.0000 -0.9995 0.0322
vn -0.0000 -0.9790 0.2040
vn -0.0000 -0.9790 -0.2040
vn -0.9812 -0.0000 -0.1932
vn -0.9657 -0.0000 0.2596
vn -0.9627 -0.0000 0.2704
vn -0.0000 -1.0000 0.0043
vn -0.2577 -0.0000 0.9662
vn -0.7097 -0.0000 0.7045
vn -0.0000 -0.9990 0.0437
vn -0.2596 -0.0000 0.9657
vn 0.2596 -0.0000 0.9657
vn 0.2229 0.9748 -0.0000
vn 0.7822 0.6230 -0.0000
vn 0.7823 0.6229 -0.0000
vn -0.4350 0.9004 -0.0000
vn -0.4351 0.9004 -0.0000
vn -0.7066 0.7076 -0.0000
vn -0.2229 0.9748 -0.0000
vn 0.4344 0.9007 -0.0000
vn -0.7823 0.6229 -0.0000
vn -0.4338 -0.9010 -0.0000
vn -0.4337 -0.9010 -0.0000
vn -0.7065 0.7077 -0.0000
vn 0.7076 -0.7066 -0.0000
vn 0.7077 -0.7065 -0.0000
vn 0.4331 -0.9013 -0.0000
vn 0.7823 -0.6229 -0.0000
vn 0.7822 -0.6230 -0.0000
vn -0.9657 -0.0000 -0.2596
vn -0.9664 -0.0000 -0.2571
vn -0.9671 -0.0000 -0.2545
vn -0.9662 -0.0000 0.2577
vn 0.7070 -0.0000 0.7072
vn -0.9661 -0.0000 0.2583
vn -0.0000 -1.0000 -0.0082
vn -0.9662 -0.0000 -0.2577
vn 0.9657 -0.0000 -0.2596
vn -0.4325 0.9016 -0.0000
vn 0.2200 0.9755 -0.0000
vn -0.2200 0.9755 -0.0000
vn 0.4314 0.9022 -0.0000
vn 0.7815 0.6239 -0.0000
vn 0.7813 0.6241 -0.0000
vn -0.7814 0.6240 -0.0000
vn -0.4347 -0.9006 -0.0000
vn 0.7070 0.7072 -0.0000
vn 0.4336 -0.9011 -0.0000
vn -0.0000 -0.1909 -0.9816
vn 0.0076 -0.3738 -0.9275
vn -0.0000 -0.5564 -0.8309
vn 0.7802 -0.6255 -0.0000
vn 0.7804 -0.6252 -0.0000
vn -0.7803 -0.6254 -0.0000
vn -0.1909 -0.0000 -0.9816
vn -0.3739 -0.0076 -0.9275
vn -0.5562 -0.0000 -0.8311
vn -0.2226 -0.9749 -0.0000
vn -0.5563 -0.8310 -0.0000
vn -0.5560 -0.8312 -0.0000
vn 0.9237 -0.3830 -0.0000
vn 0.9235 -0.3835 -0.0000
vn 0.5565 -0.8309 -0.0000
vn 0.5562 -0.8310 -0.0000
vn 0.5610 -0.0000 0.8278
vn 0.3798 -0.0076 0.9250
vn 0.5563 -0.0000 -0.8310
vn 0.3739 -0.0076 -0.9275
vn 0.1909 -0.0000 -0.9816
vn -0.0000 -0.5563 -0.8310
vn -0.0076 -0.3738 -0.9275
vn -0.0000 -0.8296 -0.5583
vn -0.9804 -0.1972 -0.0000
vn -0.9802 -0.1978 -0.0000
vn -0.8310 -0.5562 -0.0000
vn -0.8307 -0.5567 -0.0000
vn -0.1973 -0.9803 -0.0000
vn -0.1972 -0.9804 -0.0000
vn -0.0000 -0.1975 0.9803
vn -0.0000 -0.5610 0.8278
vn -0.0076 -0.3798 0.9250
vn 0.8281 -0.5605 -0.0000
vn 0.8278 -0.5610 -0.0000
vn 0.9817 -0.1903 -0.0000
vn 0.9816 -0.1909 -0.0000
vn -0.0000 -0.5611 0.8277
vn 0.0076 -0.3798 0.9250
vn -0.0000 -0.1974 0.9803
vn 0.1972 -0.9804 -0.0000
vn -0.5609 -0.0000 0.8279
vn -0.3798 -0.0076 0.9250
vn -0.1975 -0.0000 0.9803
vn 0.1974 -0.0000 0.9803
vn -0.7070 0.7072 -0.0000
vn 0.4313 0.9022 -0.0000
vn 0.4335 -0.9012 -0.0000
vn 0.7813 0.6242 -0.0000
vn 0.7804 -0.6253 -0.0000
vn -0.9809 -0.0000 0.1947
vn -0.7822 0.6230 -0.0000
vn 0.0001 -0.0000 -1.0000
vn 0.7077 -0.7066 -0.0000
vn -0.7822 -0.6230 -0.0000
vn -0.7020 -0.0000 -0.7122
vn -0.7045 -0.0000 -0.7097
vn -0.0000 0.9063 0.4225
vn -0.0000 0.9063 0.4226
vn -0.0000 0.9095 0.4157
vn -0.0000 0.9064 0.4225
vn -0.0000 0.9062 0.4228
vn -0.0004 0.9063 0.4226
vn 0.0109 0.9050 0.4253
vn 0.0252 0.9030 0.4289
vn 0.0210 0.9035 0.4281
vn -0.0316 0.9092 0.4152
vn -0.0079 0.9073 0.4204
vn -0.0111 0.9079 0.4191
vn -0.0000 1.0000 -0.0008
vn 0.0048 0.9053 0.4247
vn 0.0068 0.9053 0.4247
vn -0.0051 0.9070 0.4212
vn -0.0051 0.9072 0.4206
vn -0.0000 0.9060 0.4233
vn 0.0005 0.9063 0.4226
vn -0.0000 0.9064 0.4224
vn 0.0032 0.9061 0.4230
vn 0.0104 0.9036 0.4283
vn 0.0105 0.9040 0.4274
vn -0.0070 0.9075 0.4200
vn -0.0099 0.9084 0.4180
vn -0.0000 0.9066 0.4221
vn -0.0035 0.9071 0.4209
vn -0.0001 0.9063 0.4226
vn -0.0000 0.9999 -0.0163
vn 0.9671 -0.0000 -0.2545
vn 0.7020 -0.0000 -0.7122
vn 0.0001 0.9065 0.4223
vn 0.0119 0.9083 0.4182
vn -0.0231 0.9037 0.4276
vn -0.0150 0.9042 0.4269
vn 0.0144 0.9081 0.4185
vn -0.0000 0.9994 0.0351
vn -0.2596 -0.0000 -0.9657
vn -0.1747 0.0015 -0.9846
vn -0.2496 -0.0000 -0.9683
vn 0.2618 -0.0000 -0.9651
vn 0.2423 -0.0000 -0.9702
vn 0.7070 -0.0000 -0.7072
vn 0.7097 -0.0000 -0.7045
vn -1.0000 0.0043 -0.0000
vn -0.2497 -0.0000 -0.9683
vn 0.2499 -0.0000 -0.9683
vn 0.9916 0.0546 -0.1169
vn 0.9228 0.1630 -0.3491
vn 0.9916 -0.0546 0.1173
vn 0.9915 0.0548 -0.1177
vn 0.6063 0.3361 -0.7207
vn 0.3871 0.3896 -0.8357
vn 0.7981 0.2547 -0.5460
vn 0.6085 0.3354 -0.7192
vn 0.3872 0.3894 -0.8357
vn 0.1227 0.4194 -0.8995
vn -0.3871 0.3896 -0.8357
vn -0.6086 0.3354 -0.7191
vn -0.1261 0.4193 -0.8991
vn -0.3871 0.3895 -0.8357
vn -0.6064 0.3361 -0.7206
vn -0.7941 0.2570 -0.5508
vn -0.0000 0.9061 0.4230
vn -0.0000 0.9065 0.4222
vn 0.0039 0.9070 0.4212
vn -0.0035 0.9059 0.4234
vn -0.0000 0.9066 0.4220
vn -0.0000 0.9569 -0.2904
vn -0.0000 0.9064 0.4223
vn -0.0000 0.9062 0.4229
vn 0.0059 0.9071 0.4208
vn 0.0056 0.9070 0.4211
vn -0.0128 0.9046 0.4262
vn -0.0000 0.9069 0.4212
vn -0.9908 -0.0573 0.1229
vn -0.9259 -0.1598 0.3424
vn -0.9908 0.0568 -0.1225
vn -0.9909 -0.0567 0.1221
vn -0.9263 0.1592 -0.3414
vn -0.9907 0.0574 -0.1233
vn 0.0006 0.9072 0.4207
vn -0.0021 0.9044 0.4266
vn -0.9915 0.0550 -0.1178
vn -0.9240 0.1617 -0.3466
vn 0.9217 -0.1637 0.3515
vn 0.9916 -0.0549 0.1173
vn 0.0356 0.9048 0.4244
vn -0.0070 0.9065 0.4221
vn -0.0024 0.9064 0.4225
vn 0.9206 0.1649 -0.3540
vn 0.7941 0.2565 -0.5510
vn 0.1261 0.4194 -0.8990
vn -0.1227 0.4194 -0.8995
vn 0.0001 0.9060 0.4232
vn -0.7981 0.2544 -0.5462
vn -0.9228 0.1625 -0.3493
vn 0.6085 0.3358 -0.7190
vn 0.3860 0.3901 -0.8359
vn 0.7935 0.2575 -0.5515
vn 0.6106 0.3354 -0.7174
vn 0.3744 0.3912 -0.8407
vn 0.1320 0.4184 -0.8986
vn 0.1352 0.4183 -0.8982
vn -0.1310 0.4187 -0.8986
vn -0.1342 0.4182 -0.8984
vn -0.3860 0.3891 -0.8364
vn -0.3744 0.3924 -0.8402
vn -0.6107 0.3351 -0.7175
vn -0.6087 0.3358 -0.7189
vn -0.7909 0.2589 -0.5544
vn -0.7934 0.2572 -0.5516
vn -0.9259 0.1597 -0.3424
vn -0.0175 0.9051 0.4249
vn -0.0007 0.9063 0.4226
vn 0.0006 0.9062 0.4228
vn -0.0004 0.9064 0.4225
vn -0.0021 0.9064 0.4225
vn -0.9254 -0.1603 0.3433
vn -0.7909 -0.2586 0.5546
vn 0.9915 0.0551 -0.1179
vn -0.0013 0.9069 0.4214
vn -0.0004 0.9066 0.4220
vn 0.0019 0.9053 0.4247
vn -0.0011 -0.9063 -0.4227
vn 0.0021 -0.9065 -0.4222
vn -0.2622 -0.0000 -0.9650
vn 0.2611 -0.0000 -0.9653
vn 0.2469 0.0001 -0.9691
vn 0.0003 -0.9063 -0.4227
vn 0.0177 -0.9041 -0.4269
vn -0.0026 -0.9071 -0.4208
vn 0.0003 -0.9063 -0.4226
vn -0.9915 0.0551 -0.1182
vn -0.0005 -0.9065 -0.4221
vn -0.0003 -0.9063 -0.4227
vn -0.0017 -0.9070 -0.4211
vn -0.2173 -0.0000 -0.9761
vn 0.0007 -0.9064 -0.4224
vn 0.0027 -0.9086 -0.4177
vn 0.9914 0.0552 -0.1184
vn 0.9240 0.1617 -0.3466
vn 0.2676 -0.0000 -0.9635
vn 0.0032 -0.9060 -0.4234
vn -0.0000 -0.9057 -0.4238
vn -0.0050 -0.9061 -0.4230
vn 0.0040 -0.9064 -0.4225
vn -0.0087 -0.9065 -0.4221
vn -0.0000 -0.9063 -0.4226
vn -0.0000 -0.9059 -0.4234
vn -0.0000 -0.9072 -0.4206
vn -0.0107 -0.9044 -0.4265
vn 0.0133 -0.9080 -0.4187
vn -0.0208 -0.9032 -0.4287
vn 0.0341 -0.9105 -0.4122
vn 0.0120 -0.9069 -0.4212
vn -0.0003 -0.9063 -0.4226
vn 0.0001 -0.9063 -0.4227
vn 0.0033 -0.9063 -0.4227
vn 0.9228 -0.1630 0.3492
vn 0.7954 -0.2564 0.5491
vn 0.0161 -0.9083 -0.4181
vn -0.0056 -0.9055 -0.4243
vn -0.0137 -0.9042 -0.4268
vn 0.0046 -0.9070 -0.4211
vn -0.0000 -0.9061 -0.4230
vn -0.0020 -0.9059 -0.4236
vn -0.0067 -0.9051 -0.4251
vn -0.0000 -0.9064 -0.4225
vn 0.0040 -0.9070 -0.4211
vn -0.0000 -0.9061 -0.4231
vn -0.0044 -0.9056 -0.4241
vn 0.0097 -0.9081 -0.4186
vn 0.0280 -0.9119 -0.4094
vn -0.0000 -0.9062 -0.4228
vn 0.0045 -0.9071 -0.4209
vn -0.0001 -0.9063 -0.4226
vn -0.0000 -0.9062 -0.4229
vn -0.0000 -0.9081 -0.4188
vn -0.0000 -0.9082 -0.4185
vn -0.0000 -0.9064 -0.4224
vn -0.0120 -0.9020 -0.4315
vn 0.0078 -0.9091 -0.4164
vn 0.7909 0.2586 -0.5546
vn 0.9264 0.1592 -0.3412
vn -0.0139 -0.9089 -0.4167
vn -0.0000 -0.9066 -0.4221
vn 0.0173 -0.9027 -0.4299
vn 0.0085 -0.9046 -0.4263
vn -0.0000 -0.9063 -0.4227
vn 0.0035 -0.9059 -0.4235
vn -0.0118 -0.9082 -0.4184
vn -0.0058 -0.9074 -0.4202
vn -0.0000 -0.9060 -0.4233
vn 0.0069 -0.9053 -0.4247
vn 0.0150 -0.9043 -0.4267
vn -0.0026 -0.9067 -0.4219
vn -0.0000 -0.9065 -0.4222
vn -0.0031 -0.9069 -0.4214
vn -0.0200 -0.9085 -0.4173
vn 0.0026 -0.9062 -0.4228
vn -0.0000 -0.9064 -0.4223
vn -0.0078 -0.9072 -0.4207
vn -0.0226 0.8987 0.4381
vn 0.0093 0.9093 0.4160
vn -0.0032 0.9050 0.4255
vn -0.0219 0.9135 0.4064
vn 0.0001 0.9063 0.4226
vn -0.9206 0.1652 -0.3538
vn -0.9926 0.0516 -0.1104
vn -0.0000 0.4231 -0.9061
vn 0.0046 -0.9053 -0.4247
vn 0.9260 0.1594 -0.3422
vn 0.9908 0.0570 -0.1225
vn 0.0001 0.9064 0.4225
vn 0.0034 0.9063 0.4226
vn 0.0125 0.9020 0.4316
vn -0.9927 0.0510 -0.1097
vn -0.9926 -0.0512 0.1100
vn -0.0045 -0.9077 -0.4195
vn 0.9907 0.0572 -0.1233
vn 0.9908 -0.0571 0.1229
vn -0.0023 -0.9057 -0.4240
vn -0.0033 -0.9051 -0.4253
vn 0.0079 -0.9098 -0.4149
vn 0.0022 0.9054 0.4245
vn -0.9926 -0.0514 0.1100
vn -0.9228 -0.1626 0.3493
vn 0.0006 -0.9062 -0.4229
vn 0.9909 -0.0569 0.1221
vn 0.9255 -0.1600 0.3432
vn 0.0042 0.9078 0.4194
vn -0.0034 0.9050 0.4255
vn 0.0003 0.9066 0.4221
vn -0.0091 0.9098 0.4149
vn -0.9217 -0.1642 0.3514
vn -0.7929 -0.2578 0.5521
vn 0.0013 -0.9058 -0.4237
vn 0.9259 -0.1598 0.3422
vn 0.7921 -0.2581 0.5532
vn 0.0090 0.9068 0.4214
vn -0.7921 -0.2578 0.5533
vn -0.6106 -0.3346 0.7178
vn -0.0000 0.4228 -0.9062
vn -0.0006 0.9062 0.4228
vn 0.0010 0.9064 0.4224
vn -0.0050 0.9023 0.4312
vn 0.0026 0.9050 0.4255
vn -0.7954 -0.2560 0.5493
vn -0.6108 -0.3344 0.7177
vn -0.0014 -0.9070 -0.4211
vn 0.7908 -0.2587 0.5546
vn 0.6085 -0.3353 0.7193
vn -0.0005 0.9063 0.4227
vn -0.6085 -0.3356 0.7191
vn -0.3803 -0.3912 0.8381
vn -0.0201 -0.9054 -0.4240
vn 0.7929 -0.2574 0.5523
vn 0.6084 -0.3352 0.7194
vn -0.0068 -0.9029 -0.4298
vn 0.0003 -0.9068 -0.4215
vn -0.0003 -0.9063 -0.4225
vn 0.0001 -0.9064 -0.4224
vn -0.0001 -0.9064 -0.4224
vn 0.0012 0.9058 0.4236
vn -0.6084 -0.3357 0.7192
vn -0.3839 -0.3904 0.8368
vn 0.3889 -0.3893 0.8350
vn 0.6105 -0.3350 0.7177
vn -0.0007 0.9060 0.4233
vn 0.0046 -0.9042 -0.4271
vn 0.0030 -0.9062 -0.4228
vn -0.0036 -0.9065 -0.4223
vn 0.0036 -0.9063 -0.4226
vn 0.0011 0.9062 0.4228
vn -0.3889 -0.3886 0.8353
vn -0.1342 -0.4181 0.8984
vn 0.3841 -0.3904 0.8367
vn 0.6106 -0.3350 0.7176
vn 0.0002 0.9063 0.4226
vn -0.0003 0.9064 0.4223
vn 0.0003 0.9064 0.4224
vn 0.0127 -0.9066 -0.4219
vn -0.0002 0.9061 0.4231
vn -0.3841 -0.3904 0.8367
vn -0.1333 -0.4191 0.8981
vn -0.0006 -0.9063 -0.4226
vn 0.3840 -0.3903 0.8367
vn 0.1335 -0.4190 0.8981
vn -0.1335 -0.4189 0.8982
vn 0.1333 -0.4190 0.8982
vn -0.0019 -0.9077 -0.4197
vn 0.3803 -0.3904 0.8384
vn 0.1320 -0.4184 0.8986
vn -0.0033 0.9065 0.4223
vn -0.1310 -0.4187 0.8986
vn 0.1352 -0.4182 0.8982
vn 0.0001 -0.9063 -0.4226
vn 0.0026 -0.9075 -0.4199
vn 0.0027 -0.9051 -0.4253
vn -0.0000 -0.4219 0.9066
vn -0.0000 -0.4220 0.9066
vn -0.0000 0.9063 0.4227
vn 0.0003 0.9064 0.4225
vn -0.0000 -0.4226 0.9063
vn -0.0000 -0.4225 0.9064
vn 0.0001 0.9040 0.4275
vn -0.0027 0.9050 0.4254
vn -0.3857 0.3897 -0.8363
vn -0.6114 0.3343 -0.7172
vn -0.1295 0.4188 -0.8988
vn -0.3856 0.3900 -0.8362
vn -0.0069 0.9063 0.4225
vn 0.0069 0.9064 0.4224
vn 0.0041 0.9063 0.4225
vn 0.1295 0.4192 -0.8986
vn -0.1262 0.4195 -0.8989
vn 0.3856 0.3898 -0.8363
vn 0.1262 0.4191 -0.8991
vn 0.6096 0.3350 -0.7184
vn 0.3856 0.3899 -0.8363
vn -0.0052 0.9061 0.4230
vn -0.0164 0.9057 0.4236
vn 0.7897 0.2593 -0.5560
vn 0.6115 0.3345 -0.7170
vn 0.9276 0.1581 -0.3384
vn 0.7910 0.2588 -0.5544
vn 0.0055 -0.9037 -0.4281
vn 0.0069 0.9063 0.4225
vn 0.1284 0.4193 -0.8987
vn -0.1274 0.4195 -0.8988
vn 0.3798 0.3909 -0.8384
vn 0.1255 0.4192 -0.8992
vn -0.0070 0.9063 0.4226
vn -0.1304 0.4189 -0.8986
vn -0.3795 0.3910 -0.8385
vn -0.3798 0.3905 -0.8386
vn -0.6123 0.3341 -0.7166
vn 0.0094 0.9061 0.4230
vn -0.6103 0.3350 -0.7179
vn -0.7919 0.2582 -0.5533
vn -0.7920 0.2580 -0.5534
vn -0.9218 0.1639 -0.3513
vn 0.0056 0.9033 0.4289
vn -0.9223 0.1635 -0.3503
vn -0.9925 0.0514 -0.1106
vn -0.0001 -0.9064 -0.4225
vn -0.0041 -0.9064 -0.4224
vn -0.0037 -0.9063 -0.4226
vn -0.0113 -0.9132 -0.4073
vn 0.9267 0.1587 -0.3406
vn 0.9905 0.0581 -0.1246
vn 0.3796 0.3909 -0.8385
vn 0.6103 0.3347 -0.7180
vn -0.0003 -0.9064 -0.4225
vn 0.0003 -0.9062 -0.4228
vn 0.0020 -0.9063 -0.4227
vn -0.0000 0.9072 0.4208
vn -0.7947 -0.2565 0.5502
vn -0.6115 -0.3343 0.7172
vn -0.9223 -0.1635 0.3503
vn -0.7921 -0.2582 0.5531
vn -0.0136 0.9013 0.4330
vn 0.0107 0.9097 0.4151
vn -0.0101 0.9024 0.4307
vn 0.0028 0.9074 0.4202
vn -0.6095 0.3351 -0.7185
vn -0.7947 0.2567 -0.5501
vn 0.0066 0.9091 0.4165
vn -0.7934 0.2574 -0.5516
vn -0.9213 0.1644 -0.3524
vn -0.0044 0.9049 0.4257
vn -0.9223 0.1633 -0.3502
vn -0.9916 0.0548 -0.1171
vn -0.9915 0.0548 -0.1179
vn -0.9914 -0.0552 0.1186
vn -0.9915 -0.0550 0.1179
vn -0.9233 -0.1624 0.3481
vn -0.0049 0.9084 0.4180
vn 0.0009 0.9060 0.4232
vn 0.0039 0.9049 0.4257
vn 0.7920 0.2580 -0.5534
vn 0.6123 0.3342 -0.7165
vn 0.9249 0.1608 -0.3445
vn 0.7919 0.2583 -0.5533
vn 0.9914 0.0552 -0.1185
vn 0.9245 0.1610 -0.3456
vn -0.0040 0.9076 0.4198
vn 0.0100 0.9027 0.4302
vn -0.0263 0.9147 0.4033
vn 0.9917 -0.0545 0.1168
vn 0.9916 0.0548 -0.1172
vn 0.9240 -0.1614 0.3467
vn 0.9915 -0.0551 0.1181
vn 0.7957 -0.2564 0.5487
vn 0.9254 -0.1605 0.3433
vn -0.0000 -0.9054 -0.4245
vn 0.0107 -0.9094 -0.4159
vn -0.0052 -0.9047 -0.4259
vn 0.0019 -0.9056 -0.4241
vn -0.0014 -0.9068 -0.4216
vn -0.0077 -0.9089 -0.4169
vn 0.0072 -0.9039 -0.4277
vn -0.0058 -0.9084 -0.4180
vn 0.0004 -0.9068 -0.4216
vn -0.0007 -0.9057 -0.4240
vn 0.0016 -0.9069 -0.4213
vn 0.0001 -0.9065 -0.4223
vn -0.0045 -0.9048 -0.4259
vn 0.0154 -0.9109 -0.4122
vn -0.0000 -0.9058 -0.4237
vn 0.7920 -0.2578 0.5534
vn 0.6060 -0.3361 0.7210
vn -0.0017 -0.9048 -0.4258
vn -0.0031 0.9081 0.4187
vn -0.9924 0.0523 -0.1117
vn -0.9924 -0.0520 0.1113
vn -0.0074 0.9021 0.4316
vn 0.0038 0.9094 0.4159
vn 0.0040 0.9033 0.4289
vn -0.9926 -0.0513 0.1102
vn -0.9228 -0.1629 0.3492
vn 0.0047 -0.9032 -0.4292
vn 0.9906 0.0576 -0.1237
vn 0.9905 -0.0581 0.1245
vn -0.0044 0.9100 0.4146
vn -0.9213 -0.1648 0.3523
vn -0.7920 -0.2582 0.5532
vn -0.0025 -0.9073 -0.4205
vn 0.9904 -0.0586 0.1254
vn 0.9276 -0.1578 0.3386
vn -0.0007 -0.9064 -0.4225
vn 0.0015 -0.9064 -0.4223
vn 0.0047 0.9055 0.4243
vn 0.0001 0.9061 0.4230
vn -0.7957 -0.2560 0.5490
vn -0.6080 -0.3356 0.7195
vn 0.0005 -0.9058 -0.4237
vn 0.9286 -0.1569 0.3363
vn 0.7910 -0.2589 0.5544
vn 0.0018 0.9066 0.4220
vn 0.0041 0.9071 0.4209
vn 0.0026 0.9067 0.4217
vn 0.0131 0.9019 0.4317
vn -0.0059 0.9077 0.4195
vn 0.0075 0.9039 0.4277
vn -0.0030 -0.9058 -0.4238
vn 0.0029 -0.9068 -0.4216
vn -0.0065 -0.9048 -0.4258
vn -0.0038 0.9070 0.4212
vn 0.0019 0.9059 0.4234
vn -0.6060 -0.3364 0.7208
vn -0.3855 -0.3899 0.8363
vn 0.3797 0.3909 -0.8385
vn 0.6106 0.3346 -0.7178
vn 0.1323 0.4189 -0.8983
vn 0.3810 0.3910 -0.8378
vn 0.7907 0.2590 -0.5547
vn 0.9240 0.1617 -0.3465
vn 0.6127 0.3345 -0.7160
vn 0.7914 0.2585 -0.5539
vn -0.0021 0.9069 0.4214
vn 0.0012 -0.9060 -0.4233
vn -0.0015 -0.9064 -0.4223
vn 0.7883 -0.2600 0.5577
vn 0.6095 -0.3350 0.7185
vn -0.0152 0.9003 0.4351
vn -0.0000 0.4225 -0.9064
vn -0.1318 0.4187 -0.8985
vn -0.0019 0.9061 0.4231
vn -0.0003 0.9065 0.4222
vn 0.0017 0.9070 0.4211
vn -0.0002 0.9065 0.4222
vn -0.9239 0.1618 -0.3466
vn -0.7933 0.2574 -0.5518
vn -0.0023 0.9057 0.4240
vn -0.7926 0.2579 -0.5524
vn -0.6107 0.3350 -0.7175
vn -0.6127 0.3340 -0.7163
vn -0.3811 0.3907 -0.8380
vn -0.3797 0.3911 -0.8384
vn -0.1302 0.4192 -0.8985
vn -0.6094 -0.3352 0.7186
vn -0.3829 -0.3904 0.8372
vn -0.0102 -0.9093 -0.4161
vn 0.0051 -0.9050 -0.4254
vn 0.0033 -0.9052 -0.4249
vn 0.6081 -0.3355 0.7195
vn 0.3883 -0.3897 0.8351
vn 0.0033 0.9056 0.4241
vn -0.3882 -0.3893 0.8353
vn -0.1304 -0.4189 0.8986
vn 0.0027 -0.9060 -0.4234
vn 0.6116 -0.3345 0.7170
vn 0.3830 -0.3905 0.8371
vn -0.0048 0.9050 0.4254
vn -0.3830 -0.3907 0.8370
vn -0.1332 -0.4188 0.8982
vn 0.3855 -0.3899 0.8363
vn 0.1223 -0.4194 0.8995
vn -0.0064 0.9077 0.4196
vn -0.1241 -0.4198 0.8991
vn 0.1285 -0.4195 0.8986
vn 0.1295 -0.4191 0.8987
vn 0.3828 -0.3906 0.8372
vn -0.0064 0.9046 0.4263
vn 0.0076 0.9083 0.4183
vn -0.0028 -0.9070 -0.4212
vn -0.1294 -0.4196 0.8984
vn 0.1332 -0.4194 0.8980
vn 0.0076 -0.9086 -0.4176
vn -0.0027 -0.9070 -0.4211
vn 0.1307 0.4189 -0.8986
vn -0.0030 -0.9054 -0.4245
vn 0.0002 -0.9064 -0.4225
vn 0.0018 -0.9071 -0.4210
vn 0.0004 -0.9063 -0.4227
vn -0.0001 -0.9065 -0.4222
vn 0.0030 -0.9057 -0.4240
vn -0.2567 -0.0000 -0.9665
vn -0.0000 0.9923 0.1240
vn -0.0000 1.0000 0.0043
vn -0.0000 1.0000 -0.0018
vn -0.0000 1.0000 -0.0007
vn -0.0000 1.0000 -0.0017
vn -0.9656 -0.0000 -0.2599
vn -0.9638 -0.0000 -0.2668
vn -0.0000 0.9987 0.0515
vn -0.9614 -0.0000 -0.2751
vn -1.0000 -0.0019 -0.0000
vn -0.9184 0.0060 0.3955
vn 0.0069 -0.9222 0.3866
vn 0.0069 -0.9221 0.3868
vn -0.0000 1.0000 0.0007
vn -0.3889 -0.9213 -0.0000
vn -0.3823 -0.9240 -0.0000
vn -0.3742 -0.9273 -0.0000
vn -0.3808 -0.9247 -0.0000
vn -0.3868 -0.9222 -0.0000
vn -0.3802 -0.9249 -0.0000
vn 0.0069 -0.9223 -0.3864
vn 0.0069 -0.9222 -0.3867
vn -0.8311 -0.0000 -0.5561
vn -0.9803 -0.0000 -0.1974
vn -1.0000 -0.0020 -0.0000
vn -1.0000 0.0017 -0.0000
vn -0.2602 -0.0000 0.9656
vn -0.2652 -0.0000 0.9642
vn -0.2600 -0.0000 0.9656
vn -0.0000 1.0000 -0.0014
vn -0.2599 -0.0000 0.9656
vn -0.2595 -0.0000 0.9657
vn 0.2588 -0.0000 0.9659
vn 0.2473 -0.0000 -0.9689
vn 0.2588 -0.0000 -0.9659
vn 0.2468 0.3020 -0.9208
vn 0.5416 0.2229 -0.8106
vn 0.2589 -0.0000 0.9659
vn 0.2555 -0.0000 0.9668
vn 0.2468 0.3020 0.9208
vn 0.1887 0.2542 0.9486
vn -0.0000 -0.5794 -0.8150
vn -0.0000 -1.0000 -0.0083
vn 0.6522 -0.0000 0.7581
vn 0.6703 0.3186 0.6702
vn 0.5416 0.2229 0.8106
vn 0.9659 -0.0000 0.2588
vn 0.9659 -0.0000 0.2589
vn -0.0000 -0.9372 0.3487
vn 0.9857 -0.0000 0.1685
vn 0.9209 0.3018 0.2467
vn 0.8105 0.2229 0.5417
vn 0.9659 0.2589 -0.0000
vn 0.9486 0.2542 -0.1887
vn -0.0001 -0.9816 -0.1911
vn -0.0070 -0.9170 -0.3988
vn -0.0069 -0.9223 -0.3863
vn -0.0069 -0.9231 -0.3845
vn 0.3804 -0.9248 -0.0000
vn 0.3803 -0.9249 -0.0000
vn 0.3861 -0.9224 -0.0000
vn 0.3802 -0.9249 -0.0000
vn 0.3784 -0.9256 -0.0000
vn 0.3750 -0.9270 -0.0000
vn -0.0069 -0.9234 0.3838
vn -0.0068 -0.9214 0.3885
vn 0.9996 0.0269 -0.0000
vn -0.0002 -0.8318 0.5550
vn -0.0069 -0.9170 0.3988
vn 0.9659 -0.0000 -0.2587
vn 0.9659 -0.0000 -0.2588
vn -0.0000 -1.0000 0.0016
vn 0.9860 -0.0000 -0.1669
vn 0.9209 0.3019 -0.2467
vn 0.6522 -0.0000 -0.7581
vn 0.6703 0.3186 -0.6702
vn 0.8105 0.2230 -0.5417
vn -0.0000 -0.8985 -0.4390
vn 0.2590 -0.0000 -0.9659
vn -0.0000 -1.0000 0.0030
vn -0.0000 -1.0000 -0.0067
vn 0.2587 -0.0000 -0.9660
vn 0.2786 0.9575 0.0747
vn 0.2585 0.9646 0.0514
vn 0.0746 0.9574 0.2788
vn 0.1375 0.9689 0.2056
vn -0.0000 -0.9659 0.2588
vn -0.2095 0.9551 0.2096
vn -0.1375 0.9689 0.2056
vn -0.0000 -0.9660 0.2586
vn -0.0000 -0.9915 -0.1303
vn -0.0000 0.2588 0.9659
vn -0.0000 0.7071 0.7072
vn -0.0000 0.9660 0.2587
vn 0.0514 0.9647 0.2583
vn 0.1393 0.7001 0.7003
vn 0.3966 0.7002 0.5936
vn -0.1887 0.2541 0.9486
vn -0.1393 0.7002 0.7002
vn -0.3966 0.7002 0.5936
vn -0.1393 0.7003 0.7002
vn -0.0514 0.9647 0.2583
vn -0.0746 0.9575 0.2787
vn 0.5936 0.7002 0.3966
vn 0.1393 0.7003 0.7002
vn -0.5936 0.7003 0.3965
vn -0.2057 0.9689 0.1374
vn -0.2786 0.9575 0.0746
vn 0.2057 0.9689 0.1375
vn 0.2095 0.9551 0.2096
vn 0.5935 0.7003 0.3965
vn 0.7003 0.7001 0.1392
vn -0.8105 0.2227 0.5417
vn -0.6703 0.3186 0.6702
vn -0.5935 0.7003 0.3967
vn -0.7003 0.7002 0.1393
vn -0.2584 0.9647 0.0515
vn -0.2588 0.9659 -0.0000
vn -0.2584 0.9647 -0.0515
vn -0.2786 0.9575 -0.0746
vn -0.2057 0.9689 -0.1375
vn -0.2095 0.9551 -0.2096
vn -0.1375 0.9689 -0.2056
vn -0.0746 0.9574 -0.2788
vn -0.0514 0.9647 -0.2583
vn -0.0000 0.9660 -0.2587
vn 0.9486 0.2542 0.1887
vn 0.9659 0.2587 -0.0000
vn 0.7001 0.7003 0.1393
vn 0.7003 0.7001 -0.1394
vn -0.9659 -0.0000 0.2588
vn -0.9486 0.2541 0.1887
vn -0.9208 0.3021 0.2467
vn -0.7001 0.7003 0.1394
vn -0.7003 0.7002 -0.1393
vn 0.2588 0.9659 -0.0000
vn -0.9659 0.2589 -0.0000
vn -0.0000 -0.2588 0.9659
vn -0.7072 0.7070 -0.0000
vn -0.4338 0.9010 -0.0000
vn 0.2224 0.9749 -0.0000
vn -0.7070 -0.7072 -0.0000
vn 0.4338 0.9010 -0.0000
vn 0.7070 -0.7072 -0.0000
vn 1.0000 0.0010 -0.0000
vn -0.0000 0.9914 -0.1308
vn -0.0000 0.9241 -0.3821
vn -0.0000 0.7933 -0.6088
vn 0.7817 0.6236 -0.0000
vn 0.7819 0.6234 -0.0000
vn 0.7819 -0.6234 -0.0000
vn 0.7817 -0.6236 -0.0000
vn -0.7817 -0.6236 -0.0000
vn 0.2224 -0.9749 -0.0000
vn 1.0000 0.0015 -0.0000
vn -0.9486 0.2541 -0.1887
vn -0.7001 0.7003 -0.1392
vn -0.5937 0.7002 -0.3966
vn 0.2584 0.9647 -0.0515
vn 0.7001 0.7003 -0.1392
vn 0.5936 0.7001 -0.3968
vn 0.0025 -1.0000 -0.0000
vn 1.0000 -0.0060 -0.0000
vn 1.0000 0.0062 -0.0000
vn 1.0000 -0.0021 -0.0000
vn 1.0000 0.0022 -0.0000
vn 1.0000 0.0001 -0.0000
vn 1.0000 -0.0014 -0.0000
vn 1.0000 0.0014 -0.0000
vn -0.0000 -0.7933 -0.6088
vn -0.4339 0.9009 -0.0000
vn 0.7817 0.6237 -0.0000
vn 0.2589 0.9659 -0.0000
vn 0.2575 0.9605 -0.1061
vn -0.9659 -0.0000 -0.2588
vn -0.9208 0.3021 -0.2467
vn -0.8105 0.2227 -0.5417
vn 0.7071 0.0315 0.7064
vn 0.2575 0.1060 0.9604
vn 0.2222 0.2221 0.9494
vn 0.1056 0.2575 0.9605
vn -0.2227 0.9749 -0.0000
vn -0.1058 0.9604 -0.2577
vn 0.7817 -0.6237 -0.0000
vn -0.4339 -0.9009 -0.0000
vn -0.2227 -0.9749 -0.0000
vn -0.2812 0.6785 0.6787
vn -0.2164 0.2526 0.9430
vn -0.2533 0.2060 0.9452
vn 0.9451 0.2063 0.2533
vn 0.7237 0.1723 0.6683
vn -0.6680 0.1718 0.7240
vn -0.9451 0.2535 -0.2061
vn 0.4980 0.4981 0.7099
vn 0.4978 0.4977 0.7102
vn -0.2812 0.6786 0.6786
vn -0.7099 0.4980 0.4980
vn -0.7103 0.4978 0.4978
vn -0.9493 0.2224 0.2222
vn -0.9604 0.2577 0.1059
vn -0.9606 0.1052 0.2574
vn -0.7064 0.0321 0.7071
vn 0.0321 0.7073 0.7062
vn 0.1720 0.7239 0.6682
vn 0.2061 0.9451 0.2536
vn 0.2527 0.9430 0.2164
vn -0.2164 0.9429 0.2532
vn 0.9431 0.2524 0.2164
vn 0.6785 0.6788 0.2809
vn 0.7066 0.7069 -0.0306
vn 0.6786 0.6786 0.2810
vn -0.6681 0.7241 0.1713
vn -0.7069 0.7065 0.0329
vn -0.2533 0.9453 0.2057
vn 0.9660 0.2586 -0.0000
vn -0.2589 0.9659 -0.0000
vn 0.9659 -0.0000 -0.2589
vn 0.9453 0.2531 -0.2060
vn 0.7240 0.6679 -0.1724
vn -0.2574 0.9604 -0.1066
vn -0.7070 0.7066 -0.0300
vn -0.7240 0.6679 -0.1723
vn -0.0000 -0.9915 0.1303
vn -0.0000 -0.9660 -0.2586
vn 1.0000 -0.0020 -0.0000
vn -0.0000 0.9236 0.3833
vn -0.0000 0.7933 0.6088
vn -0.0000 0.4999 0.8661
vn -0.0000 -0.7933 0.6088
vn -0.0000 -0.5000 -0.8660
vn -0.0000 0.5001 -0.8660
vn -0.0000 0.4999 -0.8661
vn -0.0000 0.5001 0.8660
vn -0.0000 -0.5000 0.8660
vn -0.0000 -0.4999 0.8661
vn -0.2588 -0.0000 -0.9659
vn 1.0000 0.0029 -0.0000
vn 0.2786 0.9575 -0.0746
vn 0.2057 0.9689 -0.1374
vn -0.0000 0.9915 0.1303
vn -0.2224 0.9749 -0.0000
vn -0.0000 -0.2589 -0.9659
vn -0.2224 -0.9749 -0.0000
vn 0.0100 -1.0000 -0.0000
vn -0.0000 -0.9659 -0.2588
vn 1.0000 -0.0005 -0.0000
vn 0.2095 0.9551 -0.2096
vn 0.1375 0.9689 -0.2056
vn -0.0000 0.2589 -0.9659
vn 0.6783 0.2813 -0.6788
vn 0.9430 0.2166 -0.2528
vn 0.4979 0.7101 -0.4979
vn 0.4979 0.7102 -0.4977
vn 0.2223 0.9493 -0.2223
vn 0.1058 0.9605 -0.2575
vn 0.6786 0.2811 -0.6787
vn -0.2222 0.9493 -0.2223
vn -0.4981 0.7098 -0.4981
vn -0.4979 0.7102 -0.4977
vn -0.6783 0.2813 -0.6788
vn -0.6785 0.2812 -0.6786
vn -0.9430 0.2164 -0.2528
vn -0.0323 0.7064 -0.7071
vn 0.1720 0.6681 -0.7239
vn 0.0323 0.7071 -0.7064
vn -0.1720 0.6684 -0.7236
vn -0.2059 0.2532 -0.9453
vn -0.2527 0.2163 -0.9430
vn 0.2527 0.2166 -0.9430
vn 0.2059 0.2531 -0.9453
vn 0.5936 0.7004 -0.3965
vn 0.3966 0.7002 -0.5936
vn -0.5934 0.7004 -0.3965
vn -0.3966 0.7004 -0.5935
vn -0.5416 0.2229 -0.8106
vn -0.6703 0.3186 -0.6702
vn -0.3967 0.7001 -0.5938
vn -0.1392 0.7003 -0.7002
vn 0.3966 0.7002 -0.5937
vn 0.1393 0.7002 -0.7003
vn -0.1887 0.2542 -0.9486
vn -0.2468 0.3019 -0.9208
vn -0.1393 0.7001 -0.7003
vn 0.1393 0.7002 -0.7002
vn 0.1887 0.2542 -0.9486
vn 0.0514 0.9647 -0.2583
vn 0.0746 0.9575 -0.2787
vn -0.0000 -0.7072 0.7070
vn -1.0000 -0.0004 -0.0000
vn -0.0000 -0.5001 -0.8660
vn -0.0004 -0.0000 1.0000
vn -0.0024 -0.0000 1.0000
vn -0.9673 -0.0000 0.2535
vn 0.2583 0.0001 0.9661
vn -0.2583 -0.0001 0.9661
vn -0.9664 -0.0000 -0.2572
vn -0.0006 -0.0000 1.0000
vn 0.0019 -0.0000 -1.0000
vn -0.9658 0.0001 0.2594
vn 0.0010 0.9064 0.4225
vn -0.0002 0.9064 0.4225
vn -0.0020 -0.0000 1.0000
vn -0.0012 -0.0000 1.0000
vn 0.0049 -0.0000 -1.0000
vn -0.0008 -0.0007 -1.0000
vn 0.1799 -0.0004 -0.9837
vn 0.0004 0.0004 -1.0000
s 0
f 1//1 2//1 3//1
f 2//2 4//2 3//2
f 3//3 4//3 5//3
f 6//4 7//4 8//4
f 7//5 9//5 8//5
f 8//6 9//6 10//6
f 10//7 11//7 8//7
f 11//8 12//8 8//8
f 8//9 12//9 13//9
f 13//10 14//10 8//10
f 14//7 15//7 8//7
f 8//11 15//11 16//11
f 16//7 17//7 8//7
f 17//12 18//12 8//12
f 8//13 18//13 19//13
f 19//14 20//14 21//14
f 20//15 22//15 21//15
f 21//16 22//16 23//16
f 23//17 24//17 21//17
f 24//18 25//18 21//18
f 21//19 25//19 26//19
f 26//20 27//20 21//20
f 27//21 28//21 21//21
f 21//17 28//17 29//17
f 29//22 30//22 21//22
f 30//23 31//23 21//23
f 21//18 31//18 32//18
f 31//24 33//24 34//24
f 33//25 35//25 34//25
f 35//26 36//26 34//26
f 34//27 36//27 37//27
f 37//28 38//28 34//28
f 38//29 39//29 34//29
f 34//30 39//30 40//30
f 40//26 41//26 34//26
f 41//28 42//28 34//28
f 34//31 42//31 43//31
f 43//32 44//32 34//32
f 44//28 45//28 34//28
f 34//33 45//33 46//33
f 46//1 47//1 3//1
f 47//34 48//34 3//34
f 3//1 48//1 49//1
f 49//35 50//35 3//35
f 50//1 51//1 3//1
f 3//36 51//36 52//36
f 52//37 53//37 3//37
f 53//38 1//38 3//38
f 54//39 55//39 56//39
f 55//39 57//39 56//39
f 56//39 57//39 58//39
f 58//39 59//39 56//39
f 59//39 60//39 56//39
f 56//39 60//39 61//39
f 61//39 62//39 56//39
f 62//39 63//39 56//39
f 56//39 63//39 64//39
f 63//39 65//39 64//39
f 63//24 66//24 67//24
f 66//24 68//24 67//24
f 67//24 68//24 69//24
f 69//24 70//24 67//24
f 70//24 71//24 67//24
f 67//24 71//24 72//24
f 70//40 73//40 74//40
f 74//40 73//40 75//40
f 73//40 76//40 75//40
f 77//24 78//24 79//24
f 78//24 80//24 79//24
f 79//24 80//24 67//24
f 80//41 81//41 67//41
f 81//41 82//41 67//41
f 67//42 82//42 83//42
f 83//43 84//43 67//43
f 84//41 85//41 67//41
f 67//41 85//41 86//41
f 85//44 87//44 86//44
f 86//45 87//45 88//45
f 88//46 89//46 86//46
f 90//41 91//41 92//41
f 92//47 91//47 93//47
f 93//41 94//41 92//41
f 94//41 95//41 92//41
f 92//41 95//41 96//41
f 96//41 97//41 92//41
f 97//48 3//48 92//48
f 97//41 98//41 3//41
f 98//41 99//41 3//41
f 3//44 99//44 100//44
f 100//44 101//44 34//44
f 101//41 102//41 34//41
f 34//41 102//41 103//41
f 103//41 104//41 34//41
f 104//49 105//49 34//49
f 105//24 106//24 79//24
f 106//24 107//24 79//24
f 79//24 107//24 108//24
f 108//24 109//24 79//24
f 109//24 77//24 79//24
f 110//24 111//24 112//24
f 111//24 113//24 112//24
f 112//24 113//24 114//24
f 114//41 115//41 32//41
f 115//41 116//41 32//41
f 32//41 116//41 117//41
f 117//41 118//41 32//41
f 118//41 119//41 32//41
f 32//44 119//44 21//44
f 119//41 120//41 21//41
f 21//41 120//41 121//41
f 121//41 122//41 21//41
f 122//41 8//41 21//41
f 122//50 123//50 8//50
f 123//41 124//41 8//41
f 8//41 124//41 125//41
f 125//41 126//41 8//41
f 126//51 127//51 8//51
f 8//52 127//52 128//52
f 129//53 130//53 131//53
f 130//41 132//41 131//41
f 131//43 132//43 133//43
f 133//41 134//41 135//41
f 134//44 136//44 135//44
f 135//54 136//54 137//54
f 137//41 138//41 135//41
f 138//41 139//41 135//41
f 139//24 140//24 112//24
f 140//24 141//24 112//24
f 112//24 141//24 110//24
f 142//24 143//24 135//24
f 143//40 144//40 145//40
f 144//40 146//40 145//40
f 145//40 146//40 147//40
f 147//40 148//40 145//40
f 148//40 149//40 145//40
f 145//40 149//40 150//40
f 150//40 151//40 145//40
f 151//40 152//40 145//40
f 153//41 154//41 155//41
f 155//41 154//41 156//41
f 154//40 157//40 135//40
f 157//24 158//24 135//24
f 135//24 158//24 159//24
f 159//24 142//24 135//24
f 160//40 161//40 162//40
f 161//40 163//40 162//40
f 162//40 163//40 164//40
f 163//40 165//40 164//40
f 161//24 160//24 166//24
f 160//55 167//55 166//55
f 168//24 161//24 169//24
f 161//56 170//56 169//56
f 161//57 168//57 171//57
f 168//58 172//58 171//58
f 171//59 172//59 173//59
f 172//60 174//60 173//60
f 175//57 161//57 171//57
f 161//40 175//40 176//40
f 175//61 177//61 176//61
f 162//62 164//62 178//62
f 179//63 162//63 178//63
f 162//64 179//64 180//64
f 179//65 181//65 180//65
f 162//40 180//40 160//40
f 180//40 182//40 160//40
f 160//40 182//40 183//40
f 184//40 160//40 183//40
f 160//66 184//66 185//66
f 186//66 160//66 185//66
f 160//24 186//24 187//24
f 166//67 167//67 188//67
f 167//68 189//68 188//68
f 190//69 166//69 191//69
f 166//70 188//70 191//70
f 166//71 190//71 161//71
f 190//24 170//24 161//24
f 180//72 181//72 182//72
f 181//72 192//72 182//72
f 182//73 192//73 193//73
f 183//73 182//73 193//73
f 183//74 193//74 194//74
f 195//74 183//74 194//74
f 183//40 195//40 184//40
f 195//40 196//40 184//40
f 184//40 196//40 197//40
f 198//40 184//40 197//40
f 184//75 198//75 199//75
f 198//75 200//75 199//75
f 199//75 200//75 201//75
f 200//75 202//75 201//75
f 201//75 202//75 203//75
f 202//75 204//75 203//75
f 203//75 204//75 205//75
f 204//75 206//75 205//75
f 205//75 206//75 207//75
f 185//75 184//75 199//75
f 185//39 199//39 208//39
f 199//39 209//39 208//39
f 186//39 185//39 210//39
f 185//39 211//39 210//39
f 212//55 167//55 187//55
f 167//24 160//24 187//24
f 167//76 212//76 189//76
f 212//77 213//77 189//77
f 187//39 186//39 214//39
f 186//39 215//39 214//39
f 199//39 187//39 216//39
f 187//39 217//39 216//39
f 187//66 199//66 201//66
f 218//66 187//66 201//66
f 187//24 218//24 219//24
f 218//71 220//71 219//71
f 221//40 163//40 161//40
f 163//75 221//75 222//75
f 221//75 223//75 222//75
f 224//75 163//75 225//75
f 163//75 222//75 225//75
f 163//78 224//78 198//78
f 224//79 226//79 198//79
f 163//40 198//40 197//40
f 227//61 221//61 228//61
f 221//40 161//40 228//40
f 228//40 161//40 229//40
f 161//40 230//40 229//40
f 229//61 230//61 231//61
f 230//61 232//61 231//61
f 221//80 227//80 233//80
f 227//80 234//80 233//80
f 233//81 234//81 235//81
f 234//81 236//81 235//81
f 221//75 233//75 235//75
f 228//75 229//75 188//75
f 229//75 191//75 188//75
f 189//75 228//75 188//75
f 228//78 189//78 237//78
f 189//78 238//78 237//78
f 228//61 237//61 227//61
f 229//82 231//82 239//82
f 231//82 240//82 239//82
f 229//75 239//75 191//75
f 241//40 230//40 161//40
f 230//75 241//75 242//75
f 241//75 243//75 242//75
f 244//75 230//75 245//75
f 230//75 246//75 245//75
f 245//75 246//75 247//75
f 230//78 244//78 248//78
f 232//79 230//79 248//79
f 249//61 241//61 250//61
f 241//40 161//40 250//40
f 250//40 161//40 176//40
f 241//80 249//80 251//80
f 249//80 252//80 251//80
f 241//75 251//75 253//75
f 250//75 176//75 254//75
f 176//75 255//75 254//75
f 256//75 250//75 257//75
f 250//75 258//75 257//75
f 250//79 256//79 259//79
f 256//79 260//79 259//79
f 250//61 259//61 249//61
f 176//80 177//80 261//80
f 262//82 176//82 261//82
f 176//75 262//75 255//75
f 263//83 175//83 171//83
f 175//61 263//61 177//61
f 169//84 170//84 264//84
f 170//41 265//41 264//41
f 264//41 265//41 266//41
f 168//58 169//58 172//58
f 169//84 264//84 172//84
f 172//85 264//85 174//85
f 264//86 267//86 174//86
f 265//24 170//24 268//24
f 170//24 269//24 268//24
f 268//24 269//24 270//24
f 239//87 190//87 191//87
f 190//88 239//88 271//88
f 239//89 272//89 271//89
f 190//24 271//24 170//24
f 271//55 273//55 170//55
f 170//71 273//71 269//71
f 274//40 275//40 276//40
f 275//40 277//40 276//40
f 275//90 274//90 278//90
f 274//90 279//90 278//90
f 278//91 279//91 280//91
f 279//91 281//91 280//91
f 280//92 281//92 282//92
f 281//92 283//92 282//92
f 282//66 283//66 284//66
f 283//80 285//80 284//80
f 275//24 278//24 280//24
f 70//24 275//24 286//24
f 275//24 287//24 286//24
f 275//40 70//40 288//40
f 70//40 289//40 288//40
f 288//93 289//93 290//93
f 291//94 288//94 290//94
f 288//95 291//95 292//95
f 291//96 293//96 292//96
f 288//40 292//40 294//40
f 292//40 295//40 294//40
f 294//40 295//40 296//40
f 297//40 294//40 298//40
f 294//40 296//40 298//40
f 294//80 297//80 299//80
f 297//82 300//82 299//82
f 294//75 299//75 301//75
f 302//75 294//75 303//75
f 294//75 301//75 303//75
f 294//40 302//40 275//40
f 302//40 304//40 275//40
f 275//40 304//40 305//40
f 306//61 274//61 307//61
f 274//61 276//61 307//61
f 274//97 306//97 279//97
f 306//98 308//98 279//98
f 279//99 308//99 281//99
f 308//100 309//100 281//100
f 281//101 309//101 283//101
f 309//102 310//102 283//102
f 283//82 310//82 285//82
f 276//75 277//75 311//75
f 277//75 312//75 311//75
f 313//75 276//75 314//75
f 276//75 311//75 314//75
f 276//78 313//78 315//78
f 307//79 276//79 315//79
f 316//61 277//61 317//61
f 277//40 275//40 317//40
f 317//40 275//40 318//40
f 275//40 305//40 318//40
f 318//61 305//61 319//61
f 305//61 320//61 319//61
f 277//82 316//82 321//82
f 316//80 322//80 321//80
f 321//103 322//103 323//103
f 277//75 321//75 324//75
f 317//75 318//75 325//75
f 318//75 326//75 325//75
f 327//75 317//75 328//75
f 317//75 329//75 328//75
f 317//79 327//79 330//79
f 327//78 331//78 330//78
f 317//61 330//61 316//61
f 318//80 319//80 332//80
f 319//80 333//80 332//80
f 334//82 318//82 332//82
f 318//75 334//75 335//75
f 305//75 304//75 336//75
f 304//75 337//75 336//75
f 338//75 305//75 336//75
f 305//79 338//79 320//79
f 338//78 339//78 320//78
f 340//61 304//61 302//61
f 304//82 340//82 341//82
f 340//80 342//80 341//80
f 304//75 341//75 337//75
f 343//75 302//75 344//75
f 302//75 345//75 344//75
f 302//79 343//79 346//79
f 343//79 347//79 346//79
f 302//61 346//61 340//61
f 280//24 282//24 275//24
f 282//24 287//24 275//24
f 348//66 282//66 284//66
f 282//24 348//24 349//24
f 350//71 287//71 282//71
f 287//76 350//76 338//76
f 350//77 351//77 338//77
f 287//104 338//104 336//104
f 286//67 287//67 336//67
f 71//69 286//69 337//69
f 286//70 336//70 337//70
f 286//105 71//105 70//105
f 179//40 178//40 352//40
f 178//40 353//40 352//40
f 181//40 179//40 354//40
f 179//40 352//40 354//40
f 192//40 181//40 354//40
f 355//40 289//40 70//40
f 289//106 355//106 356//106
f 355//107 74//107 356//107
f 356//107 74//107 357//107
f 290//106 289//106 356//106
f 290//40 356//40 358//40
f 356//40 359//40 358//40
f 291//40 290//40 358//40
f 74//40 355//40 70//40
f 356//40 357//40 360//40
f 357//40 361//40 360//40
f 360//40 361//40 362//40
f 361//40 363//40 362//40
f 164//108 165//108 364//108
f 178//109 164//109 364//109
f 178//40 364//40 353//40
f 364//40 365//40 353//40
f 292//110 293//110 295//110
f 293//111 366//111 295//111
f 293//40 291//40 367//40
f 291//40 358//40 367//40
f 193//40 192//40 368//40
f 192//40 369//40 368//40
f 194//40 193//40 368//40
f 74//112 75//112 357//112
f 75//112 361//112 357//112
f 370//40 165//40 163//40
f 165//113 370//113 371//113
f 364//114 165//114 371//114
f 364//40 371//40 365//40
f 371//40 372//40 365//40
f 295//115 366//115 296//115
f 366//116 373//116 296//116
f 366//40 293//40 374//40
f 293//40 367//40 374//40
f 196//117 195//117 194//117
f 375//40 194//40 376//40
f 194//40 377//40 376//40
f 194//117 375//117 196//117
f 197//40 370//40 163//40
f 370//118 197//118 378//118
f 371//119 370//119 378//119
f 371//40 378//40 372//40
f 378//40 376//40 372//40
f 296//120 373//120 298//120
f 373//121 379//121 298//121
f 373//40 366//40 380//40
f 366//40 374//40 380//40
f 73//75 54//75 86//75
f 297//75 73//75 86//75
f 73//40 297//40 298//40
f 75//122 76//122 381//122
f 197//123 196//123 375//123
f 378//124 197//124 375//124
f 378//40 375//40 376//40
f 298//125 379//125 76//125
f 379//126 381//126 76//126
f 298//40 76//40 73//40
f 379//40 373//40 382//40
f 373//40 380//40 382//40
f 381//40 379//40 363//40
f 379//40 382//40 363//40
f 361//40 381//40 363//40
f 381//122 361//122 75//122
f 222//127 223//127 383//127
f 384//127 222//127 383//127
f 222//128 384//128 225//128
f 384//129 385//129 225//129
f 225//130 385//130 224//130
f 385//130 226//130 224//130
f 198//75 226//75 386//75
f 226//75 387//75 386//75
f 227//75 237//75 238//75
f 234//75 227//75 388//75
f 227//131 389//131 388//131
f 235//132 236//132 223//132
f 236//132 383//132 223//132
f 235//75 223//75 221//75
f 189//133 213//133 390//133
f 213//134 391//134 390//134
f 189//135 390//135 238//135
f 390//136 392//136 238//136
f 231//75 232//75 393//75
f 232//75 394//75 393//75
f 393//75 394//75 395//75
f 240//75 231//75 396//75
f 231//75 393//75 396//75
f 239//137 240//137 397//137
f 240//138 396//138 397//138
f 239//139 397//139 272//139
f 397//134 398//134 272//134
f 272//140 398//140 399//140
f 398//24 400//24 399//24
f 242//141 243//141 401//141
f 243//142 402//142 401//142
f 403//141 242//141 401//141
f 242//143 403//143 246//143
f 403//143 404//143 246//143
f 242//75 246//75 230//75
f 405//79 232//79 248//79
f 232//75 405//75 394//75
f 248//144 244//144 406//144
f 244//145 407//145 406//145
f 405//146 248//146 406//146
f 244//147 245//147 408//147
f 245//148 409//148 408//148
f 408//149 409//149 410//149
f 409//75 245//75 247//75
f 246//150 404//150 247//150
f 404//150 411//150 247//150
f 249//75 259//75 260//75
f 252//75 249//75 260//75
f 251//151 252//151 412//151
f 253//151 251//151 412//151
f 413//152 253//152 412//152
f 253//75 413//75 241//75
f 413//75 414//75 241//75
f 241//75 414//75 243//75
f 414//153 413//153 415//153
f 413//152 412//152 415//152
f 243//142 414//142 402//142
f 414//153 415//153 402//153
f 254//154 255//154 416//154
f 254//155 416//155 417//155
f 418//156 254//156 417//156
f 254//157 418//157 419//157
f 258//158 254//158 419//158
f 254//75 258//75 250//75
f 256//159 257//159 420//159
f 257//160 258//160 421//160
f 258//161 419//161 421//161
f 420//162 257//162 421//162
f 177//75 263//75 422//75
f 263//75 423//75 422//75
f 261//75 177//75 424//75
f 177//75 422//75 424//75
f 425//75 261//75 426//75
f 261//131 424//131 426//131
f 261//163 425//163 427//163
f 425//164 428//164 427//164
f 427//165 428//165 429//165
f 428//166 430//166 429//166
f 429//166 430//166 431//166
f 430//167 432//167 431//167
f 262//168 261//168 427//168
f 255//169 262//169 433//169
f 262//169 427//169 433//169
f 433//165 427//165 429//165
f 416//170 255//170 434//170
f 255//169 435//169 434//169
f 173//171 263//171 171//171
f 263//172 173//172 267//172
f 173//173 174//173 267//173
f 307//75 315//75 436//75
f 315//131 437//131 436//131
f 306//75 307//75 438//75
f 307//75 436//75 438//75
f 308//75 306//75 310//75
f 306//75 439//75 310//75
f 310//75 439//75 285//75
f 311//174 312//174 440//174
f 312//175 441//175 440//175
f 442//176 311//176 443//176
f 311//177 440//177 443//177
f 311//178 442//178 314//178
f 315//179 313//179 444//179
f 313//180 445//180 444//180
f 444//181 445//181 446//181
f 445//181 447//181 446//181
f 448//179 315//179 444//179
f 315//75 448//75 437//75
f 448//75 449//75 437//75
f 313//180 314//180 445//180
f 314//180 450//180 445//180
f 314//182 442//182 451//182
f 442//183 443//183 451//183
f 451//184 443//184 440//184
f 316//75 330//75 322//75
f 330//75 331//75 322//75
f 322//75 331//75 452//75
f 331//75 453//75 452//75
f 324//185 321//185 323//185
f 324//186 323//186 454//186
f 312//187 324//187 454//187
f 324//75 312//75 277//75
f 325//188 326//188 455//188
f 456//188 325//188 455//188
f 325//189 456//189 457//189
f 456//190 458//190 457//190
f 457//191 458//191 459//191
f 458//192 460//192 459//192
f 459//193 460//193 329//193
f 460//194 461//194 329//194
f 329//195 461//195 328//195
f 461//195 462//195 328//195
f 328//130 462//130 327//130
f 462//130 331//130 327//130
f 325//75 457//75 317//75
f 457//75 459//75 317//75
f 317//75 459//75 329//75
f 319//75 320//75 463//75
f 320//75 464//75 463//75
f 333//75 319//75 465//75
f 319//75 463//75 465//75
f 465//75 463//75 466//75
f 463//75 467//75 466//75
f 466//75 467//75 468//75
f 467//75 469//75 468//75
f 468//75 469//75 470//75
f 469//75 471//75 470//75
f 332//196 333//196 472//196
f 333//197 473//197 472//197
f 472//198 473//198 474//198
f 334//199 332//199 472//199
f 335//200 334//200 475//200
f 334//201 476//201 475//201
f 477//202 335//202 475//202
f 335//75 477//75 478//75
f 477//75 479//75 478//75
f 478//75 326//75 335//75
f 326//75 318//75 335//75
f 326//203 478//203 480//203
f 455//203 326//203 480//203
f 320//75 339//75 464//75
f 338//204 351//204 481//204
f 351//134 482//134 481//134
f 338//135 481//135 339//135
f 481//136 464//136 339//136
f 340//75 346//75 342//75
f 346//75 483//75 342//75
f 341//205 342//205 484//205
f 342//206 483//206 484//206
f 341//204 484//204 485//204
f 484//134 486//134 485//134
f 485//105 486//105 487//105
f 486//24 488//24 487//24
f 341//207 485//207 72//207
f 71//208 341//208 72//208
f 341//209 71//209 337//209
f 303//210 301//210 489//210
f 301//211 299//211 489//211
f 489//151 299//151 300//151
f 490//212 303//212 489//212
f 303//213 490//213 345//213
f 490//213 491//213 345//213
f 303//75 345//75 302//75
f 346//75 347//75 492//75
f 347//75 493//75 492//75
f 343//214 344//214 494//214
f 344//215 345//215 491//215
f 494//215 344//215 491//215
f 300//75 297//75 495//75
f 297//75 496//75 495//75
f 386//75 200//75 198//75
f 200//179 386//179 497//179
f 386//184 498//184 497//184
f 200//168 497//168 202//168
f 497//168 499//168 202//168
f 386//80 387//80 498//80
f 387//80 500//80 498//80
f 226//75 385//75 501//75
f 385//131 384//131 501//131
f 501//75 384//75 502//75
f 384//75 383//75 502//75
f 502//75 383//75 236//75
f 86//39 54//39 503//39
f 54//39 504//39 503//39
f 67//39 86//39 505//39
f 86//39 506//39 505//39
f 86//75 92//75 496//75
f 92//75 507//75 496//75
f 496//184 507//184 508//184
f 507//179 509//179 508//179
f 496//168 508//168 495//168
f 508//168 510//168 495//168
f 495//78 510//78 511//78
f 510//78 512//78 511//78
f 511//216 512//216 513//216
f 512//214 514//214 513//214
f 495//75 511//75 300//75
f 511//75 513//75 300//75
f 300//75 513//75 515//75
f 489//217 300//217 516//217
f 300//75 517//75 516//75
f 516//75 517//75 518//75
f 517//75 519//75 518//75
f 518//75 519//75 520//75
f 519//75 521//75 520//75
f 238//75 392//75 227//75
f 392//218 389//218 227//218
f 392//219 390//219 391//219
f 389//220 392//220 391//220
f 389//221 391//221 522//221
f 388//222 389//222 522//222
f 388//223 522//223 523//223
f 524//224 388//224 523//224
f 388//75 524//75 234//75
f 524//75 525//75 234//75
f 234//75 525//75 502//75
f 236//75 234//75 502//75
f 526//75 393//75 395//75
f 393//225 526//225 527//225
f 398//226 393//226 527//226
f 393//227 398//227 396//227
f 398//228 397//228 396//228
f 394//229 405//229 528//229
f 405//230 406//230 528//230
f 528//231 406//231 529//231
f 406//232 407//232 529//232
f 394//233 528//233 530//233
f 528//234 531//234 530//234
f 395//235 394//235 530//235
f 420//236 260//236 256//236
f 260//131 420//131 532//131
f 420//75 421//75 532//75
f 532//75 421//75 419//75
f 412//75 252//75 533//75
f 252//75 534//75 533//75
f 422//237 423//237 535//237
f 424//238 422//238 536//238
f 422//239 535//239 536//239
f 536//240 535//240 537//240
f 426//241 424//241 538//241
f 424//242 536//242 538//242
f 538//243 536//243 539//243
f 540//79 267//79 264//79
f 267//75 540//75 541//75
f 541//244 540//244 542//244
f 540//244 266//244 542//244
f 542//39 266//39 268//39
f 266//39 265//39 268//39
f 423//245 541//245 542//245
f 541//75 423//75 263//75
f 535//246 423//246 542//246
f 438//247 436//247 543//247
f 436//248 544//248 543//248
f 543//249 544//249 112//249
f 545//250 438//250 546//250
f 438//251 543//251 546//251
f 546//252 543//252 547//252
f 438//75 545//75 306//75
f 545//75 439//75 306//75
f 310//75 309//75 308//75
f 439//253 545//253 548//253
f 545//254 546//254 548//254
f 548//255 546//255 549//255
f 285//244 439//244 548//244
f 436//256 437//256 544//256
f 323//218 322//218 452//218
f 331//75 462//75 550//75
f 462//75 461//75 550//75
f 550//75 461//75 460//75
f 463//257 464//257 482//257
f 464//258 481//258 482//258
f 463//221 482//221 551//221
f 467//259 463//259 551//259
f 465//260 466//260 552//260
f 473//261 465//261 552//261
f 465//262 473//262 333//262
f 553//75 483//75 346//75
f 483//227 553//227 486//227
f 484//263 483//263 486//263
f 492//75 553//75 346//75
f 553//225 492//225 554//225
f 486//226 553//226 554//226
f 492//264 493//264 555//264
f 493//265 556//265 555//265
f 555//266 556//266 557//266
f 554//267 492//267 555//267
f 494//216 347//216 343//216
f 347//75 494//75 558//75
f 494//75 491//75 558//75
f 558//75 491//75 490//75
f 271//268 272//268 399//268
f 273//269 271//269 399//269
f 273//270 399//270 400//270
f 269//271 273//271 400//271
f 270//272 269//272 559//272
f 269//273 400//273 559//273
f 537//55 268//55 270//55
f 268//274 537//274 535//274
f 560//24 350//24 282//24
f 350//275 560//275 561//275
f 351//276 350//276 561//276
f 562//24 560//24 282//24
f 560//277 562//277 563//277
f 562//278 564//278 563//278
f 561//279 560//279 563//279
f 565//55 562//55 349//55
f 562//24 282//24 349//24
f 562//280 565//280 564//280
f 565//281 566//281 564//281
f 349//39 348//39 548//39
f 348//39 284//39 548//39
f 548//282 284//282 285//282
f 549//255 349//255 548//255
f 349//24 549//24 565//24
f 549//24 567//24 565//24
f 266//79 540//79 264//79
f 354//283 352//283 568//283
f 214//283 354//283 568//283
f 354//284 214//284 369//284
f 214//285 215//285 369//285
f 369//286 215//286 210//286
f 354//40 369//40 192//40
f 358//287 359//287 64//287
f 359//107 360//107 64//107
f 64//288 360//288 56//288
f 65//289 358//289 64//289
f 358//290 65//290 367//290
f 65//290 569//290 367//290
f 352//291 353//291 217//291
f 568//291 352//291 217//291
f 367//292 569//292 374//292
f 569//293 505//293 374//293
f 368//73 369//73 210//73
f 368//74 210//74 211//74
f 377//294 368//294 211//294
f 368//40 377//40 194//40
f 360//40 359//40 356//40
f 360//295 362//295 56//295
f 362//112 504//112 56//112
f 353//66 365//66 216//66
f 217//66 353//66 216//66
f 374//41 505//41 380//41
f 505//41 506//41 380//41
f 568//39 217//39 187//39
f 214//39 568//39 187//39
f 569//39 65//39 67//39
f 65//39 63//39 67//39
f 505//39 569//39 67//39
f 210//39 215//39 186//39
f 365//296 372//296 209//296
f 216//296 365//296 209//296
f 216//39 209//39 199//39
f 380//297 506//297 382//297
f 506//298 570//298 382//298
f 376//299 377//299 211//299
f 208//39 211//39 185//39
f 211//300 208//300 376//300
f 362//301 363//301 503//301
f 56//39 504//39 54//39
f 372//302 376//302 208//302
f 209//302 372//302 208//302
f 382//303 570//303 363//303
f 570//303 503//303 363//303
f 570//39 506//39 86//39
f 503//39 570//39 86//39
f 503//304 504//304 362//304
f 571//24 212//24 187//24
f 212//275 571//275 572//275
f 213//305 212//305 572//305
f 72//306 485//306 487//306
f 573//269 72//269 487//269
f 72//55 573//55 67//55
f 573//71 79//71 67//71
f 213//307 572//307 391//307
f 572//24 574//24 391//24
f 391//308 574//308 522//308
f 574//24 575//24 522//24
f 522//24 575//24 523//24
f 575//24 576//24 523//24
f 351//140 561//140 482//140
f 561//24 563//24 482//24
f 482//24 563//24 551//24
f 563//24 564//24 551//24
f 551//308 564//308 577//308
f 564//24 566//24 577//24
f 398//308 527//308 400//308
f 527//24 559//24 400//24
f 486//308 554//308 488//308
f 554//24 578//24 488//24
f 572//279 571//279 574//279
f 571//309 219//309 574//309
f 574//310 219//310 575//310
f 219//280 220//280 575//280
f 575//311 220//311 576//311
f 220//312 579//312 576//312
f 219//24 571//24 187//24
f 487//313 488//313 573//313
f 488//271 79//271 573//271
f 580//75 201//75 203//75
f 201//1 580//1 581//1
f 582//1 201//1 581//1
f 201//66 582//66 218//66
f 218//28 582//28 583//28
f 582//28 581//28 583//28
f 218//24 583//24 584//24
f 583//24 585//24 584//24
f 586//272 79//272 578//272
f 79//273 488//273 578//273
f 79//24 586//24 34//24
f 586//24 32//24 34//24
f 34//24 32//24 31//24
f 92//1 3//1 587//1
f 3//314 5//314 587//314
f 92//75 587//75 8//75
f 587//75 588//75 8//75
f 527//267 526//267 589//267
f 526//264 590//264 589//264
f 589//315 590//315 591//315
f 527//308 589//308 559//308
f 589//24 592//24 559//24
f 551//316 577//316 467//316
f 577//317 469//317 467//317
f 554//308 555//308 578//308
f 555//24 557//24 578//24
f 590//75 526//75 593//75
f 526//75 395//75 593//75
f 395//318 530//318 593//318
f 530//319 594//319 593//319
f 466//320 468//320 552//320
f 468//321 595//321 552//321
f 552//322 595//322 596//322
f 595//323 597//323 596//323
f 523//324 576//324 525//324
f 559//325 592//325 270//325
f 592//326 598//326 270//326
f 270//327 598//327 599//327
f 598//328 579//328 599//328
f 599//329 579//329 220//329
f 592//330 589//330 591//330
f 577//331 566//331 471//331
f 578//332 557//332 586//332
f 557//333 600//333 586//333
f 586//327 600//327 567//327
f 600//328 601//328 567//328
f 567//329 601//329 565//329
f 601//334 566//334 565//334
f 525//335 524//335 523//335
f 591//75 590//75 602//75
f 590//75 593//75 602//75
f 593//336 594//336 602//336
f 594//337 603//337 602//337
f 602//338 603//338 604//338
f 603//339 605//339 604//339
f 471//340 469//340 577//340
f 468//341 470//341 595//341
f 470//342 606//342 595//342
f 595//343 606//343 607//343
f 606//344 608//344 607//344
f 607//345 608//345 609//345
f 556//75 493//75 347//75
f 599//24 220//24 584//24
f 220//24 218//24 584//24
f 270//24 599//24 537//24
f 599//24 539//24 537//24
f 586//24 567//24 32//24
f 567//24 547//24 32//24
f 32//24 547//24 112//24
f 3//28 34//28 46//28
f 34//50 3//50 100//50
f 34//24 105//24 79//24
f 576//75 579//75 610//75
f 579//75 611//75 610//75
f 612//75 576//75 610//75
f 576//78 612//78 525//78
f 612//79 502//79 525//79
f 592//82 591//82 604//82
f 591//80 602//80 604//80
f 613//346 592//346 614//346
f 592//80 605//80 614//80
f 592//75 613//75 598//75
f 613//75 615//75 598//75
f 598//75 615//75 616//75
f 615//75 617//75 616//75
f 566//75 601//75 618//75
f 601//75 619//75 618//75
f 566//347 618//347 609//347
f 471//79 566//79 606//79
f 566//78 608//78 606//78
f 470//79 471//79 606//79
f 557//80 556//80 620//80
f 556//82 558//82 620//82
f 557//75 620//75 621//75
f 600//75 557//75 621//75
f 558//75 556//75 347//75
f 612//130 610//130 622//130
f 610//348 623//348 622//348
f 502//349 612//349 622//349
f 579//75 598//75 624//75
f 598//75 616//75 624//75
f 610//350 611//350 623//350
f 611//351 625//351 623//351
f 604//80 605//80 592//80
f 613//352 614//352 603//352
f 614//353 605//353 603//353
f 613//354 603//354 626//354
f 615//355 613//355 627//355
f 613//356 626//356 627//356
f 601//75 600//75 628//75
f 600//75 629//75 628//75
f 618//357 619//357 630//357
f 619//358 631//358 630//358
f 630//359 631//359 632//359
f 607//360 618//360 633//360
f 618//361 630//361 633//361
f 618//362 607//362 609//362
f 609//78 608//78 566//78
f 620//211 558//211 634//211
f 621//151 620//151 634//151
f 635//363 621//363 634//363
f 621//75 635//75 600//75
f 635//75 636//75 600//75
f 600//75 636//75 629//75
f 502//75 622//75 501//75
f 622//364 623//364 501//364
f 501//75 623//75 625//75
f 634//75 558//75 516//75
f 558//75 490//75 516//75
f 516//131 490//131 489//131
f 584//18 585//18 637//18
f 638//18 584//18 637//18
f 584//66 638//66 203//66
f 639//66 584//66 203//66
f 584//24 639//24 640//24
f 639//24 641//24 640//24
f 640//55 641//55 642//55
f 641//24 643//24 642//24
f 537//365 539//365 536//365
f 549//252 546//252 547//252
f 549//71 547//71 567//71
f 114//24 32//24 112//24
f 624//366 616//366 644//366
f 645//366 624//366 644//366
f 624//367 645//367 646//367
f 645//367 647//367 646//367
f 646//368 647//368 648//368
f 647//369 625//369 648//369
f 648//370 625//370 611//370
f 624//75 646//75 579//75
f 646//75 648//75 579//75
f 579//75 648//75 611//75
f 649//53 615//53 627//53
f 615//75 649//75 617//75
f 649//75 650//75 617//75
f 616//371 617//371 651//371
f 644//372 616//372 651//372
f 628//373 629//373 652//373
f 629//374 653//374 652//374
f 654//373 628//373 652//373
f 628//375 654//375 655//375
f 654//375 656//375 655//375
f 628//75 655//75 601//75
f 655//75 619//75 601//75
f 631//75 619//75 657//75
f 619//75 655//75 657//75
f 655//376 656//376 657//376
f 656//377 658//377 657//377
f 636//378 635//378 659//378
f 635//379 634//379 659//379
f 629//374 636//374 653//374
f 636//380 659//380 653//380
f 640//24 539//24 584//24
f 539//24 599//24 584//24
f 539//243 640//243 538//243
f 547//249 543//249 112//249
f 583//66 581//66 637//66
f 581//66 660//66 637//66
f 585//66 583//66 637//66
f 581//66 580//66 660//66
f 637//7 660//7 638//7
f 660//7 203//7 638//7
f 660//75 580//75 203//75
f 203//66 205//66 639//66
f 202//79 499//79 661//79
f 662//78 202//78 661//78
f 202//75 662//75 663//75
f 662//75 664//75 663//75
f 8//24 588//24 6//24
f 21//7 8//7 19//7
f 8//75 131//75 665//75
f 131//75 518//75 665//75
f 665//75 518//75 666//75
f 518//364 667//364 666//364
f 519//75 507//75 668//75
f 507//75 669//75 668//75
f 507//82 519//82 509//82
f 519//80 670//80 509//80
f 497//75 498//75 671//75
f 498//75 672//75 671//75
f 499//75 497//75 673//75
f 497//75 674//75 673//75
f 508//75 509//75 675//75
f 509//75 670//75 675//75
f 510//75 508//75 676//75
f 508//75 677//75 676//75
f 498//75 500//75 672//75
f 671//132 672//132 678//132
f 679//132 671//132 678//132
f 671//127 679//127 674//127
f 679//127 680//127 674//127
f 671//75 674//75 497//75
f 661//75 499//75 673//75
f 673//129 674//129 680//129
f 661//349 673//349 681//349
f 673//381 680//381 681//381
f 512//75 510//75 514//75
f 510//75 676//75 514//75
f 676//213 677//213 682//213
f 515//213 676//213 682//213
f 676//215 515//215 514//215
f 515//215 513//215 514//215
f 675//151 670//151 517//151
f 670//151 519//151 517//151
f 677//212 675//212 517//212
f 675//75 677//75 508//75
f 682//212 677//212 517//212
f 678//75 387//75 226//75
f 387//81 678//81 672//81
f 672//81 500//81 387//81
f 639//40 205//40 683//40
f 205//40 684//40 683//40
f 685//40 639//40 686//40
f 639//40 687//40 686//40
f 639//24 685//24 688//24
f 640//382 642//382 689//382
f 642//383 690//383 689//383
f 689//384 690//384 691//384
f 538//382 640//382 689//382
f 112//385 544//385 692//385
f 544//385 693//385 692//385
f 692//386 693//386 694//386
f 693//387 695//387 694//387
f 112//55 692//55 696//55
f 692//24 697//24 696//24
f 696//24 697//24 698//24
f 697//24 699//24 698//24
f 700//75 204//75 202//75
f 204//184 700//184 701//184
f 700//179 702//179 701//179
f 204//168 701//168 703//168
f 701//168 704//168 703//168
f 703//388 704//388 705//388
f 704//389 706//389 705//389
f 705//390 706//390 707//390
f 706//390 708//390 707//390
f 707//391 708//391 709//391
f 708//392 710//392 709//392
f 709//79 710//79 711//79
f 204//75 703//75 206//75
f 703//173 705//173 206//173
f 206//75 705//75 707//75
f 712//75 205//75 207//75
f 205//40 712//40 713//40
f 712//40 714//40 713//40
f 665//179 666//179 715//179
f 666//184 716//184 715//184
f 665//163 715//163 669//163
f 715//168 717//168 669//168
f 665//75 669//75 507//75
f 135//41 131//41 133//41
f 131//40 135//40 718//40
f 135//40 719//40 718//40
f 152//40 131//40 720//40
f 131//40 721//40 720//40
f 131//75 152//75 155//75
f 662//130 661//130 681//130
f 663//75 700//75 202//75
f 700//80 663//80 702//80
f 663//82 722//82 702//82
f 663//393 664//393 723//393
f 662//75 681//75 206//75
f 681//75 501//75 206//75
f 669//78 717//78 668//78
f 717//79 724//79 668//79
f 668//394 724//394 725//394
f 726//395 668//395 725//395
f 668//75 726//75 519//75
f 726//75 521//75 519//75
f 426//396 538//396 689//396
f 727//397 426//397 689//397
f 426//75 727//75 425//75
f 727//75 728//75 425//75
f 544//398 437//398 693//398
f 437//399 449//399 693//399
f 693//400 449//400 695//400
f 688//24 641//24 639//24
f 641//39 688//39 729//39
f 688//39 730//39 729//39
f 206//39 641//39 731//39
f 641//39 732//39 731//39
f 641//180 206//180 501//180
f 733//180 641//180 501//180
f 641//24 733//24 627//24
f 733//24 734//24 627//24
f 642//383 643//383 735//383
f 643//383 736//383 735//383
f 735//384 736//384 737//384
f 736//401 738//401 737//401
f 697//386 692//386 739//386
f 692//386 694//386 739//386
f 740//24 696//24 630//24
f 696//24 633//24 630//24
f 696//169 740//169 518//169
f 740//169 516//169 518//169
f 696//39 518//39 741//39
f 518//39 742//39 741//39
f 156//39 696//39 743//39
f 696//39 744//39 743//39
f 696//24 156//24 135//24
f 156//40 154//40 135//40
f 135//40 143//40 745//40
f 143//40 746//40 745//40
f 135//24 139//24 112//24
f 425//402 728//402 428//402
f 728//403 747//403 428//403
f 428//404 747//404 430//404
f 747//405 748//405 430//405
f 430//167 748//167 432//167
f 748//39 749//39 432//39
f 432//39 749//39 750//39
f 691//401 727//401 689//401
f 727//75 691//75 747//75
f 691//75 751//75 747//75
f 752//406 448//406 444//406
f 448//75 752//75 449//75
f 752//75 753//75 449//75
f 449//75 753//75 695//75
f 753//75 754//75 695//75
f 695//75 754//75 755//75
f 754//131 756//131 755//131
f 735//82 737//82 757//82
f 737//80 758//80 757//80
f 757//407 758//407 759//407
f 735//75 757//75 760//75
f 690//75 735//75 749//75
f 735//75 750//75 749//75
f 735//383 690//383 642//383
f 761//75 690//75 762//75
f 690//75 749//75 762//75
f 690//78 761//78 691//78
f 761//78 763//78 691//78
f 697//24 643//24 764//24
f 643//24 765//24 764//24
f 643//40 697//40 736//40
f 697//40 766//40 736//40
f 739//75 694//75 767//75
f 694//75 768//75 767//75
f 769//75 739//75 770//75
f 739//75 771//75 770//75
f 739//79 769//79 772//79
f 769//79 773//79 772//79
f 739//387 772//387 766//387
f 772//400 774//400 766//400
f 694//82 695//82 775//82
f 695//80 755//80 775//80
f 775//407 755//407 756//407
f 694//75 775//75 768//75
f 775//75 776//75 768//75
f 766//386 697//386 739//386
f 747//405 751//405 748//405
f 751//282 777//282 748//282
f 748//282 777//282 778//282
f 747//75 728//75 727//75
f 691//75 763//75 751//75
f 763//172 779//172 751//172
f 751//364 779//364 780//364
f 753//408 752//408 781//408
f 752//408 446//408 781//408
f 781//409 446//409 782//409
f 446//409 447//409 782//409
f 754//410 753//410 781//410
f 686//283 687//283 783//283
f 784//283 686//283 783//283
f 686//284 784//284 785//284
f 784//285 786//285 785//285
f 785//286 786//286 787//286
f 686//40 785//40 685//40
f 785//40 788//40 685//40
f 685//40 788//40 712//40
f 788//40 714//40 712//40
f 685//66 712//66 207//66
f 688//66 685//66 207//66
f 688//39 207//39 789//39
f 207//39 790//39 789//39
f 788//73 785//73 787//73
f 788//74 787//74 791//74
f 714//294 788//294 791//294
f 207//39 206//39 792//39
f 206//39 793//39 792//39
f 683//40 687//40 639//40
f 687//291 683//291 794//291
f 783//291 687//291 794//291
f 683//66 684//66 795//66
f 794//66 683//66 795//66
f 745//287 746//287 796//287
f 746//107 145//107 796//107
f 796//288 145//288 797//288
f 798//289 745//289 796//289
f 745//290 798//290 799//290
f 798//290 800//290 799//290
f 745//40 799//40 135//40
f 799//40 719//40 135//40
f 799//292 800//292 719//292
f 800//293 801//293 719//293
f 719//41 801//41 718//41
f 801//41 802//41 718//41
f 718//297 802//297 721//297
f 802//298 803//298 721//298
f 718//40 721//40 131//40
f 155//39 156//39 804//39
f 156//39 805//39 804//39
f 783//39 794//39 806//39
f 794//39 807//39 806//39
f 784//39 783//39 808//39
f 783//39 806//39 808//39
f 786//39 784//39 809//39
f 784//39 810//39 809//39
f 798//39 796//39 811//39
f 796//39 797//39 811//39
f 811//39 797//39 812//39
f 797//39 813//39 812//39
f 800//39 798//39 814//39
f 798//39 815//39 814//39
f 145//40 746//40 143//40
f 794//39 795//39 807//39
f 795//39 816//39 807//39
f 801//39 800//39 817//39
f 800//39 814//39 817//39
f 787//39 786//39 809//39
f 791//39 787//39 818//39
f 787//39 819//39 818//39
f 820//40 145//40 152//40
f 145//295 820//295 797//295
f 820//112 821//112 797//112
f 822//40 684//40 205//40
f 684//296 822//296 823//296
f 795//296 684//296 823//296
f 795//39 823//39 816//39
f 823//39 824//39 816//39
f 802//39 801//39 825//39
f 801//39 817//39 825//39
f 713//299 714//299 791//299
f 826//39 791//39 818//39
f 791//300 826//300 713//300
f 720//40 820//40 152//40
f 820//301 720//301 827//301
f 797//39 821//39 813//39
f 821//39 827//39 813//39
f 813//39 827//39 828//39
f 827//39 829//39 828//39
f 713//40 822//40 205//40
f 822//302 713//302 826//302
f 823//302 822//302 826//302
f 823//39 826//39 824//39
f 826//39 830//39 824//39
f 721//303 803//303 720//303
f 803//303 827//303 720//303
f 803//39 802//39 831//39
f 802//39 825//39 831//39
f 827//39 803//39 829//39
f 803//39 831//39 829//39
f 827//304 821//304 820//304
f 518//39 155//39 832//39
f 155//39 833//39 832//39
f 155//75 518//75 131//75
f 834//75 761//75 762//75
f 761//411 834//411 779//411
f 834//412 780//412 779//412
f 835//282 749//282 748//282
f 749//413 835//413 762//413
f 835//414 778//414 762//414
f 762//415 778//415 777//415
f 834//416 762//416 777//416
f 776//417 775//417 756//417
f 767//418 768//418 836//418
f 768//419 837//419 836//419
f 767//420 836//420 838//420
f 836//244 837//244 838//244
f 838//244 837//244 839//244
f 840//39 767//39 841//39
f 767//39 838//39 841//39
f 841//421 838//421 782//421
f 838//422 781//422 782//422
f 767//75 840//75 739//75
f 840//75 771//75 739//75
f 768//423 776//423 837//423
f 776//424 839//424 837//424
f 779//425 763//425 761//425
f 842//75 751//75 780//75
f 751//244 842//244 777//244
f 843//282 754//282 839//282
f 754//244 838//244 839//244
f 754//426 843//426 844//426
f 808//62 806//62 732//62
f 729//62 808//62 732//62
f 808//65 729//65 810//65
f 729//65 730//65 810//65
f 808//39 810//39 784//39
f 810//72 730//72 809//72
f 730//72 845//72 809//72
f 809//73 845//73 789//73
f 729//39 732//39 641//39
f 819//73 809//73 789//73
f 809//39 819//39 787//39
f 845//39 730//39 688//39
f 811//39 815//39 798//39
f 815//106 811//106 805//106
f 811//107 812//107 805//107
f 805//107 812//107 804//107
f 846//106 815//106 805//106
f 815//93 846//93 814//93
f 846//93 743//93 814//93
f 814//95 743//95 817//95
f 743//96 744//96 817//96
f 846//39 805//39 156//39
f 743//39 846//39 156//39
f 806//108 807//108 731//108
f 732//427 806//427 731//427
f 817//111 744//111 825//111
f 744//110 741//110 825//110
f 819//74 789//74 790//74
f 818//74 819//74 790//74
f 789//39 845//39 688//39
f 812//112 813//112 804//112
f 813//112 847//112 804//112
f 807//428 816//428 793//428
f 731//114 807//114 793//114
f 731//39 793//39 206//39
f 825//116 741//116 831//116
f 741//115 742//115 831//115
f 741//39 744//39 696//39
f 830//117 818//117 790//117
f 818//39 830//39 826//39
f 848//39 790//39 207//39
f 790//117 848//117 830//117
f 816//119 824//119 792//119
f 793//119 816//119 792//119
f 831//120 742//120 829//120
f 742//121 832//121 829//121
f 813//122 828//122 833//122
f 804//39 847//39 155//39
f 847//39 833//39 155//39
f 824//123 830//123 848//123
f 792//123 824//123 848//123
f 829//126 832//126 828//126
f 832//126 833//126 828//126
f 792//39 848//39 207//39
f 832//39 742//39 518//39
f 833//122 847//122 813//122
f 701//75 702//75 849//75
f 702//75 723//75 849//75
f 704//75 701//75 849//75
f 666//429 667//429 850//429
f 667//430 851//430 850//430
f 715//75 716//75 852//75
f 716//75 853//75 852//75
f 717//75 715//75 852//75
f 706//75 704//75 854//75
f 704//75 849//75 854//75
f 849//431 723//431 664//431
f 855//432 849//432 664//432
f 849//433 855//433 854//433
f 855//434 856//434 854//434
f 702//75 722//75 723//75
f 850//435 716//435 666//435
f 716//75 850//75 853//75
f 850//75 857//75 853//75
f 853//75 857//75 858//75
f 857//75 859//75 858//75
f 858//218 859//218 860//218
f 852//436 853//436 521//436
f 853//437 520//437 521//437
f 852//438 521//438 726//438
f 725//439 852//439 726//439
f 852//75 725//75 717//75
f 725//75 724//75 717//75
f 736//75 766//75 861//75
f 766//75 862//75 861//75
f 736//78 861//78 863//78
f 738//79 736//79 863//79
f 737//75 738//75 864//75
f 738//75 863//75 864//75
f 758//75 737//75 865//75
f 737//75 866//75 865//75
f 760//440 757//440 759//440
f 867//423 760//423 868//423
f 760//441 869//441 868//441
f 760//75 867//75 735//75
f 867//75 750//75 735//75
f 867//442 868//442 870//442
f 750//443 867//443 870//443
f 750//420 870//420 871//420
f 870//244 868//244 871//244
f 871//244 868//244 869//244
f 772//75 773//75 872//75
f 773//75 873//75 872//75
f 774//75 772//75 874//75
f 772//75 875//75 874//75
f 766//82 774//82 876//82
f 862//80 766//80 876//80
f 769//444 770//444 877//444
f 770//445 878//445 877//445
f 770//446 771//446 879//446
f 771//447 880//447 879//447
f 771//448 840//448 881//448
f 881//449 840//449 882//449
f 840//39 883//39 882//39
f 850//131 851//131 857//131
f 884//75 667//75 518//75
f 667//450 884//450 851//450
f 884//451 857//451 851//451
f 708//452 706//452 710//452
f 706//75 854//75 710//75
f 710//75 854//75 885//75
f 854//453 856//453 886//453
f 885//454 854//454 886//454
f 853//455 858//455 887//455
f 858//456 888//456 887//456
f 520//457 853//457 887//457
f 707//217 709//217 206//217
f 709//75 889//75 206//75
f 206//75 889//75 890//75
f 891//217 884//217 518//217
f 884//458 891//458 857//458
f 891//82 892//82 857//82
f 857//82 892//82 859//82
f 892//459 860//459 859//459
f 711//75 710//75 885//75
f 864//460 863//460 893//460
f 863//461 861//461 893//461
f 893//462 861//462 765//462
f 894//463 864//463 895//463
f 864//464 893//464 895//464
f 895//465 893//465 896//465
f 893//462 765//462 896//462
f 864//75 894//75 737//75
f 894//75 866//75 737//75
f 866//466 894//466 897//466
f 894//467 895//467 897//467
f 897//468 895//468 898//468
f 895//465 896//465 898//465
f 865//469 866//469 899//469
f 866//470 897//470 899//470
f 899//471 897//471 900//471
f 897//468 898//468 900//468
f 901//78 865//78 899//78
f 865//75 901//75 758//75
f 901//75 759//75 758//75
f 876//75 774//75 874//75
f 874//472 875//472 902//472
f 875//473 903//473 902//473
f 902//474 903//474 904//474
f 903//475 905//475 904//475
f 876//476 874//476 906//476
f 874//477 902//477 906//477
f 906//478 902//478 698//478
f 902//474 904//474 698//474
f 907//75 875//75 772//75
f 875//479 907//479 903//479
f 907//480 908//480 903//480
f 903//475 908//475 905//475
f 908//66 882//66 905//66
f 905//66 882//66 883//66
f 872//75 907//75 772//75
f 907//481 872//481 908//481
f 872//80 873//80 908//80
f 908//82 873//82 882//82
f 877//482 773//482 769//482
f 773//75 877//75 873//75
f 877//483 878//483 873//483
f 873//75 878//75 909//75
f 889//79 709//79 711//79
f 892//75 891//75 518//75
f 723//484 722//484 663//484
f 910//172 711//172 885//172
f 711//485 910//485 889//485
f 910//486 890//486 889//486
f 910//487 885//487 890//487
f 885//488 886//488 890//488
f 888//75 892//75 518//75
f 892//489 888//489 860//489
f 888//490 858//490 860//490
f 533//75 501//75 404//75
f 501//75 644//75 404//75
f 404//173 644//173 411//173
f 644//75 651//75 411//75
f 411//75 651//75 911//75
f 651//75 912//75 911//75
f 911//75 912//75 913//75
f 912//75 914//75 913//75
f 501//39 533//39 733//39
f 533//39 915//39 733//39
f 900//24 898//24 641//24
f 898//24 643//24 641//24
f 898//24 896//24 643//24
f 896//24 765//24 643//24
f 916//55 900//55 431//55
f 900//24 429//24 431//24
f 900//471 916//471 899//471
f 916//41 917//41 899//41
f 899//41 917//41 871//41
f 433//24 429//24 531//24
f 429//55 918//55 531//55
f 626//55 918//55 641//55
f 918//24 429//24 641//24
f 641//24 429//24 900//24
f 918//491 626//491 603//491
f 594//492 918//492 603//492
f 918//493 594//493 531//493
f 594//494 530//494 531//494
f 627//24 626//24 641//24
f 627//495 734//495 919//495
f 734//496 920//496 919//496
f 919//497 920//497 921//497
f 920//498 922//498 921//498
f 733//24 915//24 923//24
f 915//24 924//24 923//24
f 923//71 924//71 925//71
f 924//55 926//55 925//55
f 927//24 740//24 928//24
f 740//24 929//24 928//24
f 740//39 927//39 516//39
f 927//39 550//39 516//39
f 698//478 699//478 906//478
f 699//499 862//499 906//499
f 906//500 862//500 876//500
f 698//24 904//24 696//24
f 904//24 447//24 696//24
f 696//24 447//24 597//24
f 447//24 596//24 597//24
f 904//55 905//55 782//55
f 905//71 841//71 782//71
f 782//24 447//24 904//24
f 447//24 445//24 596//24
f 445//55 474//55 596//55
f 597//501 595//501 607//501
f 633//502 597//502 607//502
f 597//24 633//24 696//24
f 930//503 630//503 931//503
f 630//504 632//504 931//504
f 931//505 632//505 932//505
f 630//24 930//24 740//24
f 930//24 929//24 740//24
f 890//173 886//173 206//173
f 886//75 856//75 206//75
f 206//75 856//75 662//75
f 856//75 855//75 662//75
f 662//75 855//75 664//75
f 681//75 680//75 226//75
f 680//75 679//75 226//75
f 226//75 679//75 678//75
f 887//173 888//173 518//173
f 520//75 887//75 518//75
f 682//75 517//75 300//75
f 516//75 550//75 455//75
f 550//218 456//218 455//218
f 764//39 765//39 862//39
f 765//39 861//39 862//39
f 764//499 862//499 699//499
f 764//24 699//24 697//24
f 515//75 682//75 300//75
f 431//71 432//71 916//71
f 432//24 917//24 916//24
f 905//24 883//24 841//24
f 917//39 432//39 750//39
f 871//39 917//39 750//39
f 841//39 883//39 840//39
f 882//282 873//282 879//282
f 873//244 909//244 879//244
f 871//78 901//78 899//78
f 901//282 871//282 869//282
f 933//244 901//244 869//244
f 901//452 933//452 934//452
f 934//75 759//75 901//75
f 759//506 934//506 760//506
f 934//507 933//507 760//507
f 760//508 933//508 869//508
f 844//75 756//75 754//75
f 756//509 844//509 776//509
f 844//507 843//507 776//507
f 776//508 843//508 839//508
f 842//510 780//510 834//510
f 909//511 878//511 770//511
f 777//512 842//512 834//512
f 879//512 909//512 770//512
f 879//244 880//244 882//244
f 880//244 881//244 882//244
f 778//244 835//244 748//244
f 881//513 880//513 771//513
f 529//514 531//514 528//514
f 531//24 529//24 433//24
f 529//24 435//24 433//24
f 433//169 435//169 255//169
f 445//24 450//24 474//24
f 450//71 476//71 474//71
f 596//515 474//515 473//515
f 552//516 596//516 473//516
f 924//24 435//24 926//24
f 435//71 408//71 926//71
f 435//41 924//41 434//41
f 924//41 534//41 434//41
f 434//41 534//41 532//41
f 529//71 407//71 435//71
f 407//55 408//55 435//55
f 451//180 450//180 314//180
f 450//66 451//66 935//66
f 451//66 453//66 935//66
f 450//24 935//24 936//24
f 935//24 937//24 936//24
f 474//517 476//517 472//517
f 454//75 323//75 452//75
f 532//518 419//518 418//518
f 434//168 532//168 418//168
f 532//75 534//75 252//75
f 452//66 453//66 451//66
f 452//184 451//184 440//184
f 441//179 452//179 440//179
f 452//75 441//75 454//75
f 417//168 416//168 434//168
f 454//519 441//519 312//519
f 418//168 417//168 434//168
f 534//169 924//169 915//169
f 533//169 534//169 915//169
f 550//75 453//75 331//75
f 453//180 550//180 935//180
f 550//180 927//180 935//180
f 408//520 407//520 244//520
f 475//55 476//55 450//55
f 472//521 476//521 334//521
f 926//522 408//522 410//522
f 925//523 926//523 938//523
f 926//524 939//524 938//524
f 938//525 939//525 940//525
f 939//526 941//526 940//526
f 935//24 927//24 928//24
f 936//71 475//71 450//71
f 475//495 936//495 942//495
f 936//527 943//527 942//527
f 942//528 943//528 944//528
f 943//529 945//529 944//529
f 944//530 945//530 946//530
f 945//531 947//531 946//531
f 946//532 947//532 948//532
f 947//533 949//533 948//533
f 936//534 937//534 947//534
f 937//535 950//535 947//535
f 410//75 409//75 951//75
f 409//75 247//75 951//75
f 247//536 411//536 951//536
f 411//537 911//537 951//537
f 951//78 911//78 941//78
f 911//79 940//79 941//79
f 942//538 477//538 475//538
f 477//75 942//75 479//75
f 478//539 479//539 952//539
f 479//82 944//82 952//82
f 952//80 944//80 946//80
f 480//540 478//540 952//540
f 953//541 649//541 627//541
f 649//75 953//75 650//75
f 617//542 650//542 912//542
f 650//82 922//82 912//82
f 912//80 922//80 954//80
f 651//542 617//542 912//542
f 632//75 631//75 955//75
f 631//75 657//75 955//75
f 657//543 658//543 955//543
f 658//544 956//544 955//544
f 955//78 956//78 957//78
f 956//78 958//78 957//78
f 959//545 953//545 919//545
f 953//546 627//546 919//546
f 953//346 959//346 650//346
f 959//547 921//547 650//547
f 650//80 921//80 922//80
f 960//24 734//24 733//24
f 734//534 960//534 961//534
f 960//548 962//548 961//548
f 410//549 951//549 941//549
f 410//550 941//550 963//550
f 941//551 939//551 963//551
f 963//552 939//552 926//552
f 942//553 944//553 479//553
f 632//554 955//554 932//554
f 955//555 964//555 932//555
f 929//523 930//523 965//523
f 930//556 966//556 965//556
f 965//557 966//557 957//557
f 966//558 964//558 957//558
f 921//559 959//559 919//559
f 932//560 964//560 931//560
f 964//561 966//561 931//561
f 931//562 966//562 930//562
f 957//549 964//549 955//549
f 954//563 922//563 961//563
f 922//564 920//564 961//564
f 961//565 920//565 734//565
f 957//566 958//566 965//566
f 958//567 967//567 965//567
f 965//568 967//568 968//568
f 940//75 911//75 969//75
f 911//75 970//75 969//75
f 940//569 969//569 938//569
f 969//570 970//570 938//570
f 938//571 970//571 971//571
f 946//75 948//75 952//75
f 948//75 949//75 952//75
f 952//75 949//75 972//75
f 480//75 952//75 658//75
f 952//218 956//218 658//218
f 961//75 962//75 973//75
f 962//75 974//75 973//75
f 973//75 974//75 938//75
f 961//324 973//324 914//324
f 973//331 913//331 914//331
f 923//24 960//24 733//24
f 960//572 923//572 962//572
f 923//573 974//573 962//573
f 973//574 938//574 971//574
f 938//575 974//575 925//575
f 974//576 923//576 925//576
f 947//75 950//75 975//75
f 950//75 976//75 975//75
f 975//75 976//75 965//75
f 947//577 975//577 972//577
f 975//324 977//324 972//324
f 928//71 937//71 935//71
f 937//572 928//572 950//572
f 928//573 976//573 950//573
f 975//266 965//266 978//266
f 965//578 968//578 978//578
f 965//575 976//575 929//575
f 976//576 928//576 929//576
f 979//579 954//579 961//579
f 954//75 979//75 912//75
f 979//75 980//75 912//75
f 912//75 980//75 914//75
f 958//75 956//75 967//75
f 956//75 968//75 967//75
f 980//580 979//580 961//580
f 914//581 980//581 961//581
f 913//266 973//266 971//266
f 971//75 970//75 911//75
f 913//75 971//75 911//75
f 972//582 949//582 947//582
f 972//75 977//75 952//75
f 977//75 956//75 952//75
f 977//574 975//574 978//574
f 978//75 968//75 956//75
f 977//75 978//75 956//75
f 659//131 634//131 516//131
f 415//75 412//75 533//75
f 658//75 656//75 480//75
f 656//131 455//131 480//131
f 402//75 415//75 533//75
f 653//75 659//75 516//75
f 625//217 647//217 501//217
f 647//75 645//75 501//75
f 501//75 645//75 644//75
f 460//75 458//75 550//75
f 458//131 456//131 550//131
f 656//75 654//75 516//75
f 654//218 652//218 516//218
f 516//131 652//131 653//131
f 404//217 403//217 533//217
f 403//131 401//131 533//131
f 533//75 401//75 402//75
f 275//40 288//40 294//40
f 496//75 297//75 86//75
f 263//75 267//75 541//75
f 92//75 8//75 507//75
f 507//75 8//75 665//75
f 542//274 268//274 535//274
f 696//24 135//24 112//24
f 681//75 226//75 501//75
f 838//410 754//410 781//410
f 752//583 444//583 446//583
f 532//75 252//75 260//75
f 963//584 926//584 410//584
f 943//585 936//585 945//585
f 936//586 947//586 945//586
f 516//75 455//75 656//75
f 2//66 1//66 981//66
f 1//66 53//66 981//66
f 981//587 53//587 982//587
f 53//66 52//66 982//66
f 982//588 52//588 51//588
f 4//589 2//589 983//589
f 2//66 981//66 983//66
f 5//590 4//590 983//590
f 984//75 5//75 985//75
f 5//75 986//75 985//75
f 985//75 986//75 987//75
f 986//75 988//75 987//75
f 987//75 988//75 989//75
f 988//75 54//75 989//75
f 989//75 54//75 990//75
f 6//75 984//75 985//75
f 7//66 6//66 991//66
f 9//66 7//66 992//66
f 7//591 991//591 992//591
f 10//592 9//592 992//592
f 11//66 10//66 993//66
f 10//66 992//66 993//66
f 12//66 11//66 993//66
f 13//593 12//593 994//593
f 12//66 993//66 994//66
f 14//66 13//66 994//66
f 15//358 14//358 995//358
f 14//66 994//66 995//66
f 16//66 15//66 995//66
f 17//594 16//594 996//594
f 16//66 995//66 996//66
f 18//66 17//66 996//66
f 19//595 18//595 20//595
f 18//66 997//66 20//66
f 20//66 997//66 22//66
f 997//66 23//66 22//66
f 24//66 23//66 998//66
f 23//66 997//66 998//66
f 25//596 24//596 998//596
f 26//597 25//597 999//597
f 25//66 998//66 999//66
f 27//66 26//66 999//66
f 28//66 27//66 1000//66
f 27//598 999//598 1000//598
f 29//599 28//599 1000//599
f 30//66 29//66 1001//66
f 29//66 1000//66 1001//66
f 31//66 30//66 1001//66
f 31//66 1001//66 1002//66
f 35//600 33//600 1003//600
f 36//66 35//66 1004//66
f 35//591 1003//591 1004//591
f 37//601 36//601 1004//601
f 38//602 37//602 1005//602
f 37//66 1004//66 1005//66
f 39//66 38//66 1005//66
f 40//358 39//358 1006//358
f 39//66 1005//66 1006//66
f 41//603 40//603 1006//603
f 42//604 41//604 1007//604
f 41//66 1006//66 1007//66
f 43//66 42//66 1007//66
f 44//594 43//594 1008//594
f 43//66 1007//66 1008//66
f 45//66 44//66 1008//66
f 46//594 45//594 47//594
f 45//66 1009//66 47//66
f 47//66 1009//66 48//66
f 1009//66 49//66 48//66
f 50//66 49//66 1010//66
f 49//66 1009//66 1010//66
f 51//605 50//605 1010//605
f 73//66 70//66 1011//66
f 1011//66 70//66 1012//66
f 55//66 54//66 1013//66
f 54//604 988//604 1013//604
f 57//66 55//66 1014//66
f 55//66 1013//66 1014//66
f 58//66 57//66 1015//66
f 57//66 1014//66 1015//66
f 59//66 58//66 1015//66
f 60//66 59//66 1016//66
f 59//66 1015//66 1016//66
f 61//66 60//66 1016//66
f 62//66 61//66 1017//66
f 61//66 1016//66 1017//66
f 63//66 62//66 1018//66
f 62//66 1017//66 1018//66
f 81//606 80//606 1019//606
f 80//24 1020//24 1019//24
f 1019//24 1020//24 1021//24
f 82//607 81//607 1018//607
f 83//1 82//1 1018//1
f 84//608 83//608 1017//608
f 85//40 84//40 1022//40
f 84//40 1023//40 1022//40
f 87//609 85//609 1015//609
f 85//40 1024//40 1015//40
f 1015//40 1024//40 1025//40
f 88//28 87//28 1014//28
f 89//610 88//610 1013//610
f 90//75 89//75 986//75
f 89//75 988//75 986//75
f 91//611 90//611 986//611
f 93//612 91//612 981//612
f 91//613 983//613 981//613
f 94//614 93//614 981//614
f 95//615 94//615 981//615
f 96//616 95//616 981//616
f 97//18 96//18 1010//18
f 96//18 982//18 1010//18
f 98//617 97//617 1010//617
f 99//39 98//39 1009//39
f 100//618 99//618 1008//618
f 101//7 100//7 1006//7
f 100//7 1007//7 1006//7
f 102//619 101//619 1006//619
f 103//620 102//620 1006//620
f 104//621 103//621 1004//621
f 103//622 1005//622 1004//622
f 105//623 104//623 1004//623
f 115//624 114//624 1002//624
f 114//24 110//24 1002//24
f 1002//24 110//24 1026//24
f 116//625 115//625 1000//625
f 115//626 1001//626 1000//626
f 117//627 116//627 1000//627
f 118//628 117//628 1000//628
f 119//1 118//1 998//1
f 118//1 999//1 998//1
f 120//629 119//629 998//629
f 121//40 120//40 997//40
f 122//630 121//630 996//630
f 123//28 122//28 994//28
f 122//28 995//28 994//28
f 124//631 123//631 994//631
f 125//632 124//632 994//632
f 126//633 125//633 992//633
f 125//634 993//634 992//634
f 127//635 126//635 992//635
f 128//636 127//636 992//636
f 129//75 128//75 1027//75
f 128//75 991//75 1027//75
f 1027//75 991//75 985//75
f 991//75 6//75 985//75
f 130//637 129//637 1027//637
f 132//18 130//18 1028//18
f 133//638 132//638 1029//638
f 134//39 133//39 1030//39
f 133//39 1031//39 1030//39
f 136//639 134//639 1032//639
f 134//39 1033//39 1032//39
f 1032//39 1033//39 1034//39
f 137//12 136//12 1035//12
f 138//13 137//13 1035//13
f 139//640 138//640 1036//640
f 144//66 143//66 1036//66
f 143//66 1037//66 1036//66
f 146//66 144//66 1035//66
f 144//593 1036//593 1035//593
f 147//66 146//66 1032//66
f 146//605 1035//605 1032//605
f 148//66 147//66 1032//66
f 149//66 148//66 1038//66
f 148//66 1032//66 1038//66
f 150//66 149//66 1038//66
f 151//66 150//66 1029//66
f 150//593 1038//593 1029//593
f 152//66 151//66 1028//66
f 151//605 1029//605 1028//605
f 1039//75 152//75 1040//75
f 152//75 1027//75 1040//75
f 1040//75 1027//75 985//75
f 153//75 1039//75 1040//75
f 154//39 153//39 1041//39
f 153//39 1042//39 1041//39
f 1043//641 1044//641 1045//641
f 1044//40 1046//40 1045//40
f 1046//642 1047//642 1045//642
f 1045//40 1047//40 1043//40
f 1047//643 1048//643 1043//643
f 1043//644 1048//644 1049//644
f 1048//40 1046//40 1049//40
f 1049//645 1046//645 1050//645
f 1046//645 1051//645 1050//645
f 1050//40 1051//40 1052//40
f 1051//40 1053//40 1052//40
f 1052//40 1053//40 1054//40
f 1044//7 1043//7 1055//7
f 1043//646 1056//646 1055//646
f 1044//647 1055//647 1057//647
f 1055//648 1056//648 1057//648
f 1057//649 1056//649 1058//649
f 1059//650 1060//650 1061//650
f 1060//40 1062//40 1061//40
f 1061//645 1062//645 1063//645
f 1062//40 1064//40 1063//40
f 1063//40 1064//40 1065//40
f 1064//40 1066//40 1065//40
f 1065//40 1066//40 1067//40
f 1060//75 1059//75 1068//75
f 1059//651 1069//651 1068//651
f 1060//652 1068//652 1070//652
f 1068//653 1069//653 1070//653
f 1070//654 1069//654 1071//654
f 1072//655 1073//655 1074//655
f 1073//655 1075//655 1074//655
f 1074//655 1075//655 1076//655
f 1075//656 1077//656 1076//656
f 1076//657 1077//657 1078//657
f 1077//39 1079//39 1078//39
f 1078//39 1079//39 1080//39
f 1079//39 1081//39 1080//39
f 1080//39 1081//39 1082//39
f 1081//39 1083//39 1082//39
f 1082//658 1083//658 1084//658
f 1083//659 1085//659 1084//659
f 1084//660 1085//660 1086//660
f 1085//661 1087//661 1086//661
f 1086//659 1087//659 1088//659
f 1073//662 1072//662 1089//662
f 1072//663 1090//663 1089//663
f 1091//24 1073//24 1092//24
f 1073//24 1093//24 1092//24
f 1073//39 1091//39 1094//39
f 1091//39 1095//39 1094//39
f 1094//664 1095//664 1096//664
f 1095//665 1097//665 1096//665
f 1096//666 1097//666 1098//666
f 1097//39 1099//39 1098//39
f 1098//667 1099//667 1100//667
f 1099//667 1101//667 1100//667
f 1098//668 1100//668 1102//668
f 1100//669 1103//669 1102//669
f 1098//39 1102//39 1073//39
f 1102//39 1104//39 1073//39
f 1073//39 1104//39 1075//39
f 1104//39 1105//39 1075//39
f 1075//39 1105//39 1106//39
f 1102//66 1103//66 1104//66
f 1103//66 1107//66 1104//66
f 1104//670 1107//670 1105//670
f 1107//670 1108//670 1105//670
f 1072//671 1074//671 1109//671
f 1074//671 1110//671 1109//671
f 1109//671 1110//671 1111//671
f 1110//672 1112//672 1111//672
f 1111//673 1112//673 1113//673
f 1112//673 1114//673 1113//673
f 1113//674 1114//674 1115//674
f 1114//674 1116//674 1115//674
f 1117//671 1072//671 1109//671
f 1072//24 1117//24 1118//24
f 1117//675 1119//675 1118//675
f 1120//656 1074//656 1121//656
f 1074//676 1076//676 1121//676
f 1121//676 1076//676 1122//676
f 1076//676 1078//676 1122//676
f 1122//676 1078//676 1123//676
f 1078//656 1124//656 1123//656
f 1123//656 1124//656 1125//656
f 1124//39 1126//39 1125//39
f 1125//39 1126//39 1127//39
f 1126//39 1128//39 1127//39
f 1127//39 1128//39 1129//39
f 1128//39 1082//39 1129//39
f 1129//659 1082//659 1130//659
f 1082//659 1131//659 1130//659
f 1130//660 1131//660 1132//660
f 1131//660 1133//660 1132//660
f 1132//659 1133//659 1134//659
f 1074//677 1120//677 1110//677
f 1120//677 1135//677 1110//677
f 1110//678 1135//678 1112//678
f 1135//678 1136//678 1112//678
f 1112//679 1136//679 1114//679
f 1136//671 1137//671 1114//671
f 1114//671 1137//671 1116//671
f 1137//671 1138//671 1116//671
f 1139//39 1099//39 1140//39
f 1099//39 1097//39 1140//39
f 1140//39 1097//39 1095//39
f 1099//680 1139//680 1101//680
f 1139//681 1141//681 1101//681
f 1100//39 1101//39 1142//39
f 1101//39 1141//39 1142//39
f 1142//39 1141//39 1143//39
f 1141//39 1144//39 1143//39
f 1103//39 1100//39 1145//39
f 1100//39 1142//39 1145//39
f 1146//39 1139//39 1147//39
f 1139//39 1148//39 1147//39
f 1147//39 1148//39 1149//39
f 1148//39 1150//39 1149//39
f 1149//39 1150//39 1151//39
f 1150//39 1152//39 1151//39
f 1151//39 1152//39 1153//39
f 1152//39 1154//39 1153//39
f 1139//73 1146//73 1155//73
f 1156//682 1157//682 1153//682
f 1157//683 1156//683 1158//683
f 1147//684 1157//684 1158//684
f 1157//39 1147//39 1149//39
f 1153//39 1157//39 1151//39
f 1157//39 1149//39 1151//39
f 1153//685 1154//685 1159//685
f 1160//686 1153//686 1159//686
f 1153//682 1160//682 1156//682
f 1156//39 1160//39 1161//39
f 1160//39 1162//39 1161//39
f 1158//39 1156//39 1161//39
f 1163//687 1147//687 1158//687
f 1147//39 1163//39 1146//39
f 1163//39 1164//39 1146//39
f 1165//39 1158//39 1166//39
f 1158//39 1167//39 1166//39
f 1158//688 1165//688 1163//688
f 1168//39 1154//39 1169//39
f 1154//39 1170//39 1169//39
f 1169//39 1170//39 1150//39
f 1170//39 1152//39 1150//39
f 1154//41 1168//41 1171//41
f 1159//41 1154//41 1171//41
f 1159//39 1171//39 1172//39
f 1171//39 1173//39 1172//39
f 1160//39 1159//39 1162//39
f 1159//39 1174//39 1162//39
f 1146//74 1164//74 1175//74
f 1164//689 1106//689 1175//689
f 1175//690 1106//690 1176//690
f 1155//74 1146//74 1175//74
f 1155//39 1175//39 1144//39
f 1175//39 1177//39 1144//39
f 1141//39 1155//39 1144//39
f 1155//73 1141//73 1139//73
f 1163//691 1165//691 1178//691
f 1165//692 1179//692 1178//692
f 1178//693 1179//693 1180//693
f 1163//39 1178//39 1164//39
f 1178//39 1075//39 1164//39
f 1164//39 1075//39 1106//39
f 1107//39 1103//39 1181//39
f 1103//39 1182//39 1181//39
f 1183//39 1168//39 1085//39
f 1168//39 1184//39 1085//39
f 1085//694 1184//694 1185//694
f 1168//695 1183//695 1186//695
f 1171//695 1168//695 1186//695
f 1171//39 1186//39 1173//39
f 1186//39 1187//39 1173//39
f 1175//39 1176//39 1188//39
f 1176//39 1108//39 1188//39
f 1188//39 1108//39 1189//39
f 1108//39 1107//39 1189//39
f 1189//39 1107//39 1181//39
f 1190//693 1178//693 1180//693
f 1178//39 1190//39 1085//39
f 1190//39 1183//39 1085//39
f 1179//39 1165//39 1166//39
f 1105//696 1108//696 1176//696
f 1106//696 1105//696 1176//696
f 1183//697 1190//697 1186//697
f 1190//697 1180//697 1186//697
f 1186//39 1180//39 1187//39
f 1180//39 1179//39 1187//39
f 1187//39 1179//39 1191//39
f 1179//39 1166//39 1191//39
f 1192//39 1193//39 1194//39
f 1193//39 1195//39 1194//39
f 1194//39 1195//39 1196//39
f 1195//39 1125//39 1196//39
f 1196//39 1125//39 1127//39
f 1193//75 1192//75 1197//75
f 1198//698 1193//698 1199//698
f 1193//75 1200//75 1199//75
f 1193//655 1198//655 1125//655
f 1198//655 1137//655 1125//655
f 1125//655 1137//655 1201//655
f 1137//656 1202//656 1201//656
f 1201//656 1202//656 1135//656
f 1138//75 1198//75 1203//75
f 1198//699 1204//699 1203//699
f 1198//671 1138//671 1137//671
f 1205//674 1109//674 1111//674
f 1109//700 1205//700 1206//700
f 1205//700 1113//700 1206//700
f 1206//701 1113//701 1207//701
f 1113//701 1208//701 1207//701
f 1207//702 1208//702 1209//702
f 1208//702 1116//702 1209//702
f 1209//703 1116//703 1210//703
f 1116//703 1138//703 1210//703
f 1210//703 1138//703 1211//703
f 1117//703 1109//703 1212//703
f 1109//703 1206//703 1212//703
f 1212//702 1206//702 1213//702
f 1206//702 1207//702 1213//702
f 1213//702 1207//702 1214//702
f 1207//702 1209//702 1214//702
f 1214//704 1209//704 1215//704
f 1209//704 1210//704 1215//704
f 1215//41 1210//41 1216//41
f 1210//41 1217//41 1216//41
f 1216//41 1217//41 1218//41
f 1217//41 1219//41 1218//41
f 1218//41 1219//41 1220//41
f 1219//41 1221//41 1220//41
f 1220//41 1221//41 1222//41
f 1221//41 1223//41 1222//41
f 1222//41 1223//41 1224//41
f 1223//41 1225//41 1224//41
f 1224//41 1225//41 1226//41
f 1225//705 1227//705 1226//705
f 1226//705 1227//705 1228//705
f 1227//706 1229//706 1228//706
f 1228//706 1229//706 1230//706
f 1229//707 1231//707 1230//707
f 1230//707 1231//707 1232//707
f 1231//708 1233//708 1232//708
f 1234//703 1117//703 1212//703
f 1117//105 1234//105 1235//105
f 1234//24 1236//24 1235//24
f 1135//656 1120//656 1121//656
f 1088//709 1087//709 1237//709
f 1087//710 1238//710 1237//710
f 1237//711 1238//711 1239//711
f 1238//709 1240//709 1239//709
f 1239//710 1240//710 1241//710
f 1240//709 1242//709 1241//709
f 1241//709 1242//709 1243//709
f 1133//710 1088//710 1237//710
f 1088//659 1133//659 1086//659
f 1133//660 1131//660 1086//660
f 1086//660 1131//660 1084//660
f 1131//659 1082//659 1084//659
f 1244//712 1087//712 1245//712
f 1087//661 1085//661 1245//661
f 1245//713 1085//713 1246//713
f 1085//714 1247//714 1246//714
f 1087//710 1244//710 1248//710
f 1249//715 1250//715 1251//715
f 1250//710 1087//710 1251//710
f 1251//711 1087//711 1248//711
f 1250//716 1249//716 1252//716
f 1253//717 1250//717 1254//717
f 1250//718 1255//718 1254//718
f 1254//719 1255//719 1256//719
f 1255//720 1257//720 1256//720
f 1256//721 1257//721 1258//721
f 1257//66 1259//66 1258//66
f 1258//66 1259//66 1260//66
f 1259//66 1261//66 1260//66
f 1260//66 1261//66 1262//66
f 1261//66 1263//66 1262//66
f 1262//66 1263//66 1264//66
f 1263//66 1265//66 1264//66
f 1264//66 1265//66 1266//66
f 1265//66 1267//66 1266//66
f 1266//722 1267//722 1268//722
f 1267//722 1269//722 1268//722
f 1268//723 1269//723 1270//723
f 1269//724 1271//724 1270//724
f 1270//725 1271//725 1272//725
f 1250//709 1253//709 1238//709
f 1253//709 1240//709 1238//709
f 1135//677 1202//677 1136//677
f 1202//677 1137//677 1136//677
f 1134//709 1133//709 1273//709
f 1133//710 1239//710 1273//710
f 1273//710 1239//710 1241//710
f 1274//709 1134//709 1273//709
f 1134//659 1274//659 1132//659
f 1274//660 1130//660 1132//660
f 1275//710 1274//710 1243//710
f 1274//710 1273//710 1243//710
f 1243//710 1273//710 1241//710
f 1274//661 1275//661 1127//661
f 1275//661 1276//661 1127//661
f 1127//694 1276//694 1277//694
f 1211//726 1138//726 1278//726
f 1138//75 1279//75 1278//75
f 1115//700 1116//700 1208//700
f 1243//717 1242//717 1280//717
f 1242//717 1240//717 1280//717
f 1280//727 1240//727 1256//727
f 1240//727 1254//727 1256//727
f 1281//728 1243//728 1282//728
f 1243//729 1283//729 1282//729
f 1243//710 1281//710 1284//710
f 1285//730 1275//730 1284//730
f 1275//710 1243//710 1284//710
f 1275//75 1285//75 1286//75
f 1287//731 1275//731 1286//731
f 1275//732 1287//732 1276//732
f 1287//733 1288//733 1276//733
f 1289//41 1234//41 1290//41
f 1234//41 1212//41 1290//41
f 1290//41 1212//41 1291//41
f 1212//41 1292//41 1291//41
f 1291//41 1292//41 1293//41
f 1292//41 1220//41 1293//41
f 1293//41 1220//41 1222//41
f 1234//24 1289//24 1294//24
f 1289//24 1295//24 1294//24
f 1113//674 1205//674 1111//674
f 1240//717 1253//717 1254//717
f 1113//700 1115//700 1208//700
f 1296//75 1211//75 1297//75
f 1211//75 1298//75 1297//75
f 1211//41 1296//41 1210//41
f 1296//41 1217//41 1210//41
f 1299//41 1290//41 1291//41
f 1290//734 1299//734 1300//734
f 1299//735 1301//735 1300//735
f 1290//736 1300//736 1302//736
f 1300//737 1303//737 1302//737
f 1302//738 1289//738 1290//738
f 1289//739 1302//739 1295//739
f 1302//740 1304//740 1295//740
f 1305//75 1296//75 1306//75
f 1296//75 1307//75 1306//75
f 1296//39 1305//39 1308//39
f 1305//39 1309//39 1308//39
f 1310//39 1296//39 1311//39
f 1296//39 1312//39 1311//39
f 1296//41 1310//41 1313//41
f 1310//50 1314//50 1313//50
f 1142//741 1143//741 1315//741
f 1143//741 1316//741 1315//741
f 1142//742 1315//742 1317//742
f 1145//742 1142//742 1317//742
f 1161//743 1162//743 1318//743
f 1162//743 1319//743 1318//743
f 1161//744 1318//744 1320//744
f 1167//745 1161//745 1320//745
f 1161//39 1167//39 1158//39
f 1145//746 1317//746 1182//746
f 1317//746 1321//746 1182//746
f 1145//39 1182//39 1103//39
f 1162//747 1174//747 1322//747
f 1319//748 1162//748 1322//748
f 1143//749 1144//749 1323//749
f 1144//750 1177//750 1324//750
f 1177//751 1188//751 1324//751
f 1324//751 1188//751 1325//751
f 1323//750 1144//750 1324//750
f 1166//752 1167//752 1320//752
f 1326//753 1166//753 1320//753
f 1166//112 1326//112 1191//112
f 1326//754 1327//754 1191//754
f 1191//755 1327//755 1328//755
f 1317//40 1315//40 1329//40
f 1315//40 1330//40 1329//40
f 1329//756 1330//756 1331//756
f 1321//40 1317//40 1329//40
f 1315//40 1316//40 1330//40
f 1316//40 1323//40 1330//40
f 1330//40 1323//40 1332//40
f 1323//40 1324//40 1332//40
f 1332//40 1324//40 1325//40
f 1318//40 1319//40 1333//40
f 1319//40 1322//40 1333//40
f 1333//40 1322//40 1334//40
f 1320//40 1318//40 1335//40
f 1318//40 1333//40 1335//40
f 1335//756 1333//756 1336//756
f 1333//757 1337//757 1336//757
f 1336//758 1337//758 1338//758
f 1326//40 1320//40 1335//40
f 1182//66 1321//66 1181//66
f 1321//66 1339//66 1181//66
f 1172//39 1174//39 1159//39
f 1174//41 1172//41 1334//41
f 1322//41 1174//41 1334//41
f 1323//749 1316//749 1143//749
f 1181//759 1339//759 1189//759
f 1339//759 1340//759 1189//759
f 1172//760 1173//760 1341//760
f 1334//761 1172//761 1341//761
f 1339//40 1321//40 1329//40
f 1334//40 1341//40 1342//40
f 1341//40 1328//40 1342//40
f 1342//40 1328//40 1343//40
f 1328//40 1327//40 1343//40
f 1343//40 1327//40 1326//40
f 1188//39 1177//39 1175//39
f 1187//762 1191//762 1328//762
f 1189//763 1340//763 1325//763
f 1188//764 1189//764 1325//764
f 1340//40 1339//40 1344//40
f 1339//40 1329//40 1344//40
f 1344//765 1329//765 1345//765
f 1329//766 1303//766 1345//766
f 1345//767 1303//767 1300//767
f 1173//768 1187//768 1341//768
f 1187//769 1328//769 1341//769
f 1325//40 1340//40 1344//40
f 1302//770 1303//770 1346//770
f 1303//771 1347//771 1346//771
f 1300//772 1301//772 1345//772
f 1301//772 1348//772 1345//772
f 1301//773 1299//773 1349//773
f 1299//774 1350//774 1349//774
f 1351//775 1352//775 1353//775
f 1352//776 1354//776 1353//776
f 1352//777 1351//777 1355//777
f 1351//778 1356//778 1355//778
f 1352//779 1355//779 1357//779
f 1355//780 1358//780 1357//780
f 1352//781 1357//781 1359//781
f 1354//782 1352//782 1360//782
f 1352//783 1361//783 1360//783
f 1353//66 1354//66 1362//66
f 1354//66 1269//66 1362//66
f 1362//66 1269//66 1261//66
f 1269//66 1263//66 1261//66
f 1351//784 1353//784 1363//784
f 1353//785 1364//785 1363//785
f 1337//786 1351//786 1365//786
f 1351//787 1366//787 1365//787
f 1351//788 1337//788 1356//788
f 1337//789 1333//789 1356//789
f 1356//790 1333//790 1342//790
f 1333//40 1334//40 1342//40
f 1303//791 1329//791 1331//791
f 1367//792 1303//792 1331//792
f 1303//771 1367//771 1347//771
f 1367//793 1368//793 1347//793
f 1331//794 1330//794 1369//794
f 1330//41 1370//41 1369//41
f 1371//795 1331//795 1369//795
f 1331//796 1371//796 1367//796
f 1371//797 1372//797 1367//797
f 1367//798 1372//798 1373//798
f 1372//799 1374//799 1373//799
f 1375//800 1367//800 1376//800
f 1367//800 1377//800 1376//800
f 1367//801 1375//801 1378//801
f 1345//802 1348//802 1379//802
f 1344//802 1345//802 1379//802
f 1371//803 1369//803 1380//803
f 1369//39 1381//39 1380//39
f 1380//39 1381//39 1382//39
f 1372//804 1371//804 1383//804
f 1371//805 1380//805 1383//805
f 1372//806 1383//806 1384//806
f 1383//807 1385//807 1384//807
f 1386//808 1372//808 1387//808
f 1372//809 1388//809 1387//809
f 1372//799 1386//799 1389//799
f 1338//771 1337//771 1390//771
f 1337//810 1365//810 1390//810
f 1391//811 1338//811 1392//811
f 1338//812 1393//812 1392//812
f 1338//813 1391//813 1394//813
f 1395//814 1338//814 1396//814
f 1338//813 1397//813 1396//813
f 1338//815 1395//815 1336//815
f 1395//816 1398//816 1336//816
f 1336//817 1398//817 1335//817
f 1398//818 1399//818 1335//818
f 1335//66 1399//66 1343//66
f 1399//66 1400//66 1343//66
f 1401//813 1395//813 1402//813
f 1395//819 1403//819 1402//819
f 1395//820 1401//820 1404//820
f 1357//807 1395//807 1405//807
f 1395//821 1406//821 1405//821
f 1395//804 1357//804 1398//804
f 1357//822 1358//822 1398//822
f 1398//803 1358//803 1399//803
f 1358//39 1407//39 1399//39
f 1399//39 1407//39 1408//39
f 1356//823 1342//823 1409//823
f 1342//24 1343//24 1409//24
f 1409//24 1343//24 1400//24
f 1355//823 1356//823 1409//823
f 1383//824 1301//824 1349//824
f 1301//825 1383//825 1348//825
f 1383//826 1380//826 1348//826
f 1348//827 1380//827 1379//827
f 1380//39 1410//39 1379//39
f 1379//39 1410//39 1411//39
f 1355//828 1409//828 1358//828
f 1409//39 1412//39 1358//39
f 1358//39 1412//39 1413//39
f 1330//41 1332//41 1370//41
f 1369//39 1370//39 1414//39
f 1370//39 1415//39 1414//39
f 1335//40 1343//40 1326//40
f 1370//39 1379//39 1416//39
f 1379//39 1411//39 1416//39
f 1379//24 1370//24 1344//24
f 1370//24 1332//24 1344//24
f 1344//40 1332//40 1325//40
f 1409//39 1400//39 1417//39
f 1400//39 1418//39 1417//39
f 1400//39 1399//39 1419//39
f 1399//39 1408//39 1419//39
f 1420//75 1305//75 1421//75
f 1305//452 1422//452 1421//452
f 1305//829 1420//829 1423//829
f 1420//829 1424//829 1423//829
f 1423//830 1424//830 1425//830
f 1308//831 1309//831 1426//831
f 1309//832 1427//832 1426//832
f 1308//833 1426//833 1428//833
f 1312//834 1308//834 1428//834
f 1308//39 1312//39 1296//39
f 1312//669 1428//669 1311//669
f 1428//669 1429//669 1311//669
f 1311//66 1429//66 1430//66
f 1429//66 1431//66 1430//66
f 1311//39 1430//39 1310//39
f 1430//39 1432//39 1310//39
f 1310//39 1432//39 1433//39
f 1314//835 1310//835 1423//835
f 1310//39 1433//39 1423//39
f 1423//39 1433//39 1434//39
f 1313//836 1314//836 1435//836
f 1436//18 1313//18 1435//18
f 1313//837 1436//837 1437//837
f 1436//837 1438//837 1437//837
f 1437//75 1438//75 1439//75
f 1438//75 1440//75 1439//75
f 1439//838 1440//838 1441//838
f 1440//838 1442//838 1441//838
f 1313//41 1437//41 1296//41
f 1437//41 1439//41 1296//41
f 1296//41 1439//41 1443//41
f 1439//41 1441//41 1443//41
f 1443//41 1441//41 1444//41
f 1441//839 1445//839 1444//839
f 1443//40 1444//40 1446//40
f 1444//40 1447//40 1446//40
f 1448//40 1443//40 1449//40
f 1443//40 1450//40 1449//40
f 1443//75 1448//75 1451//75
f 1448//452 1452//452 1451//452
f 1453//75 1443//75 1454//75
f 1443//173 1455//173 1454//173
f 1443//41 1453//41 1225//41
f 1453//840 1456//840 1225//840
f 1225//840 1456//840 1457//840
f 1456//708 1458//708 1457//708
f 1457//708 1458//708 1459//708
f 1460//39 1309//39 1305//39
f 1309//841 1460//841 1461//841
f 1434//39 1460//39 1423//39
f 1460//39 1305//39 1423//39
f 1460//842 1434//842 1462//842
f 1434//843 1433//843 1462//843
f 1462//844 1433//844 1463//844
f 1461//845 1460//845 1462//845
f 1464//75 1420//75 1465//75
f 1420//75 1466//75 1465//75
f 1420//710 1464//710 1424//710
f 1464//710 1467//710 1424//710
f 1424//846 1467//846 1425//846
f 1467//847 1468//847 1425//847
f 1469//848 1470//848 1471//848
f 1470//848 1472//848 1471//848
f 1471//849 1472//849 1473//849
f 1472//850 1474//850 1473//850
f 1470//851 1469//851 1475//851
f 1469//75 1476//75 1475//75
f 1477//364 1470//364 1478//364
f 1470//75 1479//75 1478//75
f 1470//39 1477//39 1480//39
f 1477//39 1481//39 1480//39
f 1482//75 1477//75 1483//75
f 1477//852 1484//852 1483//852
f 1477//66 1482//66 1485//66
f 1482//853 1486//853 1485//853
f 1487//66 1477//66 1488//66
f 1477//66 1489//66 1488//66
f 1477//39 1487//39 1490//39
f 1487//39 1491//39 1490//39
f 1480//743 1481//743 1492//743
f 1481//743 1493//743 1492//743
f 1480//854 1492//854 1494//854
f 1495//855 1480//855 1494//855
f 1480//39 1495//39 1470//39
f 1495//39 1496//39 1470//39
f 1470//39 1496//39 1472//39
f 1496//39 1497//39 1472//39
f 1472//39 1497//39 1498//39
f 1496//107 1495//107 1494//107
f 1499//107 1496//107 1494//107
f 1496//112 1499//112 1497//112
f 1499//112 1500//112 1497//112
f 1497//856 1500//856 1501//856
f 1469//857 1471//857 1502//857
f 1471//858 1503//858 1502//858
f 1504//857 1469//857 1502//857
f 1469//452 1504//452 1505//452
f 1504//75 1506//75 1505//75
f 1471//859 1473//859 1503//859
f 1490//39 1481//39 1477//39
f 1481//860 1490//860 1507//860
f 1493//861 1481//861 1507//861
f 1490//41 1491//41 1508//41
f 1507//41 1490//41 1508//41
f 1509//66 1487//66 1488//66
f 1487//862 1509//862 1474//862
f 1488//863 1489//863 1510//863
f 1489//75 1511//75 1510//75
f 1510//864 1511//864 1512//864
f 1511//865 1513//865 1512//865
f 1514//866 1488//866 1510//866
f 1488//867 1514//867 1509//867
f 1514//867 1474//867 1509//867
f 1515//66 1489//66 1516//66
f 1489//66 1477//66 1516//66
f 1516//66 1477//66 1517//66
f 1477//66 1518//66 1517//66
f 1517//66 1518//66 1260//66
f 1518//66 1519//66 1260//66
f 1260//66 1519//66 1258//66
f 1519//66 1520//66 1258//66
f 1258//721 1520//721 1521//721
f 1520//868 1243//868 1521//868
f 1521//869 1243//869 1280//869
f 1489//75 1515//75 1511//75
f 1515//870 1522//870 1511//870
f 1511//871 1522//871 1523//871
f 1524//66 1516//66 1525//66
f 1516//66 1526//66 1525//66
f 1525//872 1526//872 1527//872
f 1526//66 1528//66 1527//66
f 1516//75 1524//75 1529//75
f 1530//218 1516//218 1531//218
f 1516//75 1532//75 1531//75
f 1516//40 1530//40 1533//40
f 1530//40 1534//40 1533//40
f 1535//40 1516//40 1536//40
f 1516//40 1537//40 1536//40
f 1516//66 1535//66 1538//66
f 1535//66 1539//66 1538//66
f 1428//39 1426//39 1427//39
f 1429//39 1428//39 1427//39
f 1492//39 1493//39 1494//39
f 1493//39 1507//39 1494//39
f 1494//39 1507//39 1508//39
f 1499//39 1494//39 1500//39
f 1494//39 1508//39 1500//39
f 1500//39 1508//39 1540//39
f 1461//39 1462//39 1427//39
f 1462//39 1431//39 1427//39
f 1427//39 1431//39 1429//39
f 1461//873 1427//873 1309//873
f 1430//874 1431//874 1432//874
f 1431//874 1541//874 1432//874
f 1542//39 1491//39 1487//39
f 1491//875 1542//875 1540//875
f 1508//876 1491//876 1540//876
f 1462//39 1463//39 1541//39
f 1498//877 1497//877 1501//877
f 1432//878 1541//878 1463//878
f 1433//879 1432//879 1463//879
f 1541//39 1431//39 1462//39
f 1498//39 1542//39 1487//39
f 1542//880 1498//880 1540//880
f 1498//880 1501//880 1540//880
f 1540//39 1501//39 1500//39
f 1435//881 1314//881 1423//881
f 1473//882 1474//882 1514//882
f 1543//172 1464//172 1544//172
f 1464//75 1465//75 1544//75
f 1464//721 1543//721 1467//721
f 1543//721 1545//721 1467//721
f 1467//883 1545//883 1468//883
f 1545//884 1546//884 1468//884
f 1502//885 1503//885 1547//885
f 1503//886 1548//886 1547//886
f 1547//887 1548//887 1549//887
f 1504//888 1502//888 1547//888
f 1550//888 1504//888 1547//888
f 1504//75 1550//75 1551//75
f 1550//75 1552//75 1551//75
f 1425//889 1468//889 1553//889
f 1468//890 1554//890 1553//890
f 1425//891 1553//891 1423//891
f 1553//892 1435//892 1423//892
f 1555//893 1473//893 1514//893
f 1473//894 1555//894 1548//894
f 1503//895 1473//895 1548//895
f 1435//896 1553//896 1436//896
f 1553//897 1554//897 1436//897
f 1436//898 1554//898 1438//898
f 1554//899 1556//899 1438//899
f 1438//900 1556//900 1440//900
f 1556//900 1557//900 1440//900
f 1440//901 1557//901 1558//901
f 1555//902 1514//902 1510//902
f 1468//903 1546//903 1556//903
f 1546//107 1559//107 1556//107
f 1556//107 1559//107 1557//107
f 1559//904 1558//904 1557//904
f 1554//905 1468//905 1556//905
f 1548//906 1555//906 1560//906
f 1549//907 1548//907 1560//907
f 1560//908 1555//908 1510//908
f 1561//75 1543//75 1562//75
f 1543//75 1563//75 1562//75
f 1543//66 1561//66 1545//66
f 1561//66 1564//66 1545//66
f 1545//909 1564//909 1546//909
f 1564//909 1559//909 1546//909
f 1565//41 1550//41 1566//41
f 1550//41 1547//41 1566//41
f 1566//910 1547//910 1567//910
f 1547//910 1549//910 1567//910
f 1550//75 1565//75 1568//75
f 1565//75 1569//75 1568//75
f 1512//911 1560//911 1510//911
f 1560//912 1512//912 1549//912
f 1512//913 1567//913 1549//913
f 1570//452 1561//452 1571//452
f 1561//75 1572//75 1571//75
f 1561//914 1570//914 1564//914
f 1570//914 1573//914 1564//914
f 1564//915 1573//915 1574//915
f 1575//916 1565//916 1576//916
f 1565//916 1566//916 1576//916
f 1576//917 1566//917 1577//917
f 1566//918 1567//918 1577//918
f 1565//75 1575//75 1578//75
f 1575//75 1579//75 1578//75
f 1574//919 1559//919 1564//919
f 1559//920 1574//920 1558//920
f 1512//921 1513//921 1567//921
f 1513//922 1577//922 1567//922
f 1538//66 1515//66 1516//66
f 1515//923 1538//923 1522//923
f 1580//40 1581//40 1582//40
f 1581//40 1583//40 1582//40
f 1582//40 1583//40 1584//40
f 1581//873 1580//873 1585//873
f 1586//831 1581//831 1449//831
f 1581//832 1587//832 1449//832
f 1581//40 1586//40 1588//40
f 1586//834 1449//834 1450//834
f 1588//833 1586//833 1450//833
f 1588//924 1450//924 1589//924
f 1450//925 1446//925 1589//925
f 1588//40 1589//40 1581//40
f 1589//40 1583//40 1581//40
f 1446//40 1450//40 1443//40
f 1449//40 1587//40 1448//40
f 1587//40 1585//40 1448//40
f 1448//40 1585//40 1590//40
f 1585//40 1591//40 1590//40
f 1590//40 1591//40 1592//40
f 1593//40 1594//40 1595//40
f 1594//743 1593//743 1533//743
f 1593//743 1537//743 1533//743
f 1594//854 1533//854 1534//854
f 1595//854 1594//854 1534//854
f 1596//926 1595//926 1534//926
f 1595//40 1596//40 1597//40
f 1598//40 1593//40 1595//40
f 1593//860 1598//860 1536//860
f 1537//861 1593//861 1536//861
f 1533//40 1537//40 1516//40
f 1599//40 1534//40 1530//40
f 1534//107 1599//107 1596//107
f 1589//66 1446//66 1583//66
f 1446//66 1447//66 1583//66
f 1600//40 1598//40 1595//40
f 1598//41 1600//41 1601//41
f 1536//41 1598//41 1601//41
f 1536//40 1601//40 1535//40
f 1601//40 1602//40 1535//40
f 1535//40 1602//40 1603//40
f 1583//927 1447//927 1584//927
f 1447//928 1604//928 1584//928
f 1605//40 1582//40 1584//40
f 1582//843 1605//843 1591//843
f 1605//844 1592//844 1591//844
f 1580//845 1582//845 1591//845
f 1585//842 1580//842 1591//842
f 1585//841 1587//841 1581//841
f 1606//40 1600//40 1597//40
f 1600//40 1595//40 1597//40
f 1600//875 1606//875 1602//875
f 1601//876 1600//876 1602//876
f 1597//112 1596//112 1599//112
f 1607//877 1597//877 1603//877
f 1597//877 1608//877 1603//877
f 1597//40 1607//40 1606//40
f 1608//40 1599//40 1609//40
f 1599//40 1530//40 1609//40
f 1609//929 1530//929 1610//929
f 1599//930 1608//930 1597//930
f 1584//879 1604//879 1592//879
f 1605//878 1584//878 1592//878
f 1604//40 1447//40 1444//40
f 1606//880 1607//880 1602//880
f 1607//880 1603//880 1602//880
f 1603//40 1608//40 1609//40
f 1592//40 1604//40 1444//40
f 1611//172 1570//172 1612//172
f 1570//75 1571//75 1612//75
f 1570//931 1611//931 1573//931
f 1611//931 1613//931 1573//931
f 1573//932 1613//932 1574//932
f 1613//933 1614//933 1574//933
f 1576//934 1577//934 1615//934
f 1575//935 1576//935 1616//935
f 1576//936 1615//936 1616//936
f 1610//935 1575//935 1616//935
f 1575//937 1610//937 1617//937
f 1610//75 1618//75 1617//75
f 1558//938 1574//938 1619//938
f 1574//939 1614//939 1619//939
f 1558//940 1619//940 1440//940
f 1619//941 1442//941 1440//941
f 1523//942 1513//942 1511//942
f 1513//943 1523//943 1615//943
f 1577//944 1513//944 1615//944
f 1441//945 1442//945 1445//945
f 1442//26 1620//26 1445//26
f 1538//946 1539//946 1621//946
f 1522//946 1538//946 1621//946
f 1523//947 1522//947 1621//947
f 1619//948 1614//948 1620//948
f 1442//949 1619//949 1620//949
f 1615//950 1523//950 1621//950
f 1615//951 1621//951 1609//951
f 1621//952 1539//952 1609//952
f 1609//953 1539//953 1535//953
f 1616//954 1615//954 1609//954
f 1613//955 1611//955 1448//955
f 1614//956 1613//956 1590//956
f 1613//955 1448//955 1590//955
f 1620//957 1614//957 1590//957
f 1448//958 1611//958 1622//958
f 1611//75 1623//75 1622//75
f 1610//929 1616//929 1609//929
f 1610//75 1530//75 1624//75
f 1530//75 1625//75 1624//75
f 1445//959 1620//959 1444//959
f 1620//953 1590//953 1444//953
f 1444//40 1590//40 1592//40
f 1626//960 1453//960 1627//960
f 1453//75 1628//75 1627//75
f 1453//840 1626//840 1456//840
f 1414//39 1629//39 1369//39
f 1629//39 1381//39 1369//39
f 1629//749 1414//749 1630//749
f 1381//741 1629//741 1631//741
f 1629//741 1632//741 1631//741
f 1381//742 1631//742 1633//742
f 1382//742 1381//742 1633//742
f 1414//750 1415//750 1634//750
f 1415//751 1416//751 1634//751
f 1634//751 1416//751 1635//751
f 1630//750 1414//750 1634//750
f 1636//39 1407//39 1358//39
f 1407//743 1636//743 1637//743
f 1636//743 1638//743 1637//743
f 1407//744 1637//744 1639//744
f 1408//745 1407//745 1639//745
f 1419//752 1408//752 1639//752
f 1640//753 1419//753 1639//753
f 1419//112 1640//112 1418//112
f 1640//754 1641//754 1418//754
f 1418//755 1641//755 1642//755
f 1419//39 1418//39 1400//39
f 1382//746 1633//746 1643//746
f 1633//746 1644//746 1643//746
f 1382//39 1643//39 1380//39
f 1643//39 1410//39 1380//39
f 1633//40 1631//40 1645//40
f 1631//40 1646//40 1645//40
f 1644//40 1633//40 1647//40
f 1633//40 1645//40 1647//40
f 1631//40 1632//40 1648//40
f 1632//40 1630//40 1648//40
f 1648//40 1630//40 1649//40
f 1630//40 1650//40 1649//40
f 1413//39 1636//39 1358//39
f 1636//747 1413//747 1651//747
f 1638//748 1636//748 1651//748
f 1637//40 1638//40 1652//40
f 1638//40 1653//40 1652//40
f 1639//40 1637//40 1654//40
f 1637//40 1655//40 1654//40
f 1640//40 1639//40 1654//40
f 1643//66 1644//66 1410//66
f 1644//66 1656//66 1410//66
f 1413//41 1412//41 1657//41
f 1651//41 1413//41 1657//41
f 1651//40 1657//40 1653//40
f 1657//40 1658//40 1653//40
f 1638//40 1651//40 1653//40
f 1630//40 1634//40 1650//40
f 1634//40 1635//40 1650//40
f 1650//40 1635//40 1659//40
f 1635//40 1660//40 1659//40
f 1630//749 1632//749 1629//749
f 1656//40 1644//40 1647//40
f 1410//759 1656//759 1411//759
f 1656//759 1661//759 1411//759
f 1662//39 1412//39 1409//39
f 1412//760 1662//760 1663//760
f 1657//761 1412//761 1663//761
f 1657//40 1663//40 1658//40
f 1663//40 1664//40 1658//40
f 1416//39 1415//39 1370//39
f 1417//762 1418//762 1642//762
f 1641//40 1640//40 1665//40
f 1640//40 1666//40 1665//40
f 1411//763 1661//763 1635//763
f 1416//764 1411//764 1635//764
f 1661//40 1656//40 1667//40
f 1656//40 1647//40 1667//40
f 1417//39 1662//39 1409//39
f 1662//768 1417//768 1663//768
f 1417//769 1642//769 1663//769
f 1663//40 1642//40 1664//40
f 1642//40 1668//40 1664//40
f 1642//40 1641//40 1665//40
f 1635//40 1661//40 1660//40
f 1661//40 1667//40 1660//40
f 1383//961 1349//961 1385//961
f 1349//962 1669//962 1385//962
f 1359//963 1357//963 1405//963
f 1349//964 1350//964 1670//964
f 1350//24 1671//24 1670//24
f 1672//41 1350//41 1299//41
f 1350//24 1672//24 1671//24
f 1672//24 1673//24 1671//24
f 1674//840 1672//840 1232//840
f 1672//840 1291//840 1232//840
f 1232//840 1291//840 1230//840
f 1291//705 1675//705 1230//705
f 1230//705 1675//705 1228//705
f 1675//41 1676//41 1228//41
f 1228//41 1676//41 1222//41
f 1676//41 1293//41 1222//41
f 1672//56 1674//56 1677//56
f 1674//24 1678//24 1677//24
f 1648//40 1646//40 1631//40
f 1646//681 1648//681 1679//681
f 1648//680 1680//680 1679//680
f 1646//667 1679//667 1681//667
f 1645//667 1646//667 1681//667
f 1645//669 1681//669 1647//669
f 1681//965 1682//965 1647//965
f 1681//40 1679//40 1683//40
f 1679//40 1684//40 1683//40
f 1683//40 1684//40 1685//40
f 1684//40 1686//40 1685//40
f 1685//40 1686//40 1687//40
f 1682//40 1681//40 1687//40
f 1681//40 1688//40 1687//40
f 1687//966 1688//966 1689//966
f 1688//966 1683//966 1689//966
f 1689//40 1683//40 1690//40
f 1683//645 1685//645 1690//645
f 1690//40 1685//40 1687//40
f 1648//73 1649//73 1691//73
f 1679//40 1680//40 1684//40
f 1680//40 1692//40 1684//40
f 1684//40 1692//40 1686//40
f 1692//40 1693//40 1686//40
f 1686//40 1693//40 1694//40
f 1693//40 1695//40 1694//40
f 1694//40 1695//40 1696//40
f 1695//967 1697//967 1696//967
f 1696//968 1697//968 1698//968
f 1697//969 1699//969 1698//969
f 1652//40 1655//40 1637//40
f 1655//682 1652//682 1700//682
f 1652//682 1701//682 1700//682
f 1655//683 1700//683 1702//683
f 1654//683 1655//683 1702//683
f 1652//686 1653//686 1703//686
f 1701//686 1652//686 1703//686
f 1700//40 1701//40 1704//40
f 1701//40 1705//40 1704//40
f 1704//40 1705//40 1693//40
f 1705//40 1706//40 1693//40
f 1693//40 1706//40 1707//40
f 1706//40 1703//40 1707//40
f 1707//40 1703//40 1708//40
f 1702//40 1700//40 1709//40
f 1700//40 1704//40 1709//40
f 1709//40 1704//40 1693//40
f 1666//687 1654//687 1702//687
f 1654//40 1666//40 1640//40
f 1710//40 1702//40 1680//40
f 1702//40 1692//40 1680//40
f 1702//970 1710//970 1666//970
f 1647//66 1682//66 1667//66
f 1682//66 1711//66 1667//66
f 1653//41 1658//41 1708//41
f 1703//41 1653//41 1708//41
f 1701//40 1703//40 1705//40
f 1703//40 1706//40 1705//40
f 1649//74 1650//74 1712//74
f 1650//690 1659//690 1712//690
f 1712//689 1659//689 1713//689
f 1691//74 1649//74 1712//74
f 1691//40 1712//40 1714//40
f 1712//40 1715//40 1714//40
f 1714//40 1715//40 1716//40
f 1715//40 1717//40 1716//40
f 1680//40 1691//40 1710//40
f 1691//40 1714//40 1710//40
f 1691//73 1680//73 1648//73
f 1666//971 1710//971 1665//971
f 1710//692 1714//692 1665//692
f 1665//693 1714//693 1716//693
f 1667//972 1711//972 1660//972
f 1711//670 1718//670 1660//670
f 1711//40 1682//40 1687//40
f 1658//695 1664//695 1717//695
f 1708//695 1658//695 1717//695
f 1708//40 1717//40 1715//40
f 1712//40 1713//40 1719//40
f 1713//40 1718//40 1719//40
f 1719//40 1718//40 1711//40
f 1668//693 1665//693 1716//693
f 1665//40 1668//40 1642//40
f 1660//696 1718//696 1713//696
f 1659//696 1660//696 1713//696
f 1664//697 1668//697 1717//697
f 1668//697 1716//697 1717//697
f 1232//973 1233//973 1720//973
f 1233//973 1459//973 1720//973
f 1720//935 1459//935 1721//935
f 1459//935 1722//935 1721//935
f 1721//974 1722//974 1723//974
f 1722//974 1456//974 1723//974
f 1723//974 1456//974 1724//974
f 1456//974 1626//974 1724//974
f 1724//974 1626//974 1725//974
f 1674//974 1232//974 1726//974
f 1232//974 1720//974 1726//974
f 1726//974 1720//974 1727//974
f 1720//974 1721//974 1727//974
f 1727//975 1721//975 1728//975
f 1721//975 1723//975 1728//975
f 1728//976 1723//976 1729//976
f 1723//976 1724//976 1729//976
f 1730//974 1674//974 1726//974
f 1674//24 1730//24 1731//24
f 1730//977 1732//977 1731//977
f 1725//978 1626//978 1733//978
f 1626//979 1734//979 1733//979
f 1458//973 1456//973 1722//973
f 1735//976 1726//976 1727//976
f 1726//980 1735//980 1736//980
f 1735//652 1728//652 1736//652
f 1736//652 1728//652 1737//652
f 1728//652 1738//652 1737//652
f 1737//981 1738//981 1739//981
f 1738//981 1724//981 1739//981
f 1739//982 1724//982 1740//982
f 1724//982 1741//982 1740//982
f 1740//982 1741//982 1742//982
f 1730//982 1726//982 1687//982
f 1726//982 1719//982 1687//982
f 1687//40 1719//40 1711//40
f 1730//24 1687//24 1743//24
f 1687//24 1744//24 1743//24
f 1459//708 1233//708 1231//708
f 1272//983 1271//983 1745//983
f 1271//931 1746//931 1745//931
f 1745//931 1746//931 1747//931
f 1746//984 1748//984 1747//984
f 1747//984 1748//984 1749//984
f 1748//931 1750//931 1749//931
f 1749//931 1750//931 1751//931
f 1752//983 1272//983 1745//983
f 1272//725 1752//725 1270//725
f 1752//985 1753//985 1270//985
f 1270//986 1753//986 1268//986
f 1753//914 1266//914 1268//914
f 1754//987 1271//987 1755//987
f 1271//724 1269//724 1755//724
f 1755//724 1269//724 1756//724
f 1269//988 1757//988 1756//988
f 1271//989 1754//989 1758//989
f 1759//990 1760//990 1761//990
f 1760//931 1271//931 1761//931
f 1761//991 1271//991 1758//991
f 1760//992 1759//992 1762//992
f 1763//993 1760//993 1764//993
f 1760//994 1765//994 1764//994
f 1764//994 1765//994 1766//994
f 1765//955 1767//955 1766//955
f 1766//955 1767//955 1768//955
f 1767//995 1769//995 1768//995
f 1768//995 1769//995 1057//995
f 1769//40 1770//40 1057//40
f 1057//40 1770//40 1740//40
f 1770//40 1771//40 1740//40
f 1740//40 1771//40 1772//40
f 1771//40 1773//40 1772//40
f 1772//996 1773//996 1739//996
f 1773//929 1737//929 1739//929
f 1760//931 1763//931 1746//931
f 1763//931 1748//931 1746//931
f 1459//973 1458//973 1722//973
f 1774//983 1752//983 1775//983
f 1752//997 1747//997 1775//997
f 1775//931 1747//931 1749//931
f 1752//725 1774//725 1776//725
f 1774//725 1777//725 1776//725
f 1776//723 1777//723 1778//723
f 1777//724 1526//724 1778//724
f 1778//722 1526//722 1779//722
f 1526//66 1780//66 1779//66
f 1779//66 1780//66 1264//66
f 1780//66 1781//66 1264//66
f 1264//66 1781//66 1782//66
f 1781//66 1516//66 1782//66
f 1782//66 1516//66 1517//66
f 1777//983 1774//983 1775//983
f 1783//984 1777//984 1784//984
f 1777//998 1785//998 1784//998
f 1777//724 1783//724 1786//724
f 1724//999 1725//999 1787//999
f 1725//1000 1788//1000 1787//1000
f 1729//652 1724//652 1738//652
f 1751//993 1750//993 1789//993
f 1750//993 1748//993 1789//993
f 1789//994 1748//994 1766//994
f 1748//994 1764//994 1766//994
f 1790//1001 1751//1001 1791//1001
f 1751//992 1057//992 1791//992
f 1791//992 1057//992 1792//992
f 1057//1002 1058//1002 1792//1002
f 1751//931 1790//931 1785//931
f 1793//75 1725//75 1733//75
f 1725//1003 1793//1003 1788//1003
f 1687//24 1686//24 1794//24
f 1728//976 1735//976 1727//976
f 1748//993 1763//993 1764//993
f 1728//980 1729//980 1738//980
f 1058//24 1056//24 1043//24
f 1792//24 1058//24 1043//24
f 1791//1004 1792//1004 1043//1004
f 1795//1005 1059//1005 1742//1005
f 1059//982 1740//982 1742//982
f 1059//75 1795//75 1796//75
f 1742//1006 1741//1006 1797//1006
f 1741//1007 1787//1007 1797//1007
f 1742//1008 1797//1008 1795//1008
f 1797//1009 1070//1009 1795//1009
f 1795//1010 1070//1010 1796//1010
f 1070//980 1798//980 1796//980
f 1787//1005 1741//1005 1724//1005
f 1787//1011 1788//1011 1797//1011
f 1788//1012 1793//1012 1797//1012
f 1797//1013 1793//1013 1799//1013
f 1793//974 1733//974 1799//974
f 1799//974 1733//974 1800//974
f 1733//1014 1734//1014 1800//1014
f 1800//1015 1734//1015 1801//1015
f 1790//24 1791//24 1802//24
f 1791//24 1043//24 1802//24
f 1785//1016 1790//1016 1802//1016
f 1286//1017 1285//1017 1803//1017
f 1285//1017 1804//1017 1803//1017
f 1803//1017 1804//1017 1805//1017
f 1286//1018 1803//1018 1287//1018
f 1803//1018 1288//1018 1287//1018
f 1624//1019 1625//1019 1806//1019
f 1625//1020 1807//1020 1806//1020
f 1806//1021 1807//1021 1531//1021
f 1808//1022 1624//1022 1806//1022
f 1624//364 1808//364 1610//364
f 1808//75 1618//75 1610//75
f 1454//1023 1455//1023 1809//1023
f 1455//1024 1810//1024 1809//1024
f 1811//41 1454//41 1809//41
f 1454//75 1811//75 1453//75
f 1811//75 1812//75 1453//75
f 1453//75 1812//75 1813//75
f 1814//75 1455//75 1443//75
f 1455//1025 1814//1025 1810//1025
f 1814//1026 1815//1026 1810//1026
f 1810//1027 1815//1027 1816//1027
f 1812//41 1811//41 1809//41
f 1451//131 1815//131 1443//131
f 1815//75 1814//75 1443//75
f 1815//1028 1451//1028 1816//1028
f 1451//1029 1817//1029 1816//1029
f 1818//75 1452//75 1448//75
f 1452//1030 1818//1030 1817//1030
f 1818//1031 1622//1031 1817//1031
f 1817//1032 1622//1032 1623//1032
f 1451//1033 1452//1033 1817//1033
f 1612//1034 1571//1034 1817//1034
f 1571//1035 1572//1035 1817//1035
f 1817//1036 1572//1036 1819//1036
f 1820//1037 1612//1037 1817//1037
f 1612//75 1820//75 1611//75
f 1820//75 1623//75 1611//75
f 1821//75 1563//75 1543//75
f 1563//1038 1821//1038 1822//1038
f 1821//1039 1544//1039 1822//1039
f 1822//1040 1544//1040 1465//1040
f 1562//1039 1563//1039 1822//1039
f 1823//1041 1562//1041 1817//1041
f 1562//1042 1822//1042 1817//1042
f 1562//75 1823//75 1561//75
f 1823//75 1819//75 1561//75
f 1561//75 1819//75 1572//75
f 1544//75 1821//75 1543//75
f 1465//1043 1466//1043 1822//1043
f 1466//1039 1824//1039 1822//1039
f 1421//217 1824//217 1420//217
f 1824//75 1466//75 1420//75
f 1824//1044 1421//1044 1822//1044
f 1421//1045 1422//1045 1822//1045
f 1822//1046 1422//1046 1825//1046
f 1826//75 1298//75 1211//75
f 1298//1047 1826//1047 1827//1047
f 1826//41 1828//41 1827//41
f 1827//41 1828//41 1829//41
f 1828//41 1830//41 1829//41
f 1829//41 1830//41 1831//41
f 1830//41 1832//41 1831//41
f 1831//41 1832//41 1833//41
f 1832//41 1834//41 1833//41
f 1833//41 1834//41 1835//41
f 1834//41 1836//41 1835//41
f 1835//706 1836//706 1837//706
f 1836//916 1838//916 1837//916
f 1837//916 1838//916 1839//916
f 1838//707 1840//707 1839//707
f 1839//707 1840//707 1841//707
f 1840//1048 1842//1048 1841//1048
f 1841//1048 1842//1048 1800//1048
f 1297//41 1298//41 1827//41
f 1843//1049 1297//1049 1827//1049
f 1297//426 1843//426 1296//426
f 1843//75 1844//75 1296//75
f 1296//75 1844//75 1307//75
f 1844//1050 1843//1050 1845//1050
f 1843//1051 1827//1051 1845//1051
f 1307//1052 1844//1052 1845//1052
f 1306//1053 1307//1053 1846//1053
f 1825//1054 1306//1054 1822//1054
f 1306//1055 1846//1055 1822//1055
f 1306//218 1825//218 1305//218
f 1825//75 1422//75 1305//75
f 1847//75 1826//75 1211//75
f 1826//1056 1847//1056 1828//1056
f 1847//1057 1848//1057 1828//1057
f 1828//703 1848//703 1278//703
f 1846//1058 1307//1058 1845//1058
f 1848//75 1847//75 1211//75
f 1278//1059 1279//1059 1849//1059
f 1278//1060 1848//1060 1211//1060
f 1203//1061 1279//1061 1138//1061
f 1279//1062 1203//1062 1849//1062
f 1203//1063 1204//1063 1849//1063
f 1849//1063 1204//1063 1850//1063
f 1204//1064 1851//1064 1850//1064
f 1851//75 1204//75 1198//75
f 1199//75 1851//75 1198//75
f 1851//1065 1199//1065 1850//1065
f 1199//1066 1200//1066 1850//1066
f 1850//1067 1200//1067 1852//1067
f 1808//1068 1806//1068 1618//1068
f 1806//1069 1617//1069 1618//1069
f 1623//1070 1820//1070 1817//1070
f 1622//75 1818//75 1448//75
f 1627//1071 1628//1071 1829//1071
f 1628//41 1813//41 1829//41
f 1829//41 1813//41 1812//41
f 1801//1072 1627//1072 1800//1072
f 1627//1072 1829//1072 1800//1072
f 1800//1072 1829//1072 1853//1072
f 1829//706 1854//706 1853//706
f 1853//706 1854//706 1833//706
f 1854//41 1831//41 1833//41
f 1627//1073 1801//1073 1626//1073
f 1801//75 1734//75 1626//75
f 1813//75 1628//75 1453//75
f 1855//1069 1617//1069 1806//1069
f 1617//75 1855//75 1575//75
f 1855//75 1579//75 1575//75
f 1579//1074 1855//1074 1806//1074
f 1578//1075 1579//1075 1806//1075
f 1569//1068 1578//1068 1806//1068
f 1578//75 1569//75 1565//75
f 1568//1069 1569//1069 1806//1069
f 1856//1069 1568//1069 1857//1069
f 1568//1076 1806//1076 1857//1076
f 1568//75 1856//75 1550//75
f 1856//75 1552//75 1550//75
f 1551//1077 1552//1077 1857//1077
f 1552//1078 1856//1078 1857//1078
f 1858//1079 1551//1079 1857//1079
f 1551//75 1858//75 1504//75
f 1858//75 1506//75 1504//75
f 1505//1077 1506//1077 1857//1077
f 1506//1080 1858//1080 1857//1080
f 1859//1081 1505//1081 1857//1081
f 1505//75 1859//75 1469//75
f 1859//75 1476//75 1469//75
f 1860//40 1861//40 1193//40
f 1861//28 1852//28 1193//28
f 1193//75 1852//75 1200//75
f 1861//42 1860//42 1862//42
f 1860//1082 1197//1082 1862//1082
f 1862//1083 1197//1083 1192//1083
f 1852//1084 1861//1084 1862//1084
f 1476//1068 1859//1068 1857//1068
f 1476//1085 1857//1085 1475//1085
f 1857//1086 1863//1086 1475//1086
f 1475//75 1863//75 1470//75
f 1863//75 1479//75 1470//75
f 1479//1087 1863//1087 1857//1087
f 1478//75 1864//75 1477//75
f 1864//75 1484//75 1477//75
f 1864//1088 1478//1088 1865//1088
f 1478//1089 1857//1089 1865//1089
f 1864//1090 1865//1090 1866//1090
f 1484//1091 1864//1091 1866//1091
f 1483//1092 1484//1092 1866//1092
f 1478//1093 1479//1093 1857//1093
f 1482//1094 1483//1094 1867//1094
f 1483//1095 1866//1095 1867//1095
f 1531//1096 1532//1096 1868//1096
f 1531//217 1807//217 1530//217
f 1807//173 1625//173 1530//173
f 1529//1097 1524//1097 1869//1097
f 1524//1098 1870//1098 1869//1098
f 1869//66 1870//66 1871//66
f 1872//1099 1529//1099 1873//1099
f 1529//1100 1869//1100 1873//1100
f 1529//75 1872//75 1516//75
f 1872//75 1532//75 1516//75
f 1532//1101 1872//1101 1873//1101
f 1868//1102 1532//1102 1873//1102
f 1197//1103 1860//1103 1193//1103
f 1819//1039 1823//1039 1817//1039
f 1796//75 1798//75 1059//75
f 1798//1104 1071//1104 1059//1104
f 1059//75 1071//75 1069//75
f 1071//1105 1798//1105 1070//1105
f 1277//1106 1874//1106 1127//1106
f 1874//1107 1875//1107 1127//1107
f 1127//1108 1875//1108 1876//1108
f 1874//24 1277//24 1288//24
f 1277//24 1276//24 1288//24
f 1875//24 1874//24 1288//24
f 1876//1109 1875//1109 1288//1109
f 1288//39 1877//39 1876//39
f 1876//39 1877//39 1878//39
f 1878//1110 1877//1110 1879//1110
f 1877//39 1288//39 1879//39
f 1879//39 1288//39 1880//39
f 1288//1111 1881//1111 1880//1111
f 1880//39 1881//39 1878//39
f 1881//39 1882//39 1878//39
f 1878//39 1882//39 1883//39
f 1882//39 1884//39 1883//39
f 1883//39 1884//39 1885//39
f 1884//39 1886//39 1885//39
f 1284//1112 1281//1112 1804//1112
f 1281//24 1282//24 1804//24
f 1804//24 1282//24 1283//24
f 1284//1113 1804//1113 1285//1113
f 1887//1114 1283//1114 1243//1114
f 1283//1115 1887//1115 1888//1115
f 1887//24 1889//24 1888//24
f 1888//24 1889//24 1890//24
f 1889//66 1887//66 1520//66
f 1887//729 1243//729 1520//729
f 1891//66 1890//66 1520//66
f 1890//66 1889//66 1520//66
f 1890//24 1891//24 1888//24
f 1891//24 1892//24 1888//24
f 1888//24 1892//24 1486//24
f 1892//24 1893//24 1486//24
f 1486//1116 1893//1116 1485//1116
f 1892//598 1891//598 1519//598
f 1891//66 1520//66 1519//66
f 1893//66 1892//66 1518//66
f 1892//66 1519//66 1518//66
f 1485//66 1893//66 1518//66
f 1527//24 1528//24 1870//24
f 1528//24 1871//24 1870//24
f 1525//1117 1527//1117 1870//1117
f 1525//1118 1870//1118 1524//1118
f 1894//724 1528//724 1526//724
f 1528//24 1894//24 1871//24
f 1894//24 1895//24 1871//24
f 1871//24 1895//24 1786//24
f 1786//1119 1895//1119 1526//1119
f 1895//1120 1894//1120 1526//1120
f 1786//1121 1783//1121 1896//1121
f 1783//24 1784//24 1896//24
f 1896//24 1784//24 1785//24
f 1897//1122 1802//1122 1043//1122
f 1802//931 1897//931 1898//931
f 1897//931 1899//931 1898//931
f 1898//931 1899//931 1900//931
f 1899//931 1901//931 1900//931
f 1900//1123 1901//1123 1902//1123
f 1901//1123 1903//1123 1902//1123
f 1902//931 1903//931 1904//931
f 1903//931 1905//931 1904//931
f 1896//931 1802//931 1898//931
f 1802//1124 1896//1124 1785//1124
f 1906//1125 1897//1125 1907//1125
f 1897//993 1908//993 1907//993
f 1907//993 1908//993 1909//993
f 1908//993 1910//993 1909//993
f 1909//993 1910//993 1911//993
f 1910//993 1912//993 1911//993
f 1911//993 1912//993 1913//993
f 1912//40 1914//40 1913//40
f 1913//40 1914//40 1915//40
f 1914//40 1916//40 1915//40
f 1915//40 1916//40 1917//40
f 1916//40 1918//40 1917//40
f 1917//1126 1918//1126 1919//1126
f 1918//652 1920//652 1919//652
f 1919//652 1920//652 1921//652
f 1920//981 1922//981 1921//981
f 1921//652 1922//652 1923//652
f 1897//931 1906//931 1899//931
f 1906//931 1924//931 1899//931
f 1899//984 1924//984 1901//984
f 1924//984 1925//984 1901//984
f 1901//931 1925//931 1903//931
f 1925//931 1926//931 1903//931
f 1903//931 1926//931 1905//931
f 1927//1127 1928//1127 1929//1127
f 1928//1128 1927//1128 1930//1128
f 1927//1129 1931//1129 1930//1129
f 1928//40 1930//40 1932//40
f 1930//40 1933//40 1932//40
f 1932//40 1933//40 1044//40
f 1933//40 1046//40 1044//40
f 1929//40 1928//40 1934//40
f 1928//40 1932//40 1934//40
f 1934//40 1932//40 1044//40
f 1935//40 1929//40 1936//40
f 1929//40 1934//40 1936//40
f 1936//40 1934//40 1044//40
f 1929//1130 1935//1130 1937//1130
f 1935//1131 1938//1131 1937//1131
f 1929//1127 1937//1127 1927//1127
f 1927//40 1937//40 1939//40
f 1937//40 1938//40 1939//40
f 1939//40 1938//40 1940//40
f 1938//40 1941//40 1940//40
f 1931//40 1927//40 1942//40
f 1927//40 1939//40 1942//40
f 1943//40 1935//40 1944//40
f 1935//40 1945//40 1944//40
f 1944//40 1945//40 1946//40
f 1945//40 1063//40 1946//40
f 1946//40 1063//40 1947//40
f 1063//40 1065//40 1947//40
f 1947//40 1065//40 1067//40
f 1935//1132 1943//1132 1948//1132
f 1949//1133 1950//1133 1067//1133
f 1950//1134 1949//1134 1951//1134
f 1944//1134 1950//1134 1951//1134
f 1950//40 1944//40 1946//40
f 1067//40 1950//40 1947//40
f 1950//40 1946//40 1947//40
f 1067//1135 1066//1135 1952//1135
f 1953//1135 1067//1135 1952//1135
f 1067//1133 1953//1133 1949//1133
f 1949//40 1953//40 1954//40
f 1953//40 1955//40 1954//40
f 1951//40 1949//40 1954//40
f 1956//73 1944//73 1951//73
f 1944//40 1956//40 1943//40
f 1956//40 1957//40 1943//40
f 1958//40 1951//40 1959//40
f 1951//40 1960//40 1959//40
f 1951//73 1958//73 1956//73
f 1930//41 1931//41 1051//41
f 1931//41 1961//41 1051//41
f 1930//40 1051//40 1046//40
f 1962//40 1066//40 1062//40
f 1066//40 1064//40 1062//40
f 1066//66 1962//66 1963//66
f 1952//66 1066//66 1963//66
f 1952//40 1963//40 1964//40
f 1963//40 1965//40 1964//40
f 1953//40 1952//40 1955//40
f 1952//40 1966//40 1955//40
f 1943//112 1957//112 1967//112
f 1957//1136 1054//1136 1967//1136
f 1967//1137 1054//1137 1968//1137
f 1948//112 1943//112 1967//112
f 1948//40 1967//40 1941//40
f 1967//40 1969//40 1941//40
f 1938//40 1948//40 1941//40
f 1948//1138 1938//1138 1935//1138
f 1956//1139 1958//1139 1970//1139
f 1958//1140 1971//1140 1970//1140
f 1970//1141 1971//1141 1972//1141
f 1956//40 1970//40 1957//40
f 1970//40 1052//40 1957//40
f 1957//40 1052//40 1054//40
f 1961//40 1931//40 1973//40
f 1931//40 1974//40 1973//40
f 1051//1142 1961//1142 1053//1142
f 1961//1143 1975//1143 1053//1143
f 1976//40 1962//40 1070//40
f 1962//40 1060//40 1070//40
f 1962//670 1976//670 1977//670
f 1963//670 1962//670 1977//670
f 1963//40 1977//40 1965//40
f 1977//40 1978//40 1965//40
f 1967//40 1968//40 1979//40
f 1968//40 1975//40 1979//40
f 1979//40 1975//40 1980//40
f 1975//40 1961//40 1980//40
f 1980//40 1961//40 1973//40
f 1981//1141 1970//1141 1972//1141
f 1970//40 1981//40 1070//40
f 1981//40 1976//40 1070//40
f 1971//40 1958//40 1959//40
f 1053//697 1975//697 1968//697
f 1054//697 1053//697 1968//697
f 1976//696 1981//696 1977//696
f 1981//696 1972//696 1977//696
f 1977//40 1972//40 1978//40
f 1972//40 1971//40 1978//40
f 1978//40 1971//40 1982//40
f 1971//40 1959//40 1982//40
f 1913//75 1915//75 1983//75
f 1915//75 1836//75 1983//75
f 1983//75 1836//75 1984//75
f 1836//75 1985//75 1984//75
f 1984//75 1985//75 1986//75
f 1985//75 1987//75 1986//75
f 1988//1009 1915//1009 1919//1009
f 1915//1126 1917//1126 1919//1126
f 1915//75 1988//75 1989//75
f 1983//66 1984//66 1990//66
f 1984//66 1991//66 1990//66
f 1990//66 1991//66 1992//66
f 1991//1144 1993//1144 1992//1144
f 1992//721 1993//721 1994//721
f 1993//721 1995//721 1994//721
f 1994//1145 1995//1145 1996//1145
f 1995//1146 1997//1146 1996//1146
f 1905//1147 1983//1147 1998//1147
f 1983//914 1999//914 1998//914
f 1998//914 1999//914 2000//914
f 1999//66 2001//66 2000//66
f 2000//66 2001//66 2002//66
f 2001//66 1990//66 2002//66
f 2002//66 1990//66 1992//66
f 1983//75 1905//75 1913//75
f 1905//452 1926//452 1913//452
f 1913//1122 1926//1122 2003//1122
f 1926//1125 2004//1125 2003//1125
f 2003//1125 2004//1125 1924//1125
f 1904//1119 1905//1119 2005//1119
f 1905//914 1998//914 2005//914
f 2005//914 1998//914 2006//914
f 1998//914 2000//914 2006//914
f 2006//914 2000//914 2007//914
f 2000//914 2008//914 2007//914
f 2007//914 2008//914 2009//914
f 2008//66 2010//66 2009//66
f 2009//66 2010//66 2011//66
f 2010//66 2012//66 2011//66
f 2011//66 2012//66 2013//66
f 2012//66 1992//66 2013//66
f 2013//1144 1992//1144 2014//1144
f 1992//721 1994//721 2014//721
f 2014//721 1994//721 2015//721
f 1994//1145 1996//1145 2015//1145
f 2015//1146 1996//1146 2016//1146
f 2004//931 1926//931 1925//931
f 1989//974 1988//974 2017//974
f 1988//1148 1923//1148 2017//1148
f 2017//1148 1923//1148 1922//1148
f 2018//974 1989//974 2019//974
f 1989//974 2017//974 2019//974
f 2019//974 2017//974 2020//974
f 2017//974 1922//974 2020//974
f 2020//974 1922//974 2021//974
f 1922//1148 2022//1148 2021//1148
f 2021//1148 2022//1148 1799//1148
f 1989//1048 2018//1048 1838//1048
f 2018//1048 1840//1048 1838//1048
f 1836//1072 1989//1072 1838//1072
f 1989//75 1836//75 1915//75
f 1923//652 1988//652 1921//652
f 1988//652 1919//652 1921//652
f 1985//41 1836//41 1834//41
f 2023//931 1898//931 1900//931
f 1898//1119 2023//1119 2024//1119
f 2023//1119 1902//1119 2024//1119
f 2024//1149 1902//1149 2006//1149
f 1902//1149 2005//1149 2006//1149
f 1896//1147 1898//1147 2009//1147
f 1898//1147 2024//1147 2009//1147
f 2009//914 2024//914 2007//914
f 2024//914 2006//914 2007//914
f 1871//1147 1896//1147 2009//1147
f 1896//1150 1871//1150 1786//1150
f 1797//1009 1799//1009 1070//1009
f 1799//1009 2025//1009 1070//1009
f 1070//652 2025//652 2026//652
f 2025//652 1920//652 2026//652
f 2026//652 1920//652 1918//652
f 1799//652 2022//652 2025//652
f 2022//652 1922//652 2025//652
f 2025//981 1922//981 1920//981
f 1924//1125 1906//1125 1907//1125
f 1800//974 1842//974 2027//974
f 1842//974 1840//974 2027//974
f 2027//974 1840//974 2020//974
f 1840//974 2019//974 2020//974
f 1924//931 2004//931 1925//931
f 1902//931 2023//931 1900//931
f 1902//1119 1904//1119 2005//1119
f 1840//974 2018//974 2019//974
f 1867//66 1869//66 2011//66
f 1869//66 2009//66 2011//66
f 1869//776 1867//776 1873//776
f 1867//775 1866//775 1873//775
f 2028//172 1984//172 2029//172
f 1984//851 2030//851 2029//851
f 1984//1151 2028//1151 1995//1151
f 2028//1146 1997//1146 1995//1146
f 2031//703 1985//703 2032//703
f 1985//1152 2033//1152 2032//1152
f 2032//1152 2033//1152 2034//1152
f 2033//41 2035//41 2034//41
f 2034//41 2035//41 1832//41
f 2035//41 1834//41 1832//41
f 1985//75 2031//75 2036//75
f 2031//426 2037//426 2036//426
f 1939//1153 1940//1153 2038//1153
f 1940//1153 2039//1153 2038//1153
f 1939//1154 2038//1154 2040//1154
f 1942//1154 1939//1154 2040//1154
f 1954//1155 1955//1155 2041//1155
f 1955//1155 2042//1155 2041//1155
f 1954//1156 2041//1156 2043//1156
f 1960//1156 1954//1156 2043//1156
f 1954//40 1960//40 1951//40
f 1942//1157 2040//1157 1974//1157
f 2040//1158 2044//1158 1974//1158
f 1942//40 1974//40 1931//40
f 1955//1159 1966//1159 2045//1159
f 2042//1159 1955//1159 2045//1159
f 1940//107 1941//107 2046//107
f 1941//112 1969//112 2047//112
f 1969//1160 1979//1160 2047//1160
f 2047//1160 1979//1160 2048//1160
f 2046//112 1941//112 2047//112
f 1959//73 1960//73 2043//73
f 2049//1161 1959//1161 2043//1161
f 1959//842 2049//842 1982//842
f 2049//845 2050//845 1982//845
f 1982//1162 2050//1162 2051//1162
f 2040//39 2038//39 2052//39
f 2038//39 2053//39 2052//39
f 2052//1163 2053//1163 2054//1163
f 2044//39 2040//39 2052//39
f 2038//39 2039//39 2053//39
f 2039//39 2046//39 2053//39
f 2053//39 2046//39 2055//39
f 2046//39 2047//39 2055//39
f 2055//39 2047//39 2048//39
f 2041//39 2042//39 2056//39
f 2042//39 2045//39 2056//39
f 2056//39 2045//39 2057//39
f 2043//39 2041//39 2058//39
f 2041//39 2056//39 2058//39
f 2058//1163 2056//1163 2059//1163
f 2056//1164 1816//1164 2059//1164
f 2059//1165 1816//1165 1817//1165
f 2049//39 2043//39 2058//39
f 1974//41 2044//41 1973//41
f 2044//41 2060//41 1973//41
f 1964//40 1966//40 1952//40
f 1966//66 1964//66 2057//66
f 2045//66 1966//66 2057//66
f 2046//107 2039//107 1940//107
f 1973//1166 2060//1166 1980//1166
f 2060//1167 2061//1167 1980//1167
f 1964//1168 1965//1168 2062//1168
f 2057//1168 1964//1168 2062//1168
f 2060//39 2044//39 2052//39
f 2057//39 2062//39 2063//39
f 2062//39 2051//39 2063//39
f 2063//39 2051//39 2064//39
f 2051//39 2050//39 2064//39
f 2064//39 2050//39 2049//39
f 1979//40 1969//40 1967//40
f 1978//1162 1982//1162 2051//1162
f 1980//303 2061//303 2048//303
f 1979//303 1980//303 2048//303
f 2061//39 2060//39 2065//39
f 2060//39 2052//39 2065//39
f 2065//1169 2052//1169 2066//1169
f 2052//1170 1868//1170 2066//1170
f 2066//1171 1868//1171 1873//1171
f 1965//302 1978//302 2062//302
f 1978//1172 2051//1172 2062//1172
f 2048//39 2061//39 2065//39
f 1873//1173 1866//1173 2066//1173
f 1866//1174 2067//1174 2066//1174
f 1810//1175 1845//1175 1809//1175
f 1845//1176 1827//1176 1809//1176
f 1845//1177 1810//1177 2068//1177
f 1810//1178 2069//1178 2068//1178
f 1845//1179 2068//1179 1846//1179
f 2068//1180 2070//1180 1846//1180
f 1809//41 1827//41 1829//41
f 1810//1181 1816//1181 2069//1181
f 1816//1182 2056//1182 2069//1182
f 2069//1183 2056//1183 2063//1183
f 2056//39 2057//39 2063//39
f 1806//1184 1868//1184 2054//1184
f 1868//1185 2052//1185 2054//1185
f 1868//1186 1806//1186 1531//1186
f 2054//1187 2053//1187 2071//1187
f 2053//66 2072//66 2071//66
f 2073//1188 2054//1188 2071//1188
f 2054//1189 2073//1189 1806//1189
f 2073//1190 1857//1190 1806//1190
f 2066//1191 2067//1191 2074//1191
f 2065//1192 2066//1192 2074//1192
f 2073//1193 2071//1193 2075//1193
f 2071//40 2076//40 2075//40
f 2075//40 2076//40 2077//40
f 1857//1194 2073//1194 1865//1194
f 2073//1195 2075//1195 1865//1195
f 1817//1196 1822//1196 2059//1196
f 1822//1197 2078//1197 2059//1197
f 2059//1198 2078//1198 2058//1198
f 2078//1199 2079//1199 2058//1199
f 2058//41 2079//41 2064//41
f 2079//41 2080//41 2064//41
f 1822//1200 1846//1200 2078//1200
f 1846//1201 2070//1201 2078//1201
f 2078//1202 2070//1202 2079//1202
f 2070//40 2081//40 2079//40
f 2079//40 2081//40 2082//40
f 2069//1203 2063//1203 2083//1203
f 2063//24 2064//24 2083//24
f 2083//24 2064//24 2080//24
f 2068//1203 2069//1203 2083//1203
f 1866//1204 1865//1204 2067//1204
f 1865//1205 2075//1205 2067//1205
f 2067//1206 2075//1206 2074//1206
f 2075//40 2084//40 2074//40
f 2074//40 2084//40 2085//40
f 2068//1207 2083//1207 2070//1207
f 2083//40 2086//40 2070//40
f 2070//40 2086//40 2087//40
f 2053//66 2055//66 2072//66
f 2071//40 2072//40 2088//40
f 2072//40 2089//40 2088//40
f 2058//39 2064//39 2049//39
f 2072//40 2074//40 2090//40
f 2074//40 2085//40 2090//40
f 2074//24 2072//24 2065//24
f 2072//24 2055//24 2065//24
f 2065//39 2055//39 2048//39
f 2083//40 2080//40 2091//40
f 2080//40 2092//40 2091//40
f 2080//40 2079//40 2093//40
f 2079//40 2082//40 2093//40
f 2088//40 2094//40 2071//40
f 2094//40 2076//40 2071//40
f 2094//1208 2088//1208 2095//1208
f 2076//1153 2094//1153 2096//1153
f 2094//1153 2097//1153 2096//1153
f 2076//1154 2096//1154 2098//1154
f 2077//1154 2076//1154 2098//1154
f 2088//754 2089//754 2099//754
f 2089//1160 2090//1160 2099//1160
f 2099//1160 2090//1160 2100//1160
f 2095//112 2088//112 2099//112
f 2101//40 2081//40 2070//40
f 2081//1155 2101//1155 2102//1155
f 2101//1155 2103//1155 2102//1155
f 2081//1156 2102//1156 2104//1156
f 2082//1209 2081//1209 2104//1209
f 2093//73 2082//73 2104//73
f 2105//1161 2093//1161 2104//1161
f 2093//74 2105//74 2092//74
f 2105//845 2106//845 2092//845
f 2092//1210 2106//1210 2107//1210
f 2093//40 2092//40 2080//40
f 2077//1157 2098//1157 2108//1157
f 2098//1211 2109//1211 2108//1211
f 2077//40 2108//40 2075//40
f 2108//40 2084//40 2075//40
f 2098//39 2096//39 2110//39
f 2096//39 2111//39 2110//39
f 2109//39 2098//39 2112//39
f 2098//39 2110//39 2112//39
f 2096//39 2097//39 2113//39
f 2097//39 2095//39 2113//39
f 2113//39 2095//39 2114//39
f 2095//39 2115//39 2114//39
f 2087//40 2101//40 2070//40
f 2101//1159 2087//1159 2116//1159
f 2103//1159 2101//1159 2116//1159
f 2102//39 2103//39 2117//39
f 2103//39 2118//39 2117//39
f 2104//39 2102//39 2119//39
f 2102//39 2120//39 2119//39
f 2105//39 2104//39 2119//39
f 2108//41 2109//41 2084//41
f 2109//41 2121//41 2084//41
f 2087//66 2086//66 2122//66
f 2116//66 2087//66 2122//66
f 2116//39 2122//39 2118//39
f 2122//39 2123//39 2118//39
f 2103//39 2116//39 2118//39
f 2095//39 2099//39 2115//39
f 2099//39 2100//39 2115//39
f 2115//39 2100//39 2124//39
f 2100//39 2125//39 2124//39
f 2095//107 2097//107 2094//107
f 2121//39 2109//39 2112//39
f 2084//1166 2121//1166 2085//1166
f 2121//1212 2126//1212 2085//1212
f 2127//40 2086//40 2083//40
f 2086//1168 2127//1168 2128//1168
f 2122//1168 2086//1168 2128//1168
f 2122//39 2128//39 2123//39
f 2128//39 2129//39 2123//39
f 2090//40 2089//40 2072//40
f 2091//1162 2092//1162 2107//1162
f 2106//39 2105//39 2130//39
f 2105//39 2131//39 2130//39
f 2085//303 2126//303 2100//303
f 2090//880 2085//880 2100//880
f 2126//39 2121//39 2132//39
f 2121//39 2112//39 2132//39
f 2091//40 2127//40 2083//40
f 2127//1172 2091//1172 2128//1172
f 2091//302 2107//302 2128//302
f 2128//39 2107//39 2129//39
f 2107//39 2133//39 2129//39
f 2107//39 2106//39 2130//39
f 2100//39 2126//39 2125//39
f 2126//39 2132//39 2125//39
f 1888//66 1486//66 1867//66
f 1486//1213 1482//1213 1867//1213
f 1804//1151 1888//1151 1805//1151
f 1888//1151 2011//1151 1805//1151
f 1805//1151 2011//1151 2014//1151
f 2011//1144 2013//1144 2014//1144
f 1888//24 1804//24 1283//24
f 2113//39 2111//39 2096//39
f 2111//1130 2113//1130 2134//1130
f 2113//1130 2135//1130 2134//1130
f 2111//1127 2134//1127 2136//1127
f 2110//1127 2111//1127 2136//1127
f 2110//1128 2136//1128 2112//1128
f 2136//1129 2137//1129 2112//1129
f 2136//39 2134//39 2138//39
f 2134//39 2139//39 2138//39
f 2138//39 2139//39 1876//39
f 2139//39 2140//39 1876//39
f 1876//39 2140//39 1196//39
f 2140//39 2141//39 1196//39
f 1196//39 2141//39 2142//39
f 2141//39 2143//39 2142//39
f 2142//39 2143//39 2144//39
f 2137//39 2136//39 2145//39
f 2136//39 2138//39 2145//39
f 2145//39 2138//39 1876//39
f 2113//1132 2114//1132 2146//1132
f 2134//39 2135//39 2139//39
f 2135//39 2140//39 2139//39
f 2117//39 2120//39 2102//39
f 2120//1133 2117//1133 2143//1133
f 2117//1133 2144//1133 2143//1133
f 2120//1134 2143//1134 2147//1134
f 2119//1134 2120//1134 2147//1134
f 2117//1214 2118//1214 2148//1214
f 2144//1135 2117//1135 2148//1135
f 2147//39 2143//39 2141//39
f 2131//73 2119//73 2147//73
f 2119//39 2131//39 2105//39
f 2149//39 2147//39 2135//39
f 2147//39 2140//39 2135//39
f 2147//73 2149//73 2131//73
f 2112//41 2137//41 2132//41
f 2137//41 1883//41 2132//41
f 2118//66 2123//66 2150//66
f 2148//66 2118//66 2150//66
f 2148//39 2150//39 2151//39
f 2150//39 1192//39 2151//39
f 2151//39 1192//39 1194//39
f 2144//39 2148//39 2152//39
f 2148//39 2153//39 2152//39
f 2152//39 2153//39 1196//39
f 2153//39 2151//39 1196//39
f 1196//1215 2151//1215 1194//1215
f 2114//112 2115//112 2154//112
f 2115//1137 2124//1137 2154//1137
f 2154//1137 2124//1137 1886//1137
f 2146//112 2114//112 2154//112
f 2146//39 2154//39 2155//39
f 2154//39 1862//39 2155//39
f 2155//39 1862//39 2156//39
f 1862//39 2157//39 2156//39
f 2135//39 2146//39 2149//39
f 2146//39 2155//39 2149//39
f 2146//1132 2135//1132 2113//1132
f 2131//1139 2149//1139 2130//1139
f 2149//1216 2155//1216 2130//1216
f 2130//1141 2155//1141 2156//1141
f 2132//1142 1883//1142 2125//1142
f 1883//1143 1885//1143 2125//1143
f 1883//39 2137//39 1878//39
f 2137//39 2158//39 1878//39
f 1878//39 2158//39 1876//39
f 2123//670 2129//670 2157//670
f 2150//1217 2123//1217 2157//1217
f 2150//39 2157//39 1862//39
f 2154//39 1886//39 1884//39
f 2133//1141 2130//1141 2156//1141
f 2130//39 2133//39 2107//39
f 2125//697 1885//697 1886//697
f 2124//697 2125//697 1886//697
f 2129//696 2133//696 2157//696
f 2133//696 2156//696 2157//696
f 2016//1146 1805//1146 2015//1146
f 1805//721 2014//721 2015//721
f 1805//1218 2016//1218 2159//1218
f 2016//1218 1996//1218 2159//1218
f 2159//1219 1996//1219 2160//1219
f 1996//1219 2161//1219 2160//1219
f 2160//710 2161//710 2162//710
f 2161//710 2028//710 2162//710
f 2162//1017 2028//1017 2163//1017
f 1986//1220 1987//1220 2164//1220
f 1987//1221 2165//1221 2164//1221
f 2164//1222 2165//1222 2166//1222
f 2167//1223 1986//1223 2164//1223
f 1986//217 2167//217 1984//217
f 2167//75 2168//75 1984//75
f 1984//172 2168//172 2169//172
f 2029//1224 2030//1224 2170//1224
f 2030//1221 2171//1221 2170//1221
f 2170//1225 2171//1225 2172//1225
f 2171//1226 2173//1226 2172//1226
f 2174//1221 2029//1221 2170//1221
f 2029//75 2174//75 2028//75
f 2174//75 2163//75 2028//75
f 1997//1218 2028//1218 2161//1218
f 2175//75 2176//75 1984//75
f 2176//75 2171//75 1984//75
f 1984//75 2171//75 2030//75
f 2176//1227 2175//1227 2173//1227
f 2175//1228 2177//1228 2173//1228
f 2171//1229 2176//1229 2173//1229
f 2178//75 2175//75 1984//75
f 2175//1230 2178//1230 2177//1230
f 2178//1231 2179//1231 2177//1231
f 2180//75 2181//75 1984//75
f 2181//75 2182//75 1984//75
f 1984//1232 2182//1232 2178//1232
f 2181//1233 2180//1233 2183//1233
f 2180//1234 2184//1234 2183//1234
f 2182//1235 2181//1235 2185//1235
f 2181//1236 2183//1236 2185//1236
f 2178//1237 2182//1237 2179//1237
f 2182//1238 2185//1238 2179//1238
f 2186//75 2180//75 1984//75
f 2180//1239 2186//1239 2184//1239
f 2186//1240 2187//1240 2184//1240
f 2168//1241 2167//1241 2188//1241
f 2167//1242 2164//1242 2188//1242
f 2169//1243 2168//1243 2189//1243
f 2168//1244 2188//1244 2189//1244
f 2186//1245 2169//1245 2187//1245
f 2169//1246 2189//1246 2187//1246
f 2169//75 2186//75 1984//75
f 2036//1239 2037//1239 2190//1239
f 2037//1220 2191//1220 2190//1220
f 2190//1247 2191//1247 2192//1247
f 2193//1223 2036//1223 2190//1223
f 2036//1248 2193//1248 2194//1248
f 2193//75 2195//75 2194//75
f 2196//1249 2031//1249 2197//1249
f 2031//888 2032//888 2197//888
f 2197//888 2032//888 2198//888
f 2032//888 2034//888 2198//888
f 2198//888 2034//888 2199//888
f 2034//1152 2200//1152 2199//1152
f 2199//1152 2200//1152 1828//1152
f 2200//41 1830//41 1828//41
f 2031//1250 2196//1250 2201//1250
f 2196//1250 2202//1250 2201//1250
f 2201//673 2202//673 2203//673
f 2202//673 2204//673 2203//673
f 2203//671 2204//671 2205//671
f 2204//671 1849//671 2205//671
f 2205//1063 1849//1063 1850//1063
f 2206//1063 2031//1063 2201//1063
f 2031//364 2206//364 2191//364
f 2206//75 2207//75 2191//75
f 2208//75 1987//75 2194//75
f 1987//75 1985//75 2194//75
f 2194//75 1985//75 2036//75
f 1987//1223 2208//1223 2165//1223
f 2208//1251 2209//1251 2165//1251
f 2194//1252 2195//1252 2210//1252
f 2195//1253 2190//1253 2210//1253
f 2211//1254 2194//1254 2212//1254
f 2194//1255 2210//1255 2212//1255
f 2194//1256 2211//1256 2213//1256
f 2214//710 1803//710 2215//710
f 1803//710 2159//710 2215//710
f 2215//710 2159//710 2160//710
f 1803//1257 2214//1257 2216//1257
f 2214//1257 2217//1257 2216//1257
f 2216//660 2217//660 2218//660
f 2217//660 2219//660 2218//660
f 2218//829 2219//829 2220//829
f 2219//829 2163//829 2220//829
f 2220//1258 2163//1258 2221//1258
f 2163//1259 2222//1259 2221//1259
f 1849//1249 2223//1249 2224//1249
f 2223//1249 2202//1249 2224//1249
f 2224//704 2202//704 2198//704
f 2202//704 2197//704 2198//704
f 2223//1250 1849//1250 2204//1250
f 2202//1250 2223//1250 2204//1250
f 2225//657 1850//657 2226//657
f 1850//1260 2227//1260 2226//1260
f 2226//1260 2227//1260 2228//1260
f 2227//1260 2229//1260 2228//1260
f 2228//1260 2229//1260 2230//1260
f 2229//1066 2231//1066 2230//1066
f 2230//1066 2231//1066 2232//1066
f 2231//1261 2233//1261 2232//1261
f 1850//1262 2225//1262 2205//1262
f 2225//1262 2234//1262 2205//1262
f 2205//1263 2234//1263 2203//1263
f 2234//1263 2235//1263 2203//1263
f 2203//671 2235//671 2201//671
f 2235//671 2206//671 2201//671
f 1996//1218 1997//1218 2161//1218
f 2202//1249 2196//1249 2197//1249
f 2174//1264 2170//1264 2236//1264
f 2170//66 2222//66 2236//66
f 2174//75 2236//75 2163//75
f 2163//1265 2236//1265 2222//1265
f 2237//1257 2163//1257 2219//1257
f 2163//710 2237//710 2162//710
f 2237//710 2217//710 2162//710
f 2162//711 2217//711 2160//711
f 2217//711 2215//711 2160//711
f 2191//75 2037//75 2031//75
f 2191//41 2207//41 2192//41
f 2207//41 2238//41 2192//41
f 2192//41 2238//41 2239//41
f 2238//41 2240//41 2239//41
f 2241//1262 2206//1262 2235//1262
f 2206//657 2241//657 2242//657
f 2241//657 2234//657 2242//657
f 2242//676 2234//676 2228//676
f 2234//676 2226//676 2228//676
f 2207//1266 2206//1266 2238//1266
f 2206//1266 2240//1266 2238//1266
f 2173//1267 2177//1267 2243//1267
f 2177//1268 2244//1268 2243//1268
f 2172//1269 2173//1269 2245//1269
f 2173//1270 2243//1270 2245//1270
f 2185//1271 2183//1271 2246//1271
f 2183//1272 2247//1272 2246//1272
f 2179//1273 2185//1273 2248//1273
f 2185//1274 2246//1274 2248//1274
f 2183//1275 2184//1275 2247//1275
f 2184//1276 2249//1276 2247//1276
f 2189//1277 2188//1277 2250//1277
f 2188//1278 2251//1278 2250//1278
f 2187//1279 2189//1279 2252//1279
f 2189//1280 2250//1280 2252//1280
f 2188//1281 2164//1281 2251//1281
f 2164//1282 2253//1282 2251//1282
f 2254//75 2208//75 2194//75
f 2208//1283 2254//1283 2209//1283
f 2254//1284 2255//1284 2209//1284
f 2256//75 2254//75 2194//75
f 2254//1224 2256//1224 2255//1224
f 2256//1285 2257//1285 2255//1285
f 2258//75 2256//75 2194//75
f 2256//1284 2258//1284 2257//1284
f 2258//1286 2259//1286 2257//1286
f 2260//75 2258//75 2194//75
f 2258//1287 2260//1287 2259//1287
f 2260//1221 2261//1221 2259//1221
f 2262//1288 2260//1288 2194//1288
f 2260//1289 2262//1289 2261//1289
f 2262//1290 2263//1290 2261//1290
f 2213//75 2262//75 2194//75
f 2262//1245 2213//1245 2263//1245
f 2213//1291 2264//1291 2263//1291
f 2213//1292 2211//1292 2264//1292
f 2211//1293 2212//1293 2264//1293
f 2195//1294 2193//1294 2190//1294
f 2210//1295 2190//1295 2265//1295
f 2190//1296 2266//1296 2265//1296
f 2212//1297 2210//1297 2267//1297
f 2210//1298 2265//1298 2267//1298
f 2264//1299 2212//1299 2268//1299
f 2212//1300 2267//1300 2268//1300
f 2269//1301 2170//1301 2270//1301
f 2170//1302 2271//1302 2270//1302
f 2170//1303 2269//1303 2272//1303
f 2269//1304 2273//1304 2272//1304
f 2274//1305 2172//1305 2275//1305
f 2172//1306 2245//1306 2275//1306
f 2172//1307 2274//1307 2276//1307
f 2274//1308 2277//1308 2276//1308
f 2276//1309 2277//1309 2278//1309
f 2177//1310 2179//1310 2244//1310
f 2179//1311 2248//1311 2244//1311
f 2184//1312 2187//1312 2249//1312
f 2187//1313 2252//1313 2249//1313
f 2279//1314 2164//1314 2166//1314
f 2164//1315 2279//1315 2253//1315
f 2279//1316 2280//1316 2253//1316
f 2165//1317 2209//1317 2281//1317
f 2209//1318 2282//1318 2281//1318
f 2166//1319 2165//1319 2283//1319
f 2165//1320 2281//1320 2283//1320
f 2209//1321 2255//1321 2282//1321
f 2255//1322 2284//1322 2282//1322
f 2255//1323 2257//1323 2284//1323
f 2257//1324 2285//1324 2284//1324
f 2257//1325 2259//1325 2285//1325
f 2259//1326 2286//1326 2285//1326
f 2259//1327 2261//1327 2286//1327
f 2261//1328 2287//1328 2286//1328
f 2261//1329 2263//1329 2287//1329
f 2263//1330 2288//1330 2287//1330
f 2263//1331 2264//1331 2288//1331
f 2264//1332 2268//1332 2288//1332
f 2289//1333 2190//1333 2290//1333
f 2190//1334 2192//1334 2290//1334
f 2290//1335 2192//1335 2291//1335
f 2192//1336 2292//1336 2291//1336
f 2291//1337 2292//1337 2293//1337
f 2190//1338 2289//1338 2266//1338
f 2289//1339 2294//1339 2266//1339
f 2295//1340 2192//1340 2239//1340
f 2192//1341 2295//1341 2296//1341
f 2295//1342 2297//1342 2296//1342
f 2296//1343 2297//1343 2298//1343
f 2217//710 2214//710 2215//710
f 2234//657 2225//657 2226//657
f 2217//1257 2237//1257 2219//1257
f 2234//1262 2241//1262 2235//1262
f 2221//66 2222//66 2170//66
f 2299//66 2221//66 2170//66
f 2221//1344 2299//1344 2300//1344
f 2299//1345 2301//1345 2300//1345
f 2221//1346 2300//1346 2220//1346
f 2300//659 2302//659 2220//659
f 2220//658 2302//658 2303//658
f 2302//39 2304//39 2303//39
f 2303//39 2304//39 2305//39
f 2304//39 2306//39 2305//39
f 2305//39 2306//39 2229//39
f 2306//39 2231//39 2229//39
f 2307//1347 2240//1347 2242//1347
f 2240//1348 2206//1348 2242//1348
f 2240//1349 2307//1349 2265//1349
f 2307//1350 2232//1350 2265//1350
f 2265//1351 2232//1351 2233//1351
f 2239//1352 2240//1352 2265//1352
f 2272//1353 2299//1353 2170//1353
f 2299//1354 2272//1354 2308//1354
f 2272//1355 2273//1355 2308//1355
f 2308//1356 2273//1356 2309//1356
f 2300//1357 2301//1357 2302//1357
f 2301//39 2310//39 2302//39
f 2302//39 2310//39 2304//39
f 2310//39 2311//39 2304//39
f 2304//39 2311//39 2312//39
f 2313//1358 2239//1358 2314//1358
f 2239//1359 2315//1359 2314//1359
f 2239//1360 2313//1360 2295//1360
f 2313//1361 2297//1361 2295//1361
f 2232//1362 2307//1362 2230//1362
f 2307//1260 2242//1260 2230//1260
f 2230//1260 2242//1260 2228//1260
f 2267//1363 2265//1363 2316//1363
f 2265//1364 2317//1364 2316//1364
f 2265//1365 2266//1365 2318//1365
f 2266//1366 2294//1366 2318//1366
f 2318//1367 2294//1367 2319//1367
f 2310//1368 2301//1368 2299//1368
f 2317//39 2233//39 2231//39
f 2233//1368 2317//1368 2265//1368
f 2311//1369 2310//1369 2299//1369
f 2312//1370 2311//1370 2245//1370
f 2311//1371 2275//1371 2245//1371
f 2245//1372 2243//1372 2320//1372
f 2243//1373 2321//1373 2320//1373
f 2320//1374 2312//1374 2245//1374
f 2312//39 2320//39 2321//39
f 2322//1375 2275//1375 2323//1375
f 2275//1376 2299//1376 2323//1376
f 2323//1368 2299//1368 2324//1368
f 2299//1377 2325//1377 2324//1377
f 2324//1378 2325//1378 2326//1378
f 2275//1379 2322//1379 2274//1379
f 2322//1380 2277//1380 2274//1380
f 2327//1381 2321//1381 2244//1381
f 2321//1382 2243//1382 2244//1382
f 2321//39 2327//39 2328//39
f 2328//1383 2327//1383 2248//1383
f 2327//1384 2244//1384 2248//1384
f 2329//1385 2328//1385 2246//1385
f 2328//1386 2248//1386 2246//1386
f 2328//39 2329//39 2304//39
f 2329//39 2330//39 2304//39
f 2304//39 2330//39 2306//39
f 2330//39 2331//39 2306//39
f 2306//39 2331//39 2332//39
f 2246//1387 2247//1387 2329//1387
f 2247//1388 2330//1388 2329//1388
f 2247//1389 2249//1389 2330//1389
f 2249//1390 2331//1390 2330//1390
f 2249//1391 2252//1391 2331//1391
f 2252//1385 2332//1385 2331//1385
f 2252//1392 2250//1392 2332//1392
f 2250//1393 2333//1393 2332//1393
f 2332//39 2333//39 2334//39
f 2334//1394 2333//1394 2251//1394
f 2333//1395 2250//1395 2251//1395
f 2335//1396 2334//1396 2251//1396
f 2334//39 2335//39 2306//39
f 2335//39 2336//39 2306//39
f 2306//39 2336//39 2337//39
f 2336//1394 2335//1394 2283//1394
f 2335//1397 2251//1397 2283//1397
f 2283//1398 2251//1398 2338//1398
f 2251//1399 2253//1399 2338//1399
f 2338//1400 2253//1400 2339//1400
f 2253//1401 2280//1401 2339//1401
f 2339//1402 2280//1402 2340//1402
f 2283//1403 2338//1403 2166//1403
f 2338//1404 2341//1404 2166//1404
f 2283//1405 2281//1405 2336//1405
f 2281//1406 2337//1406 2336//1406
f 2342//1407 2337//1407 2282//1407
f 2337//1408 2281//1408 2282//1408
f 2337//39 2342//39 2343//39
f 2342//39 2344//39 2343//39
f 2343//39 2344//39 2345//39
f 2344//1409 2342//1409 2284//1409
f 2342//1410 2282//1410 2284//1410
f 2343//1411 2345//1411 2286//1411
f 2345//1412 2285//1412 2286//1412
f 2346//1413 2343//1413 2287//1413
f 2343//1414 2286//1414 2287//1414
f 2343//39 2346//39 2306//39
f 2346//39 2347//39 2306//39
f 2306//39 2347//39 2316//39
f 2348//1415 2346//1415 2288//1415
f 2346//1416 2287//1416 2288//1416
f 2346//39 2348//39 2347//39
f 2345//1417 2344//1417 2285//1417
f 2344//1418 2284//1418 2285//1418
f 2347//1419 2348//1419 2268//1419
f 2348//1420 2288//1420 2268//1420
f 2316//1421 2347//1421 2267//1421
f 2347//1422 2268//1422 2267//1422
f 2316//39 2317//39 2306//39
f 2317//39 2231//39 2306//39
f 2166//1423 2341//1423 2349//1423
f 2341//1424 2350//1424 2349//1424
f 2349//1425 2350//1425 2351//1425
f 2352//1426 2279//1426 2353//1426
f 2279//1427 2166//1427 2353//1427
f 2353//1224 2166//1224 2349//1224
f 2279//1428 2352//1428 2280//1428
f 2352//1429 2340//1429 2280//1429
f 2353//1430 2349//1430 2339//1430
f 2349//1430 2354//1430 2339//1430
f 2353//41 2339//41 2355//41
f 2356//41 2353//41 2355//41
f 2353//1239 2356//1239 2276//1239
f 2357//1431 2338//1431 2354//1431
f 2338//1400 2339//1400 2354//1400
f 2338//1432 2357//1432 2341//1432
f 2357//1433 2350//1433 2341//1433
f 2358//1239 2349//1239 2290//1239
f 2349//1434 2359//1434 2290//1434
f 2290//1435 2359//1435 2360//1435
f 2349//66 2358//66 2354//66
f 2358//66 2361//66 2354//66
f 2362//1436 2352//1436 2353//1436
f 2352//1437 2362//1437 2340//1437
f 2362//1438 2363//1438 2340//1438
f 2364//1439 2357//1439 2354//1439
f 2357//1440 2364//1440 2350//1440
f 2364//1441 2351//1441 2350//1441
f 2340//1442 2363//1442 2339//1442
f 2363//1443 2365//1443 2339//1443
f 2339//1444 2365//1444 2366//1444
f 2367//1445 2362//1445 2353//1445
f 2362//1446 2367//1446 2363//1446
f 2367//1447 2365//1447 2363//1447
f 2368//1448 2364//1448 2354//1448
f 2364//1449 2368//1449 2351//1449
f 2368//1450 2369//1450 2351//1450
f 2351//1451 2369//1451 2349//1451
f 2369//1452 2370//1452 2349//1452
f 2349//1453 2370//1453 2371//1453
f 2372//1454 2367//1454 2353//1454
f 2367//1455 2372//1455 2365//1455
f 2372//1456 2366//1456 2365//1456
f 2373//1457 2368//1457 2354//1457
f 2368//1458 2373//1458 2369//1458
f 2373//1459 2370//1459 2369//1459
f 2374//1460 2289//1460 2290//1460
f 2289//1461 2374//1461 2294//1461
f 2374//1462 2319//1462 2294//1462
f 2290//596 2291//596 2318//596
f 2291//66 2375//66 2318//66
f 2290//1463 2318//1463 2361//1463
f 2358//1463 2290//1463 2361//1463
f 2276//1463 2356//1463 2323//1463
f 2356//1463 2355//1463 2323//1463
f 2276//41 2323//41 2324//41
f 2376//41 2276//41 2324//41
f 2276//1464 2376//1464 2170//1464
f 2376//1465 2377//1465 2170//1465
f 2170//1466 2377//1466 2378//1466
f 2379//1467 2372//1467 2353//1467
f 2372//1468 2379//1468 2366//1468
f 2379//1469 2380//1469 2366//1469
f 2381//1470 2373//1470 2354//1470
f 2373//1471 2381//1471 2370//1471
f 2381//1472 2371//1472 2370//1472
f 2382//1473 2374//1473 2290//1473
f 2374//1474 2382//1474 2319//1474
f 2382//1475 2383//1475 2319//1475
f 2384//1476 2322//1476 2323//1476
f 2322//1477 2384//1477 2277//1477
f 2384//1478 2278//1478 2277//1478
f 2366//1479 2380//1479 2339//1479
f 2380//1480 2385//1480 2339//1480
f 2339//1481 2385//1481 2323//1481
f 2385//1482 2386//1482 2323//1482
f 2323//1483 2386//1483 2387//1483
f 2388//1484 2379//1484 2353//1484
f 2379//1485 2388//1485 2380//1485
f 2388//1486 2385//1486 2380//1486
f 2359//1487 2371//1487 2389//1487
f 2371//1488 2381//1488 2389//1488
f 2371//1489 2359//1489 2349//1489
f 2389//1490 2381//1490 2354//1490
f 2319//1491 2383//1491 2318//1491
f 2383//1492 2390//1492 2318//1492
f 2318//1493 2390//1493 2391//1493
f 2392//1494 2382//1494 2290//1494
f 2382//1495 2392//1495 2383//1495
f 2392//1496 2390//1496 2383//1496
f 2393//1497 2278//1497 2394//1497
f 2278//1498 2384//1498 2394//1498
f 2278//1499 2393//1499 2276//1499
f 2393//1500 2395//1500 2276//1500
f 2276//1501 2395//1501 2396//1501
f 2394//1502 2384//1502 2323//1502
f 2396//1503 2388//1503 2353//1503
f 2388//1504 2396//1504 2385//1504
f 2396//1505 2386//1505 2385//1505
f 2387//1506 2394//1506 2323//1506
f 2394//1507 2387//1507 2393//1507
f 2387//1508 2395//1508 2393//1508
f 2396//1509 2395//1509 2386//1509
f 2395//1510 2387//1510 2386//1510
f 2391//1511 2389//1511 2354//1511
f 2389//1512 2391//1512 2359//1512
f 2391//1513 2360//1513 2359//1513
f 2360//1514 2392//1514 2290//1514
f 2392//1515 2360//1515 2390//1515
f 2360//1516 2391//1516 2390//1516
f 2355//1397 2339//1397 2323//1397
f 2354//1397 2361//1397 2318//1397
f 2318//1409 2375//1409 2239//1409
f 2375//1517 2397//1517 2239//1517
f 2239//1518 2397//1518 2398//1518
f 2399//1388 2324//1388 2400//1388
f 2324//1396 2401//1396 2400//1396
f 2400//1519 2401//1519 2402//1519
f 2324//1520 2399//1520 2376//1520
f 2399//1521 2403//1521 2376//1521
f 2376//1221 2403//1221 2404//1221
f 2405//1522 2291//1522 2406//1522
f 2291//1522 2407//1522 2406//1522
f 2406//1523 2407//1523 2408//1523
f 2291//1521 2405//1521 2375//1521
f 2405//1520 2409//1520 2375//1520
f 2375//1388 2409//1388 2410//1388
f 2403//41 2399//41 2400//41
f 2404//41 2403//41 2400//41
f 2404//1524 2400//1524 2410//1524
f 2406//1525 2404//1525 2410//1525
f 2404//1224 2406//1224 2411//1224
f 2406//1434 2412//1434 2411//1434
f 2411//1526 2412//1526 2413//1526
f 2414//1527 2415//1527 2404//1527
f 2415//1221 2376//1221 2404//1221
f 2415//1528 2414//1528 2402//1528
f 2414//1529 2416//1529 2402//1529
f 2417//1530 2415//1530 2401//1530
f 2415//1531 2402//1531 2401//1531
f 2415//1532 2417//1532 2376//1532
f 2417//1533 2418//1533 2376//1533
f 2376//1534 2418//1534 2419//1534
f 2418//1535 2417//1535 2420//1535
f 2417//1536 2401//1536 2420//1536
f 2419//1537 2418//1537 2421//1537
f 2418//1538 2420//1538 2421//1538
f 2422//1539 2419//1539 2423//1539
f 2419//1540 2421//1540 2423//1540
f 2419//1541 2422//1541 2376//1541
f 2422//1542 2377//1542 2376//1542
f 2377//1543 2422//1543 2326//1543
f 2422//1544 2423//1544 2326//1544
f 2378//1545 2377//1545 2325//1545
f 2377//1546 2326//1546 2325//1546
f 2410//1368 2400//1368 2424//1368
f 2400//1547 2425//1547 2424//1547
f 2405//66 2406//66 2409//66
f 2406//66 2410//66 2409//66
f 2426//1548 2407//1548 2291//1548
f 2407//1549 2426//1549 2427//1549
f 2426//1550 2428//1550 2427//1550
f 2408//1551 2407//1551 2429//1551
f 2407//1552 2427//1552 2429//1552
f 2430//1553 2426//1553 2291//1553
f 2426//1554 2430//1554 2428//1554
f 2430//1555 2431//1555 2428//1555
f 2432//1225 2430//1225 2291//1225
f 2430//1556 2432//1556 2431//1556
f 2432//1557 2433//1557 2431//1557
f 2293//1558 2432//1558 2291//1558
f 2432//1559 2293//1559 2433//1559
f 2293//1560 2397//1560 2433//1560
f 2293//1561 2292//1561 2397//1561
f 2292//1562 2398//1562 2397//1562
f 2434//1563 2292//1563 2192//1563
f 2292//1564 2434//1564 2398//1564
f 2434//1565 2435//1565 2398//1565
f 2420//1566 2401//1566 2324//1566
f 2423//1567 2421//1567 2324//1567
f 2421//1517 2420//1517 2324//1517
f 2326//1568 2423//1568 2324//1568
f 2436//1569 2325//1569 2299//1569
f 2325//1570 2436//1570 2378//1570
f 2436//1571 2437//1571 2378//1571
f 2438//1394 2429//1394 2410//1394
f 2429//1377 2375//1377 2410//1377
f 2429//1572 2438//1572 2408//1572
f 2438//1573 2439//1573 2408//1573
f 2429//1574 2427//1574 2375//1574
f 2427//1575 2428//1575 2375//1575
f 2375//1400 2428//1400 2431//1400
f 2431//1506 2433//1506 2375//1506
f 2433//1576 2397//1576 2375//1576
f 2440//1577 2411//1577 2413//1577
f 2411//1578 2440//1578 2441//1578
f 2440//1579 2442//1579 2441//1579
f 2443//1580 2411//1580 2424//1580
f 2411//1581 2441//1581 2424//1581
f 2411//1582 2443//1582 2404//1582
f 2443//1583 2444//1583 2404//1583
f 2404//1584 2444//1584 2445//1584
f 2446//1585 2414//1585 2404//1585
f 2414//1586 2446//1586 2416//1586
f 2446//1587 2447//1587 2416//1587
f 2448//1588 2446//1588 2404//1588
f 2446//1589 2448//1589 2447//1589
f 2448//1590 2449//1590 2447//1590
f 2445//1591 2448//1591 2404//1591
f 2448//1592 2445//1592 2449//1592
f 2445//1593 2450//1593 2449//1593
f 2445//1594 2444//1594 2450//1594
f 2444//1595 2425//1595 2450//1595
f 2444//1596 2443//1596 2425//1596
f 2443//1597 2424//1597 2425//1597
f 2408//1598 2439//1598 2406//1598
f 2439//1599 2451//1599 2406//1599
f 2406//1600 2451//1600 2452//1600
f 2451//1601 2439//1601 2453//1601
f 2439//1602 2438//1602 2453//1602
f 2452//1603 2451//1603 2454//1603
f 2451//1604 2453//1604 2454//1604
f 2455//1605 2452//1605 2456//1605
f 2452//1606 2454//1606 2456//1606
f 2452//1607 2455//1607 2406//1607
f 2455//1608 2457//1608 2406//1608
f 2406//1609 2457//1609 2412//1609
f 2457//1610 2455//1610 2458//1610
f 2455//1611 2456//1611 2458//1611
f 2412//1612 2457//1612 2459//1612
f 2457//1613 2458//1613 2459//1613
f 2413//1614 2412//1614 2460//1614
f 2412//1615 2459//1615 2460//1615
f 2424//1616 2441//1616 2461//1616
f 2441//1409 2462//1409 2461//1409
f 2461//1617 2462//1617 2463//1617
f 2462//1618 2464//1618 2463//1618
f 2402//1619 2416//1619 2400//1619
f 2416//1620 2447//1620 2400//1620
f 2400//1621 2447//1621 2449//1621
f 2449//1622 2450//1622 2400//1622
f 2450//1623 2425//1623 2400//1623
f 2453//1624 2438//1624 2410//1624
f 2454//1625 2453//1625 2410//1625
f 2456//1626 2454//1626 2410//1626
f 2458//1627 2456//1627 2410//1627
f 2459//1628 2458//1628 2410//1628
f 2460//1629 2459//1629 2410//1629
f 2461//1630 2460//1630 2424//1630
f 2460//1368 2410//1368 2424//1368
f 2460//1631 2461//1631 2413//1631
f 2461//1632 2465//1632 2413//1632
f 2398//1352 2435//1352 2239//1352
f 2435//1633 2315//1633 2239//1633
f 2466//1634 2434//1634 2192//1634
f 2434//1635 2466//1635 2435//1635
f 2466//1636 2315//1636 2435//1636
f 2378//1637 2437//1637 2170//1637
f 2437//1638 2271//1638 2170//1638
f 2467//1639 2466//1639 2192//1639
f 2466//1640 2467//1640 2315//1640
f 2467//1641 2314//1641 2315//1641
f 2468//1642 2436//1642 2299//1642
f 2436//1643 2468//1643 2437//1643
f 2468//1644 2271//1644 2437//1644
f 2296//1645 2467//1645 2192//1645
f 2467//1646 2296//1646 2314//1646
f 2296//1647 2469//1647 2314//1647
f 2470//1648 2468//1648 2299//1648
f 2468//1649 2470//1649 2271//1649
f 2470//1650 2270//1650 2271//1650
f 2314//1651 2469//1651 2471//1651
f 2469//1652 2462//1652 2471//1652
f 2472//1653 2296//1653 2473//1653
f 2296//1654 2474//1654 2473//1654
f 2296//1655 2472//1655 2469//1655
f 2472//1656 2475//1656 2469//1656
f 2308//1657 2470//1657 2299//1657
f 2470//1658 2308//1658 2270//1658
f 2308//1659 2476//1659 2270//1659
f 2270//1660 2476//1660 2477//1660
f 2476//1661 2478//1661 2477//1661
f 2477//1662 2478//1662 2479//1662
f 2413//1663 2465//1663 2480//1663
f 2465//1664 2481//1664 2480//1664
f 2480//1665 2481//1665 2482//1665
f 2469//1666 2475//1666 2462//1666
f 2475//1667 2483//1667 2462//1667
f 2462//1668 2483//1668 2484//1668
f 2485//1669 2472//1669 2480//1669
f 2472//1670 2473//1670 2480//1670
f 2472//1671 2485//1671 2475//1671
f 2485//1672 2483//1672 2475//1672
f 2473//1673 2474//1673 2486//1673
f 2474//1674 2487//1674 2486//1674
f 2480//1675 2473//1675 2471//1675
f 2473//1676 2486//1676 2471//1676
f 2298//1677 2297//1677 2488//1677
f 2297//1678 2313//1678 2488//1678
f 2474//1679 2298//1679 2487//1679
f 2298//1680 2488//1680 2487//1680
f 2298//1681 2474//1681 2296//1681
f 2489//1682 2308//1682 2490//1682
f 2308//1683 2491//1683 2490//1683
f 2308//1684 2489//1684 2476//1684
f 2489//1685 2478//1685 2476//1685
f 2480//1221 2477//1221 2440//1221
f 2477//1686 2492//1686 2440//1686
f 2477//1687 2480//1687 2490//1687
f 2480//1687 2462//1687 2490//1687
f 2493//1688 2477//1688 2490//1688
f 2477//1689 2493//1689 2270//1689
f 2493//1690 2494//1690 2270//1690
f 2270//1691 2494//1691 2495//1691
f 2496//1692 2269//1692 2270//1692
f 2269//1693 2496//1693 2273//1693
f 2496//1694 2309//1694 2273//1694
f 2495//1695 2496//1695 2270//1695
f 2496//1696 2495//1696 2309//1696
f 2495//1697 2497//1697 2309//1697
f 2495//1698 2494//1698 2497//1698
f 2494//1699 2491//1699 2497//1699
f 2494//1700 2493//1700 2491//1700
f 2493//1701 2490//1701 2491//1701
f 2440//1702 2492//1702 2442//1702
f 2492//1703 2498//1703 2442//1703
f 2441//1704 2442//1704 2490//1704
f 2442//1705 2498//1705 2490//1705
f 2490//1706 2498//1706 2499//1706
f 2461//1707 2463//1707 2465//1707
f 2463//1708 2481//1708 2465//1708
f 2500//1709 2485//1709 2480//1709
f 2485//1710 2500//1710 2483//1710
f 2500//1711 2484//1711 2483//1711
f 2501//1712 2489//1712 2490//1712
f 2489//1713 2501//1713 2478//1713
f 2501//1714 2479//1714 2478//1714
f 2502//1715 2492//1715 2477//1715
f 2492//1716 2502//1716 2498//1716
f 2502//1717 2499//1717 2498//1717
f 2463//1718 2464//1718 2481//1718
f 2464//1719 2482//1719 2481//1719
f 2482//1720 2500//1720 2480//1720
f 2500//1721 2482//1721 2484//1721
f 2482//1722 2464//1722 2484//1722
f 2503//1723 2479//1723 2504//1723
f 2479//1724 2501//1724 2504//1724
f 2479//1725 2503//1725 2477//1725
f 2503//1726 2502//1726 2477//1726
f 2504//1727 2501//1727 2490//1727
f 2502//1728 2503//1728 2499//1728
f 2503//1729 2504//1729 2499//1729
f 2484//1730 2464//1730 2462//1730
f 2499//1731 2504//1731 2490//1731
f 2471//1732 2462//1732 2480//1732
f 2471//1733 2486//1733 2314//1733
f 2486//1734 2487//1734 2314//1734
f 2314//1735 2487//1735 2488//1735
f 2488//1736 2313//1736 2314//1736
f 2490//1368 2462//1368 2441//1368
f 2309//1737 2497//1737 2308//1737
f 2497//1738 2491//1738 2308//1738
f 1185//714 2505//714 1085//714
f 2505//1739 2506//1739 1085//1739
f 1085//661 2506//661 1247//661
f 2505//75 1185//75 2507//75
f 1185//75 1184//75 2507//75
f 2506//1740 2505//1740 2507//1740
f 1247//75 2506//75 2507//75
f 1246//1741 1247//1741 2507//1741
f 1245//1742 1246//1742 2507//1742
f 2507//39 1184//39 1150//39
f 1184//39 1169//39 1150//39
f 1244//75 1245//75 2508//75
f 1245//75 2507//75 2508//75
f 1248//1743 1244//1743 2508//1743
f 1251//75 1248//75 2509//75
f 1248//75 2508//75 2509//75
f 1249//75 1251//75 2509//75
f 1252//364 1249//364 2509//364
f 2510//1744 1252//1744 2511//1744
f 1252//426 2509//426 2511//426
f 1252//1745 2510//1745 1250//1745
f 2510//729 1362//729 1250//729
f 1250//729 1362//729 1255//729
f 1362//1746 1257//1746 1255//1746
f 2512//1747 2510//1747 2511//1747
f 2510//1748 2512//1748 1362//1748
f 2512//66 1353//66 1362//66
f 2513//75 2512//75 2511//75
f 2512//66 2513//66 1353//66
f 2513//1749 2514//1749 1353//1749
f 1353//66 2514//66 1364//66
f 2514//75 2513//75 2511//75
f 1364//75 2514//75 2511//75
f 1363//75 1364//75 2515//75
f 1364//75 2511//75 2515//75
f 1366//75 1363//75 2515//75
f 1363//1750 1366//1750 1351//1750
f 1365//75 1366//75 2515//75
f 1390//364 1365//364 2515//364
f 2516//75 1390//75 2517//75
f 1390//75 2515//75 2517//75
f 1390//1751 2516//1751 1338//1751
f 2516//1752 1393//1752 1338//1752
f 1393//1753 2516//1753 2517//1753
f 1392//75 1393//75 2517//75
f 1391//131 1392//131 2518//131
f 1392//426 2517//426 2518//426
f 1394//75 1391//75 2518//75
f 2519//814 1397//814 1338//814
f 1397//75 2519//75 2520//75
f 2519//75 2521//75 2520//75
f 2520//75 2521//75 2522//75
f 2521//75 2523//75 2522//75
f 2522//75 2523//75 2524//75
f 1396//75 1397//75 2520//75
f 2525//75 1396//75 2526//75
f 1396//75 2520//75 2526//75
f 1396//813 2525//813 1395//813
f 2525//1754 2527//1754 1395//1754
f 1395//814 2527//814 2528//814
f 1394//1755 2524//1755 1338//1755
f 2524//819 2523//819 1338//819
f 1338//1756 2523//1756 2521//1756
f 2524//75 1394//75 2518//75
f 2521//1757 2519//1757 1338//1757
f 2528//75 2527//75 2526//75
f 2527//75 2525//75 2526//75
f 2529//75 2528//75 2530//75
f 2528//75 2526//75 2530//75
f 2528//1758 2529//1758 1395//1758
f 2529//1759 1403//1759 1395//1759
f 1403//75 2529//75 2530//75
f 1402//75 1403//75 2531//75
f 1403//75 2530//75 2531//75
f 1401//75 1402//75 2531//75
f 1404//75 1401//75 2531//75
f 1404//1760 2532//1760 1395//1760
f 2532//1761 1406//1761 1395//1761
f 2532//172 1404//172 2533//172
f 1404//75 2531//75 2533//75
f 1406//75 2532//75 2533//75
f 1405//131 1406//131 2533//131
f 1359//75 1405//75 2534//75
f 1405//75 2533//75 2534//75
f 1361//75 1359//75 2534//75
f 1359//1762 1361//1762 1352//1762
f 1360//75 1361//75 2534//75
f 2535//75 1360//75 2534//75
f 1360//1763 2535//1763 1354//1763
f 2535//66 2536//66 1354//66
f 1354//1764 2536//1764 2537//1764
f 2536//75 2535//75 2538//75
f 2535//75 2534//75 2538//75
f 2537//75 2536//75 2538//75
f 2537//1765 1757//1765 1354//1765
f 1757//66 1269//66 1354//66
f 1757//75 2537//75 2538//75
f 1756//1232 1757//1232 2538//1232
f 1755//218 1756//218 2539//218
f 1756//75 2538//75 2539//75
f 1754//75 1755//75 2539//75
f 1758//1232 1754//1232 2539//1232
f 1761//75 1758//75 2540//75
f 1758//75 2539//75 2540//75
f 1759//75 1761//75 2540//75
f 1762//852 1759//852 2540//852
f 2541//1766 2542//1766 1760//1766
f 2542//1767 2543//1767 1760//1767
f 1760//1768 2543//1768 2544//1768
f 2542//75 2541//75 1695//75
f 2541//75 1762//75 1695//75
f 1695//75 1762//75 2540//75
f 2543//75 2542//75 1695//75
f 2544//1769 2543//1769 1695//1769
f 1762//1770 2541//1770 1760//1770
f 2545//75 2544//75 1695//75
f 2544//1771 2545//1771 1715//1771
f 2545//40 1708//40 1715//40
f 2545//40 1695//40 1693//40
f 1794//1772 1686//1772 1694//1772
f 1091//1773 1092//1773 2546//1773
f 1092//1774 2547//1774 2546//1774
f 2546//1775 2547//1775 2548//1775
f 2547//1776 2549//1776 2548//1776
f 1743//1772 1744//1772 1694//1772
f 1744//1772 2550//1772 1694//1772
f 1694//1777 2550//1777 1794//1777
f 1732//1778 1743//1778 2551//1778
f 1743//1772 1694//1772 2551//1772
f 2551//1779 1694//1779 2552//1779
f 1694//1780 2553//1780 2552//1780
f 1743//1781 1732//1781 1730//1781
f 1732//974 2551//974 1731//974
f 2551//976 2554//976 1731//976
f 1731//24 2554//24 1674//24
f 2554//24 1678//24 1674//24
f 2550//1782 1744//1782 1687//1782
f 1678//1783 2554//1783 2555//1783
f 2554//974 2551//974 2555//974
f 2555//1784 2551//1784 2556//1784
f 2551//1785 2552//1785 2556//1785
f 1678//1786 2555//1786 1677//1786
f 2555//1787 2557//1787 1677//1787
f 1677//24 2557//24 1672//24
f 2557//1788 1673//1788 1672//1788
f 1673//1789 2557//1789 2558//1789
f 2557//1786 2555//1786 2558//1786
f 2558//1790 2555//1790 2559//1790
f 2555//1791 2556//1791 2559//1791
f 1671//41 1673//41 2558//41
f 1670//41 1671//41 2558//41
f 2560//41 1670//41 2561//41
f 1670//41 2558//41 2561//41
f 2561//41 2558//41 2562//41
f 2558//1792 2563//1792 2562//1792
f 2562//1793 2563//1793 2564//1793
f 1670//1794 2560//1794 1349//1794
f 2560//1795 1669//1795 1349//1795
f 1669//41 2560//41 2561//41
f 1385//41 1669//41 2561//41
f 1385//75 2561//75 1384//75
f 2561//75 2565//75 1384//75
f 1384//218 2565//218 2566//218
f 2565//75 1388//75 2566//75
f 1384//1796 2566//1796 1372//1796
f 2566//1797 1388//1797 1372//1797
f 1387//75 1388//75 2565//75
f 1386//75 1387//75 2567//75
f 1387//173 2565//173 2567//173
f 1389//75 1386//75 2567//75
f 1794//24 2550//24 1687//24
f 2568//1039 2569//1039 1372//1039
f 2569//1798 2570//1798 1372//1798
f 1372//1799 2570//1799 2571//1799
f 2569//75 2568//75 2572//75
f 2568//75 2573//75 2572//75
f 2572//75 2573//75 2567//75
f 2573//75 1389//75 2567//75
f 2570//75 2569//75 2574//75
f 2569//131 2572//131 2574//131
f 2571//75 2570//75 2574//75
f 1374//75 2571//75 2574//75
f 2571//799 1374//799 1372//799
f 1389//1800 2573//1800 1372//1800
f 2573//1801 2568//1801 1372//1801
f 1373//75 1374//75 2575//75
f 1374//75 2574//75 2575//75
f 2576//75 1373//75 2575//75
f 1373//1802 2576//1802 1367//1802
f 2576//800 2577//800 1367//800
f 1367//1803 2577//1803 2578//1803
f 2578//75 2577//75 2579//75
f 2577//218 2575//218 2579//218
f 1377//75 2578//75 2579//75
f 2578//800 1377//800 1367//800
f 1376//75 1377//75 2580//75
f 1377//75 2579//75 2580//75
f 2577//75 2576//75 2575//75
f 1375//75 1376//75 2580//75
f 1378//131 1375//131 2580//131
f 1378//1804 2581//1804 1367//1804
f 2581//1805 1368//1805 1367//1805
f 2581//75 1378//75 2582//75
f 1378//173 2580//173 2582//173
f 1368//75 2581//75 2582//75
f 1347//364 1368//364 2582//364
f 1346//75 1347//75 2583//75
f 1347//217 2582//217 2583//217
f 1346//41 2583//41 2584//41
f 2583//1806 1304//1806 2584//1806
f 1346//1807 2584//1807 1302//1807
f 2584//1808 1304//1808 1302//1808
f 1295//41 1304//41 2583//41
f 1294//41 1295//41 2562//41
f 1295//41 2583//41 2562//41
f 2562//41 2583//41 2561//41
f 2583//41 2585//41 2561//41
f 2561//41 2585//41 2586//41
f 1236//41 1294//41 2562//41
f 1294//24 1236//24 1234//24
f 1235//1809 1236//1809 2562//1809
f 2587//1810 1235//1810 2562//1810
f 1235//24 2587//24 1117//24
f 2587//24 2588//24 1117//24
f 1117//1811 2588//1811 1119//1811
f 2588//1812 2587//1812 2589//1812
f 2587//1810 2562//1810 2589//1810
f 2589//1813 2562//1813 2564//1813
f 2588//1262 2589//1262 1119//1262
f 2589//671 1118//671 1119//671
f 1090//1814 1118//1814 2547//1814
f 1118//671 2589//671 2547//671
f 2547//1815 2589//1815 2549//1815
f 2589//1816 2564//1816 2549//1816
f 1118//1817 1090//1817 1072//1817
f 1090//1774 2547//1774 1089//1774
f 2547//1818 2590//1818 1089//1818
f 1089//24 2590//24 1073//24
f 2590//1819 2591//1819 1073//1819
f 1073//1820 2591//1820 1093//1820
f 1093//1774 2591//1774 2547//1774
f 2591//1774 2590//1774 2547//1774
f 1092//1821 1093//1821 2547//1821
f 2592//40 2593//40 1012//40
f 2593//40 1011//40 1012//40
f 2593//41 2592//41 2594//41
f 2592//41 2595//41 2594//41
f 2596//41 2593//41 2597//41
f 2593//44 2598//44 2597//44
f 2593//75 2596//75 2599//75
f 2596//75 2600//75 2599//75
f 2599//1822 2600//1822 2601//1822
f 2600//1823 2602//1823 2601//1823
f 1011//75 2593//75 2603//75
f 2593//75 2604//75 2603//75
f 2603//1824 2604//1824 2605//1824
f 2604//1825 2606//1825 2605//1825
f 1012//24 1019//24 2592//24
f 1019//24 2607//24 2592//24
f 2592//50 2607//50 2608//50
f 1018//66 1019//66 63//66
f 1019//1826 1018//1826 81//1826
f 990//75 1011//75 989//75
f 1011//75 2609//75 989//75
f 989//1827 2609//1827 2610//1827
f 2609//1828 2611//1828 2610//1828
f 2594//40 2595//40 2612//40
f 2595//40 2613//40 2612//40
f 2598//609 2594//609 2614//609
f 2594//40 2615//40 2614//40
f 2614//40 2615//40 2616//40
f 2594//41 2598//41 2593//41
f 2617//41 2595//41 2592//41
f 2595//608 2617//608 2618//608
f 2608//41 2617//41 2592//41
f 2617//607 2608//607 2619//607
f 2618//1 2617//1 2619//1
f 2608//1829 2607//1829 2620//1829
f 2607//24 2621//24 2620//24
f 2620//24 2621//24 2622//24
f 2621//1830 2623//1830 2622//1830
f 2619//1826 2608//1826 2620//1826
f 2624//1831 2598//1831 2614//1831
f 2598//1832 2624//1832 2597//1832
f 2624//28 2625//28 2597//28
f 2597//610 2625//610 2596//610
f 2625//610 2626//610 2596//610
f 2596//75 2626//75 2627//75
f 2628//945 2629//945 2630//945
f 2629//28 2553//28 2630//28
f 2629//1833 2628//1833 2603//1833
f 2628//610 2631//610 2603//610
f 2603//75 2631//75 1011//75
f 2631//75 2609//75 1011//75
f 2605//1834 2629//1834 2603//1834
f 2629//1835 2605//1835 2552//1835
f 2605//1836 2556//1836 2552//1836
f 2630//1831 2553//1831 1696//1831
f 2553//1831 1694//1831 1696//1831
f 1698//1837 2630//1837 1696//1837
f 2630//1838 1698//1838 2611//1838
f 1698//1839 2610//1839 2611//1839
f 2611//1840 2628//1840 2630//1840
f 2628//1841 2611//1841 2631//1841
f 2611//1842 2609//1842 2631//1842
f 2605//1836 2606//1836 2556//1836
f 2606//1843 2559//1843 2556//1843
f 2552//1844 2553//1844 2629//1844
f 1698//1839 1699//1839 2610//1839
f 1699//1845 2632//1845 2610//1845
f 2610//1846 2632//1846 989//1846
f 2632//1847 987//1847 989//1847
f 2601//1848 2606//1848 2599//1848
f 2606//1849 2604//1849 2599//1849
f 2599//75 2604//75 2593//75
f 2606//1850 2601//1850 2559//1850
f 2601//1851 2633//1851 2559//1851
f 2634//1852 1699//1852 2635//1852
f 1699//1853 1697//1853 2635//1853
f 2635//931 1697//931 2540//931
f 1699//1854 2634//1854 2632//1854
f 2634//1855 2636//1855 2632//1855
f 2632//1856 2636//1856 987//1856
f 2636//1857 2637//1857 987//1857
f 987//1857 2637//1857 985//1857
f 2637//1858 2638//1858 985//1858
f 985//1859 2638//1859 1040//1859
f 2638//1860 2639//1860 1040//1860
f 1040//1861 2639//1861 2640//1861
f 2639//1862 2641//1862 2640//1862
f 2640//1863 2641//1863 2642//1863
f 2641//1864 2643//1864 2642//1864
f 2642//1865 2643//1865 2644//1865
f 2559//1866 2633//1866 2558//1866
f 2633//1867 2563//1867 2558//1867
f 2601//1868 2602//1868 2633//1868
f 2602//1161 2645//1161 2633//1161
f 2633//73 2645//73 2563//73
f 2645//1869 2564//1869 2563//1869
f 1695//967 2540//967 1697//967
f 2540//931 2539//931 2635//931
f 2539//1870 2538//1870 2646//1870
f 2538//66 2534//66 2646//66
f 2646//66 2534//66 2515//66
f 2534//66 2647//66 2515//66
f 2515//66 2647//66 2648//66
f 2635//1870 2539//1870 2646//1870
f 2649//1871 2634//1871 2646//1871
f 2634//1872 2635//1872 2646//1872
f 2634//1873 2649//1873 2636//1873
f 2649//107 2650//107 2636//107
f 2636//107 2650//107 2637//107
f 2650//1874 2638//1874 2637//1874
f 2645//1875 2602//1875 2651//1875
f 2602//1875 2600//1875 2651//1875
f 2651//75 2600//75 2652//75
f 2600//75 2653//75 2652//75
f 2650//1876 2649//1876 2654//1876
f 2649//1876 2646//1876 2654//1876
f 2654//66 2646//66 2515//66
f 1017//1877 1016//1877 84//1877
f 1016//40 2655//40 84//40
f 84//40 2655//40 2656//40
f 1016//40 1015//40 2657//40
f 1015//40 1025//40 2657//40
f 2657//40 2658//40 1016//40
f 2658//40 2655//40 1016//40
f 2658//1878 2657//1878 2659//1878
f 2657//107 2660//107 2659//107
f 2655//289 2658//289 2659//289
f 2661//1879 2655//1879 2659//1879
f 2655//290 2661//290 2656//290
f 2661//1880 2662//1880 2656//1880
f 2657//1881 1025//1881 2660//1881
f 1025//112 2663//112 2660//112
f 1015//1831 1014//1831 87//1831
f 2618//1877 2664//1877 2595//1877
f 2664//40 2665//40 2595//40
f 2595//40 2665//40 2613//40
f 2664//41 2618//41 2620//41
f 2618//202 2619//202 2620//202
f 2614//41 2664//41 2627//41
f 2664//41 2622//41 2627//41
f 2627//41 2622//41 2666//41
f 2622//41 2667//41 2666//41
f 2666//41 2667//41 2668//41
f 2664//40 2614//40 2669//40
f 2614//40 2670//40 2669//40
f 2671//40 2665//40 2664//40
f 2665//283 2671//283 2672//283
f 2673//283 2665//283 2672//283
f 2665//1882 2673//1882 2613//1882
f 2673//1882 2674//1882 2613//1882
f 2613//73 2674//73 2675//73
f 2612//841 2613//841 2675//841
f 2612//74 2675//74 2676//74
f 2677//1883 2612//1883 2676//1883
f 2612//40 2677//40 2594//40
f 2677//40 2615//40 2594//40
f 2669//40 2671//40 2664//40
f 2671//668 2669//668 2678//668
f 2672//925 2671//925 2678//925
f 2669//66 2670//66 2679//66
f 2678//66 2669//66 2679//66
f 2624//41 2614//41 2626//41
f 2614//41 2627//41 2626//41
f 2680//41 2627//41 2681//41
f 2627//1884 2666//1884 2681//1884
f 2627//1885 2680//1885 2682//1885
f 2680//613 2681//613 2682//613
f 2682//1886 2681//1886 2683//1886
f 2681//1887 2684//1887 2683//1887
f 2620//41 2622//41 2664//41
f 2622//41 2623//41 2685//41
f 2661//40 2659//40 2662//40
f 2659//40 2686//40 2662//40
f 2656//1888 2662//1888 1023//1888
f 2662//1889 2686//1889 1023//1889
f 2656//40 1023//40 84//40
f 2659//40 2660//40 2663//40
f 2672//40 2678//40 2674//40
f 2678//40 2676//40 2674//40
f 2674//40 2676//40 2675//40
f 2673//40 2672//40 2674//40
f 1023//41 2686//41 1022//41
f 2686//41 2687//41 1022//41
f 2678//40 2679//40 2676//40
f 2679//40 2688//40 2676//40
f 2676//40 2688//40 2689//40
f 2687//40 2686//40 2663//40
f 2686//40 2659//40 2663//40
f 1022//1890 2687//1890 2690//1890
f 2687//1891 2691//1891 2690//1891
f 1022//40 2690//40 85//40
f 2690//40 1024//40 85//40
f 2616//40 2670//40 2614//40
f 2670//927 2616//927 2688//927
f 2679//1892 2670//1892 2688//1892
f 1025//1136 1024//1136 2692//1136
f 2615//690 2677//690 2676//690
f 2676//690 2689//690 2615//690
f 2691//40 2687//40 2663//40
f 2690//1893 2691//1893 1024//1893
f 2691//303 2692//303 1024//303
f 2616//302 2615//302 2689//302
f 2688//302 2616//302 2689//302
f 2692//40 2691//40 2663//40
f 2692//301 2663//301 1025//301
f 2625//1894 2624//1894 2626//1894
f 2693//1895 2650//1895 2654//1895
f 2650//1896 2693//1896 2638//1896
f 2693//1897 2639//1897 2638//1897
f 2694//1898 2645//1898 2651//1898
f 2645//1899 2694//1899 2564//1899
f 2694//1900 2549//1900 2564//1900
f 2534//40 2533//40 2695//40
f 2533//40 2696//40 2695//40
f 2697//40 2534//40 2698//40
f 2534//40 2699//40 2698//40
f 2534//66 2697//66 2700//66
f 1021//1901 105//1901 1004//1901
f 1004//1830 1003//1830 1021//1830
f 1003//24 1019//24 1021//24
f 1003//24 1002//24 2621//24
f 1002//24 2701//24 2621//24
f 2621//1902 2701//1902 2702//1902
f 2701//1903 2703//1903 2702//1903
f 2702//1904 2703//1904 2704//1904
f 2703//1905 2705//1905 2704//1905
f 2704//41 2705//41 2706//41
f 2705//41 2707//41 2706//41
f 2706//41 2707//41 2708//41
f 2707//1906 2709//1906 2708//1906
f 2708//41 2709//41 2710//41
f 2709//41 2711//41 2710//41
f 2710//41 2711//41 2712//41
f 2711//41 2713//41 2712//41
f 2712//41 2713//41 2714//41
f 2713//41 2715//41 2714//41
f 2714//43 2715//43 2684//43
f 2715//41 2716//41 2684//41
f 2684//1907 2716//1907 2683//1907
f 2716//1908 2717//1908 2683//1908
f 2683//41 2717//41 2682//41
f 2717//41 2718//41 2682//41
f 2682//41 2718//41 2653//41
f 2718//41 2652//41 2653//41
f 2621//1830 2702//1830 2623//1830
f 2702//621 2704//621 2623//621
f 2623//622 2704//622 2685//622
f 2704//1909 2667//1909 2685//1909
f 986//66 5//66 983//66
f 986//1885 983//1885 91//1885
f 1013//610 988//610 89//610
f 2682//611 2653//611 2627//611
f 2653//75 2596//75 2627//75
f 2533//1772 2531//1772 2719//1772
f 2695//1910 2696//1910 2720//1910
f 2696//1878 2721//1878 2720//1878
f 2720//1208 2721//1208 2722//1208
f 2723//1910 2695//1910 2720//1910
f 2695//743 2723//743 2699//743
f 2723//743 2724//743 2699//743
f 2695//40 2699//40 2534//40
f 2699//1911 2724//1911 2698//1911
f 2724//1889 2725//1889 2698//1889
f 2698//41 2725//41 2726//41
f 2725//41 2727//41 2726//41
f 2698//40 2726//40 2697//40
f 2726//40 2728//40 2697//40
f 2697//40 2728//40 2729//40
f 2700//609 2697//609 2730//609
f 2697//40 2729//40 2730//40
f 2730//40 2729//40 2731//40
f 2732//1831 2700//1831 2730//1831
f 2700//28 2732//28 2733//28
f 2732//28 2734//28 2733//28
f 2700//66 2733//66 2534//66
f 2733//66 2735//66 2534//66
f 2534//66 2735//66 2647//66
f 2733//610 2734//610 2735//610
f 2734//610 2736//610 2735//610
f 2735//75 2736//75 2737//75
f 2736//1912 2738//1912 2737//1912
f 2737//1913 2738//1913 2739//1913
f 2647//75 2735//75 2737//75
f 2648//637 2647//637 2737//637
f 2740//66 2515//66 2741//66
f 2515//66 2648//66 2741//66
f 2515//39 2740//39 2742//39
f 2740//39 2743//39 2742//39
f 2517//39 2515//39 2744//39
f 2515//39 2745//39 2744//39
f 2515//66 2511//66 2654//66
f 2511//1914 2746//1914 2654//1914
f 2654//1915 2746//1915 2693//1915
f 2746//1916 2747//1916 2693//1916
f 2721//40 2696//40 2533//40
f 2731//40 2721//40 2730//40
f 2721//40 2533//40 2730//40
f 2730//1772 2533//1772 2719//1772
f 2721//1881 2731//1881 2722//1881
f 2731//754 2748//754 2722//754
f 2719//974 2531//974 2749//974
f 2531//974 2530//974 2749//974
f 2750//1917 2719//1917 2749//1917
f 2719//1918 2750//1918 2730//1918
f 2750//1919 2751//1919 2730//1919
f 2730//1920 2751//1920 2732//1920
f 2565//40 2561//40 2752//40
f 2561//40 2753//40 2752//40
f 2754//41 2561//41 2755//41
f 2561//41 2586//41 2755//41
f 2561//40 2754//40 2756//40
f 2754//40 2757//40 2756//40
f 2752//1921 2753//1921 2758//1921
f 2759//283 2752//283 2758//283
f 2752//284 2759//284 2760//284
f 2759//285 2761//285 2760//285
f 2760//73 2761//73 2762//73
f 2752//40 2760//40 2565//40
f 2760//40 2763//40 2565//40
f 2565//40 2763//40 2764//40
f 2763//40 2765//40 2764//40
f 2764//40 2765//40 2766//40
f 2567//967 2565//967 2764//967
f 2763//73 2760//73 2762//73
f 2763//74 2762//74 2767//74
f 2765//74 2763//74 2767//74
f 2768//967 2567//967 2764//967
f 2567//931 2768//931 2572//931
f 2768//931 2769//931 2572//931
f 2756//40 2753//40 2561//40
f 2753//925 2756//925 2770//925
f 2758//669 2753//669 2770//669
f 2756//66 2757//66 2771//66
f 2770//66 2756//66 2771//66
f 2754//1831 2755//1831 2772//1831
f 2755//28 2586//28 2773//28
f 2772//28 2755//28 2773//28
f 2586//610 2585//610 2774//610
f 2585//75 2775//75 2774//75
f 2774//75 2775//75 2776//75
f 2775//637 2777//637 2776//637
f 2776//1922 2777//1922 2778//1922
f 2773//610 2586//610 2774//610
f 2775//41 2585//41 2583//41
f 2583//39 2582//39 2779//39
f 2582//39 2780//39 2779//39
f 2781//39 2583//39 2782//39
f 2583//39 2783//39 2782//39
f 2583//41 2781//41 2784//41
f 2723//40 2720//40 2724//40
f 2720//40 2725//40 2724//40
f 2720//40 2722//40 2748//40
f 2758//40 2770//40 2761//40
f 2770//40 2767//40 2761//40
f 2761//40 2767//40 2762//40
f 2759//40 2758//40 2761//40
f 2770//40 2771//40 2767//40
f 2771//40 2785//40 2767//40
f 2767//40 2785//40 2786//40
f 2726//1890 2727//1890 2728//1890
f 2727//1923 2787//1923 2728//1923
f 2727//40 2725//40 2748//40
f 2725//40 2720//40 2748//40
f 2788//40 2757//40 2754//40
f 2757//874 2788//874 2785//874
f 2771//927 2757//927 2785//927
f 2731//1924 2729//1924 2789//1924
f 2766//299 2765//299 2767//299
f 2767//300 2786//300 2766//300
f 2728//880 2787//880 2729//880
f 2787//880 2789//880 2729//880
f 2787//40 2727//40 2748//40
f 2766//40 2788//40 2754//40
f 2788//302 2766//302 2786//302
f 2785//1925 2788//1925 2786//1925
f 2789//40 2787//40 2748//40
f 2789//1924 2748//1924 2731//1924
f 2790//1926 2772//1926 2773//1926
f 2772//1927 2790//1927 2764//1927
f 2790//1928 2768//1928 2764//1928
f 2749//1786 2530//1786 2791//1786
f 2530//1787 2526//1787 2791//1787
f 2791//41 2526//41 2520//41
f 2792//1929 2749//1929 2791//1929
f 2749//1930 2792//1930 2750//1930
f 2768//1931 2790//1931 2793//1931
f 2572//1870 2769//1870 2574//1870
f 2769//1870 2794//1870 2574//1870
f 2574//66 2794//66 2795//66
f 2794//1876 2796//1876 2795//1876
f 2795//1932 2796//1932 2797//1932
f 2750//1933 2792//1933 2751//1933
f 2792//1934 2798//1934 2751//1934
f 2799//1935 2790//1935 2773//1935
f 2790//1936 2799//1936 2800//1936
f 2793//1937 2790//1937 2800//1937
f 2793//1938 2800//1938 2794//1938
f 2800//1939 2801//1939 2794//1939
f 2794//1876 2801//1876 2796//1876
f 2769//1940 2793//1940 2794//1940
f 2793//1941 2769//1941 2768//1941
f 2732//1942 2751//1942 2734//1942
f 2751//1943 2798//1943 2734//1943
f 2734//1944 2798//1944 2736//1944
f 2798//1945 2802//1945 2736//1945
f 2736//1912 2802//1912 2738//1912
f 2799//1946 2773//1946 2774//1946
f 2803//1947 2792//1947 2791//1947
f 2792//1948 2803//1948 2802//1948
f 2803//1161 2804//1161 2802//1161
f 2802//1161 2804//1161 2738//1161
f 2804//1949 2739//1949 2738//1949
f 2798//1950 2792//1950 2802//1950
f 2800//1951 2799//1951 2805//1951
f 2801//1952 2800//1952 2805//1952
f 2805//1953 2799//1953 2774//1953
f 2575//66 2574//66 2795//66
f 2804//1954 2803//1954 2806//1954
f 2803//1792 2791//1792 2806//1792
f 2806//41 2791//41 2520//41
f 2807//1955 2805//1955 2776//1955
f 2805//1955 2774//1955 2776//1955
f 2805//1208 2807//1208 2801//1208
f 2807//1878 2796//1878 2801//1878
f 2520//1956 2522//1956 2808//1956
f 2579//1914 2575//1914 2795//1914
f 2809//1957 2804//1957 2806//1957
f 2804//1958 2809//1958 2739//1958
f 2810//1959 2807//1959 2776//1959
f 2807//1960 2810//1960 2796//1960
f 2810//1961 2797//1961 2796//1961
f 2811//41 2775//41 2583//41
f 2775//637 2811//637 2777//637
f 1002//1962 1001//1962 115//1962
f 2703//1962 2701//1962 2812//1962
f 2701//24 2813//24 2812//24
f 2812//24 2813//24 2814//24
f 2813//1963 2815//1963 2814//1963
f 2816//41 2666//41 2668//41
f 2666//18 2816//18 2684//18
f 2816//18 2714//18 2684//18
f 2681//1887 2666//1887 2684//1887
f 2685//1964 2667//1964 2622//1964
f 2668//7 2667//7 2708//7
f 2667//7 2706//7 2708//7
f 2718//1965 2717//1965 2817//1965
f 2717//634 2818//634 2817//634
f 2652//636 2718//636 2817//636
f 2704//1909 2706//1909 2667//1909
f 2705//625 2703//625 2819//625
f 2703//626 2820//626 2819//626
f 2717//1966 2716//1966 2821//1966
f 2716//28 2715//28 2821//28
f 2821//28 2715//28 2822//28
f 2715//1967 2823//1967 2822//1967
f 2707//1968 2705//1968 2819//1968
f 2708//618 2710//618 2824//618
f 2709//1 2707//1 2825//1
f 2707//1 2826//1 2825//1
f 2824//1969 2668//1969 2708//1969
f 2668//41 2824//41 2816//41
f 2824//41 2827//41 2816//41
f 2816//1970 2827//1970 2712//1970
f 2712//1971 2714//1971 2816//1971
f 2715//1972 2713//1972 2823//1972
f 2824//39 2710//39 2827//39
f 2710//39 2712//39 2827//39
f 2711//1973 2709//1973 2825//1973
f 2713//40 2711//40 2828//40
f 2823//40 2713//40 2828//40
f 2828//1974 2711//1974 2825//1974
f 2828//41 2825//41 2822//41
f 2825//41 2821//41 2822//41
f 2823//41 2828//41 2822//41
f 2825//41 2826//41 2821//41
f 2826//41 2812//41 2821//41
f 2821//41 2812//41 2829//41
f 2812//41 2830//41 2829//41
f 2829//41 2830//41 2831//41
f 2832//39 2833//39 2834//39
f 2833//287 2832//287 2835//287
f 2832//107 2836//107 2835//107
f 2835//1208 2836//1208 2837//1208
f 2744//1910 2833//1910 2835//1910
f 2833//743 2744//743 2834//743
f 2744//743 2745//743 2834//743
f 2834//1911 2745//1911 2838//1911
f 2745//1889 2742//1889 2838//1889
f 2834//39 2838//39 2832//39
f 2838//39 2839//39 2832//39
f 2832//39 2839//39 2836//39
f 2744//39 2835//39 2517//39
f 2835//39 2837//39 2517//39
f 2517//39 2837//39 2840//39
f 2837//39 2841//39 2840//39
f 2840//39 2841//39 2842//39
f 2843//39 2844//39 2845//39
f 2844//39 2846//39 2845//39
f 2844//925 2843//925 2782//925
f 2783//925 2844//925 2782//925
f 2844//742 2783//742 2846//742
f 2783//742 2779//742 2846//742
f 2846//284 2779//284 2845//284
f 2779//285 2780//285 2845//285
f 2845//1161 2780//1161 2847//1161
f 2848//841 2845//841 2847//841
f 2845//39 2848//39 2849//39
f 2779//39 2783//39 2583//39
f 2838//41 2742//41 2850//41
f 2742//41 2743//41 2850//41
f 2838//39 2850//39 2839//39
f 2850//39 2851//39 2839//39
f 2839//39 2851//39 2852//39
f 2742//39 2745//39 2515//39
f 2853//39 2843//39 2849//39
f 2843//39 2845//39 2849//39
f 2843//66 2853//66 2854//66
f 2782//66 2843//66 2854//66
f 2782//39 2854//39 2781//39
f 2854//39 2855//39 2781//39
f 2781//39 2855//39 2856//39
f 2839//1924 2852//1924 2842//1924
f 2836//1881 2839//1881 2837//1881
f 2839//112 2841//112 2837//112
f 2849//1883 2848//1883 2857//1883
f 2848//845 2847//845 2857//845
f 2858//299 2849//299 2857//299
f 2849//39 2858//39 2859//39
f 2847//39 2780//39 2582//39
f 2857//39 2847//39 2860//39
f 2847//39 2582//39 2860//39
f 2860//1975 2582//1975 2861//1975
f 2582//1975 2580//1975 2861//1975
f 2850//1890 2743//1890 2851//1890
f 2743//1923 2862//1923 2851//1923
f 2859//39 2853//39 2849//39
f 2853//927 2859//927 2855//927
f 2854//927 2853//927 2855//927
f 2856//39 2857//39 2860//39
f 2857//300 2856//300 2858//300
f 2851//880 2862//880 2852//880
f 2862//880 2842//880 2852//880
f 2862//39 2743//39 2740//39
f 2859//1172 2858//1172 2856//1172
f 2855//1172 2859//1172 2856//1172
f 2842//39 2862//39 2740//39
f 2842//304 2841//304 2839//304
f 2818//41 2821//41 2829//41
f 2821//1966 2818//1966 2717//1966
f 2819//1968 2826//1968 2707//1968
f 2826//41 2819//41 2812//41
f 2819//1976 2820//1976 2812//1976
f 2812//1962 2820//1962 2703//1962
f 2812//41 2814//41 2830//41
f 2814//839 2863//839 2830//839
f 2817//41 2818//41 2829//41
f 2864//41 2829//41 2831//41
f 2829//75 2864//75 2652//75
f 2864//75 2865//75 2652//75
f 2652//75 2865//75 2651//75
f 2865//75 2866//75 2651//75
f 2651//1977 2866//1977 2694//1977
f 2866//1978 2867//1978 2694//1978
f 2817//1979 2829//1979 2652//1979
f 2868//39 2869//39 2870//39
f 2869//1879 2868//1879 1034//1879
f 2868//1878 2871//1878 1034//1878
f 1034//1878 2871//1878 2872//1878
f 1033//1879 2869//1879 1034//1879
f 2869//290 1033//290 2870//290
f 1033//1880 2873//1880 2870//1880
f 2870//1888 2873//1888 2874//1888
f 2873//1889 1030//1889 2874//1889
f 2870//39 2874//39 2868//39
f 2874//39 2875//39 2868//39
f 2868//39 2875//39 2871//39
f 2873//39 1033//39 134//39
f 1034//39 2872//39 1032//39
f 2872//39 1038//39 1032//39
f 2876//39 2877//39 2878//39
f 2877//39 2879//39 2878//39
f 2877//925 2876//925 2880//925
f 2881//925 2877//925 2880//925
f 2877//283 2881//283 2879//283
f 2881//1980 2882//1980 2879//1980
f 2879//285 2882//285 2878//285
f 2882//1882 2883//1882 2878//1882
f 2878//73 2883//73 2884//73
f 2885//841 2878//841 2884//841
f 2878//39 2885//39 2886//39
f 2881//39 2880//39 2830//39
f 2880//39 2887//39 2830//39
f 2830//39 2887//39 2831//39
f 2887//39 2888//39 2831//39
f 2831//39 2888//39 2889//39
f 2882//39 2881//39 2830//39
f 2883//39 2882//39 2890//39
f 2882//39 2830//39 2890//39
f 2890//639 2830//639 2891//639
f 2830//1981 2863//1981 2891//1981
f 2874//41 1030//41 2892//41
f 1030//41 1031//41 2892//41
f 2874//39 2892//39 2875//39
f 2892//39 2893//39 2875//39
f 2875//39 2893//39 2894//39
f 1030//39 2873//39 134//39
f 2895//39 2876//39 2886//39
f 2876//39 2878//39 2886//39
f 2876//66 2895//66 2887//66
f 2880//66 2876//66 2887//66
f 2875//1136 2894//1136 2896//1136
f 2871//112 2875//112 2872//112
f 2875//112 2897//112 2872//112
f 2886//1883 2885//1883 2898//1883
f 2885//74 2884//74 2898//74
f 2899//690 2886//690 2898//690
f 2886//39 2899//39 2900//39
f 2884//39 2883//39 2890//39
f 2898//39 2884//39 2901//39
f 2884//39 2890//39 2901//39
f 2892//1890 1031//1890 2893//1890
f 1031//1891 2902//1891 2893//1891
f 2900//39 2895//39 2886//39
f 2895//927 2900//927 2888//927
f 2887//927 2895//927 2888//927
f 2872//39 2897//39 1038//39
f 2897//39 2896//39 1038//39
f 1038//39 2896//39 133//39
f 2896//39 2902//39 133//39
f 133//39 2902//39 1031//39
f 2889//39 2898//39 2901//39
f 2898//299 2889//299 2899//299
f 2893//1893 2902//1893 2894//1893
f 2902//303 2896//303 2894//303
f 2900//1982 2899//1982 2889//1982
f 2888//302 2900//302 2889//302
f 2896//1136 2897//1136 2875//1136
f 1026//1983 139//1983 1036//1983
f 1036//1963 1037//1963 1026//1963
f 1037//24 1002//24 1026//24
f 1037//24 154//24 2813//24
f 154//24 1041//24 2813//24
f 2813//47 1041//47 2903//47
f 1041//839 2891//839 2903//839
f 2813//1984 2903//1984 2815//1984
f 2814//50 2815//50 2863//50
f 1027//66 152//66 1028//66
f 1027//637 1028//637 130//637
f 992//1979 991//1979 128//1979
f 2904//41 2864//41 2905//41
f 2864//50 2831//50 2905//50
f 2864//637 2904//637 2906//637
f 2906//637 2865//637 2864//637
f 2865//51 2906//51 1042//51
f 2906//1985 2907//1985 1042//1985
f 1042//654 2907//654 2901//654
f 2865//75 1042//75 2866//75
f 1042//75 2908//75 2866//75
f 2866//1986 2908//1986 2867//1986
f 2908//1987 2909//1987 2867//1987
f 2905//1988 2831//1988 2901//1988
f 2831//39 2889//39 2901//39
f 2808//671 2522//671 2910//671
f 2522//671 2518//671 2910//671
f 2809//1989 2808//1989 2910//1989
f 2808//1990 2809//1990 2806//1990
f 2518//75 2522//75 2524//75
f 2911//1914 2579//1914 2795//1914
f 2579//710 2911//710 2580//710
f 2911//710 2861//710 2580//710
f 2739//1991 2809//1991 2912//1991
f 2809//1992 2913//1992 2912//1992
f 2739//1993 2912//1993 2737//1993
f 2912//1994 2914//1994 2737//1994
f 2737//637 2914//637 2648//637
f 2913//1995 2809//1995 2910//1995
f 2778//1996 2810//1996 2776//1996
f 2810//1997 2778//1997 2915//1997
f 2797//1998 2810//1998 2915//1998
f 2797//1999 2915//1999 2911//1999
f 2915//2000 2861//2000 2911//2000
f 2797//2001 2911//2001 2795//2001
f 2648//18 2914//18 2741//18
f 2914//18 2916//18 2741//18
f 2777//18 2811//18 2917//18
f 2811//18 2784//18 2917//18
f 2778//2002 2777//2002 2917//2002
f 2784//41 2811//41 2583//41
f 2912//2003 2913//2003 2916//2003
f 2914//2004 2912//2004 2916//2004
f 2915//2005 2778//2005 2917//2005
f 2915//2006 2917//2006 2860//2006
f 2917//638 2784//638 2860//638
f 2860//1988 2784//1988 2781//1988
f 2861//2007 2915//2007 2860//2007
f 2910//1774 2518//1774 2840//1774
f 2518//1774 2517//1774 2840//1774
f 2913//2008 2910//2008 2840//2008
f 2916//2009 2913//2009 2840//2009
f 2741//638 2916//638 2740//638
f 2916//1988 2840//1988 2740//1988
f 2740//39 2840//39 2842//39
f 2511//1914 2509//1914 2746//1914
f 1036//7 138//7 1035//7
f 2815//7 2903//7 2863//7
f 2903//7 2891//7 2863//7
f 1041//41 1042//41 2901//41
f 2906//18 2904//18 2907//18
f 2904//18 2905//18 2907//18
f 1042//75 153//75 2918//75
f 153//75 2642//75 2918//75
f 2918//637 2642//637 2644//637
f 2907//638 2905//638 2901//638
f 2694//2010 2867//2010 2549//2010
f 2867//2011 2548//2011 2549//2011
f 2693//2012 2747//2012 2639//2012
f 2747//2013 2641//2013 2639//2013
f 2509//710 2508//710 2919//710
f 2746//710 2509//710 2919//710
f 2890//50 2891//50 1041//50
f 2901//41 2890//41 1041//41
f 1032//1981 1035//1981 136//1981
f 1029//1988 1038//1988 133//1988
f 2920//2014 2747//2014 2919//2014
f 2747//2015 2746//2015 2919//2015
f 2747//2016 2920//2016 2641//2016
f 2920//2017 2643//2017 2641//2017
f 2508//1975 2507//1975 2921//1975
f 2507//39 1150//39 2921//39
f 2921//39 1150//39 1095//39
f 1150//39 1148//39 1095//39
f 1095//39 1148//39 1140//39
f 1148//39 1139//39 1140//39
f 2919//1975 2508//1975 2921//1975
f 2867//2018 2909//2018 2548//2018
f 2909//2019 2922//2019 2548//2019
f 2923//2020 2920//2020 2921//2020
f 2920//2021 2919//2021 2921//2021
f 2920//2022 2923//2022 2643//2022
f 2923//18 2922//18 2643//18
f 2643//16 2922//16 2644//16
f 2922//2023 2909//2023 2644//2023
f 2548//2024 2922//2024 2546//2024
f 2922//638 2923//638 2546//638
f 2546//638 2923//638 2921//638
f 2644//2025 2909//2025 2918//2025
f 2909//2026 2908//2026 2918//2026
f 2918//75 2908//75 1042//75
f 1029//18 132//18 1028//18
f 1000//1968 999//1968 118//1968
f 998//1974 997//1974 120//1974
f 996//66 997//66 18//66
f 997//40 996//40 121//40
f 996//630 995//630 122//630
f 994//1966 993//1966 125//1966
f 1018//2027 1017//2027 83//2027
f 1014//1832 1013//1832 88//1832
f 981//1887 982//1887 96//1887
f 1010//617 1009//617 98//617
f 1008//66 1009//66 45//66
f 1009//39 1008//39 99//39
f 1010//2028 982//2028 51//2028
f 1008//2029 1007//2029 100//2029
f 1006//1909 1005//1909 103//1909
f 1059//2030 1061//2030 2924//2030
f 1061//40 1063//40 2924//40
f 2924//40 1063//40 1740//40
f 1063//40 1057//40 1740//40
f 1048//2031 1047//2031 1046//2031
f 1935//40 1936//40 1945//40
f 1936//40 1044//40 1945//40
f 1945//40 1044//40 1063//40
f 1044//40 1057//40 1063//40
f 1178//39 1085//39 1075//39
f 1085//39 1081//39 1075//39
f 1075//39 1081//39 1079//39
f 1087//710 1250//710 1238//710
f 1123//676 1201//676 1122//676
f 1201//656 1135//656 1122//656
f 1122//656 1135//656 1121//656
f 1239//710 1133//710 1237//710
f 1129//659 1130//659 1127//659
f 1130//661 1274//661 1127//661
f 1217//41 1296//41 1219//41
f 1296//41 1443//41 1219//41
f 1219//41 1443//41 1221//41
f 1443//41 1223//41 1221//41
f 1474//881 1472//881 1487//881
f 1472//39 1498//39 1487//39
f 1225//41 1223//41 1443//41
f 1780//66 1526//66 1781//66
f 1526//66 1516//66 1781//66
f 1535//40 1603//40 1609//40
f 1291//41 1672//41 1299//41
f 1760//931 1746//931 1271//931
f 1227//707 1457//707 1229//707
f 1457//916 1459//916 1229//916
f 1229//916 1459//916 1231//916
f 1752//997 1745//997 1747//997
f 1752//985 1776//985 1753//985
f 1776//2032 1778//2032 1753//2032
f 1753//914 1778//914 1266//914
f 1778//722 1779//722 1266//722
f 1266//66 1779//66 1264//66
f 1785//931 1777//931 1751//931
f 1777//931 1775//931 1751//931
f 1751//931 1775//931 1749//931
f 1726//982 1736//982 1719//982
f 1736//2033 2925//2033 1719//2033
f 1719//996 2925//996 2926//996
f 2925//996 1773//996 2926//996
f 2926//40 1773//40 2927//40
f 1773//40 2928//40 2927//40
f 2927//40 2928//40 2929//40
f 2928//40 1767//40 2929//40
f 2929//40 1767//40 2930//40
f 1767//995 1765//995 2930//995
f 2930//995 1765//995 1715//995
f 1765//992 1760//992 1715//992
f 1715//992 1760//992 2544//992
f 1766//994 1768//994 1789//994
f 1768//2034 1057//2034 1789//2034
f 1789//992 1057//992 1751//992
f 1712//40 1719//40 1715//40
f 1719//40 2927//40 1715//40
f 1715//40 2927//40 2929//40
f 1079//39 1077//39 1075//39
f 1083//39 1081//39 1085//39
f 1123//676 1125//676 1201//676
f 1220//41 1292//41 1218//41
f 1292//41 2931//41 1218//41
f 1218//41 2931//41 1214//41
f 2931//41 2932//41 1214//41
f 1214//704 2932//704 1213//704
f 2932//704 1212//704 1213//704
f 1292//41 1212//41 2931//41
f 1212//41 2932//41 2931//41
f 1261//66 1259//66 1362//66
f 1259//66 1257//66 1362//66
f 1521//2035 1280//2035 1258//2035
f 1280//721 1256//721 1258//721
f 1293//41 1676//41 1291//41
f 1675//41 1291//41 1676//41
f 1264//66 1782//66 1262//66
f 1782//66 1517//66 1262//66
f 1262//66 1517//66 1260//66
f 1227//707 1225//707 1457//707
f 1263//66 1269//66 1265//66
f 1267//66 1265//66 1269//66
f 1736//981 1737//981 2925//981
f 2927//40 1719//40 2926//40
f 2930//40 1715//40 2929//40
f 1773//929 2925//929 1737//929
f 1739//996 1740//996 1772//996
f 1124//39 1078//39 1126//39
f 1078//39 1080//39 1126//39
f 1126//39 1080//39 1128//39
f 1080//39 1082//39 1128//39
f 1214//41 1215//41 1218//41
f 1215//41 1216//41 1218//41
f 1228//41 1222//41 1226//41
f 1222//41 1224//41 1226//41
f 1773//40 1771//40 2928//40
f 1771//40 1770//40 2928//40
f 2928//40 1770//40 1767//40
f 1770//40 1769//40 1767//40
f 1740//2036 1059//2036 2924//2036
f 1195//2037 1193//2037 1125//2037
f 1196//39 1127//39 1876//39
f 1518//66 1477//66 1485//66
f 1526//2038 1777//2038 1786//2038
f 1070//1126 2026//1126 2933//1126
f 2026//1126 1918//1126 2933//1126
f 2933//40 1918//40 2934//40
f 1918//40 2935//40 2934//40
f 2934//40 2935//40 2936//40
f 2935//40 1910//40 2936//40
f 2936//40 1910//40 2937//40
f 1910//993 1908//993 2937//993
f 2937//993 1908//993 1052//993
f 1908//1122 1897//1122 1052//1122
f 1052//1122 1897//1122 1043//1122
f 1970//40 1070//40 1052//40
f 1070//40 2936//40 1052//40
f 1052//40 2936//40 2937//40
f 1924//994 1909//994 2003//994
f 1909//993 1911//993 2003//993
f 2003//993 1911//993 1913//993
f 2020//974 2021//974 2027//974
f 2021//974 1799//974 2027//974
f 2027//974 1799//974 1800//974
f 1907//994 1909//994 1924//994
f 1835//706 1837//706 1833//706
f 1837//916 1839//916 1833//916
f 1833//916 1839//916 1853//916
f 1839//916 1841//916 1853//916
f 1853//916 1841//916 1800//916
f 1871//66 2009//66 1869//66
f 1990//66 2001//66 1983//66
f 1999//66 1983//66 2001//66
f 2011//66 1888//66 1867//66
f 1995//721 1993//721 1984//721
f 1991//1144 1984//1144 1993//1144
f 2033//41 1985//41 2035//41
f 1985//41 1834//41 2035//41
f 2159//1017 1803//1017 1805//1017
f 1278//703 1849//703 1828//703
f 1849//703 2224//703 1828//703
f 1828//888 2224//888 2199//888
f 2224//888 2198//888 2199//888
f 2220//829 2303//829 2218//829
f 2303//829 2938//829 2218//829
f 2218//829 2938//829 2216//829
f 2938//829 1884//829 2216//829
f 2216//1018 1884//1018 1803//1018
f 1884//1018 1288//1018 1803//1018
f 1884//658 2938//658 2939//658
f 2938//658 2303//658 2939//658
f 2939//39 2303//39 2940//39
f 2303//39 2305//39 2940//39
f 2940//39 2305//39 2941//39
f 2305//39 2229//39 2941//39
f 2941//39 2229//39 2942//39
f 2229//1066 2227//1066 2942//1066
f 2942//1066 2227//1066 1862//1066
f 2227//1065 1850//1065 1862//1065
f 1862//1065 1850//1065 1852//1065
f 2154//39 1884//39 1862//39
f 1884//39 2940//39 1862//39
f 1862//39 2940//39 2941//39
f 2275//1736 2311//1736 2299//1736
f 2312//39 2321//39 2304//39
f 2321//39 2328//39 2304//39
f 2334//39 2306//39 2332//39
f 2343//39 2306//39 2337//39
f 2170//2039 2172//2039 2276//2039
f 2276//2040 2396//2040 2353//2040
f 2239//1368 2265//1368 2318//1368
f 2318//1352 2391//1352 2354//1352
f 2413//1522 2480//1522 2440//1522
f 2933//40 2934//40 1070//40
f 2934//40 2936//40 1070//40
f 1918//40 1916//40 2935//40
f 1916//40 1914//40 2935//40
f 2935//40 1914//40 1910//40
f 1914//40 1912//40 1910//40
f 1829//41 1831//41 1854//41
f 2940//39 1884//39 2939//39
f 2942//39 1862//39 2941//39
f 1992//66 2012//66 2002//66
f 2012//66 2010//66 2002//66
f 2002//66 2010//66 2000//66
f 2010//66 2008//66 2000//66
f 2200//41 2034//41 1830//41
f 2034//41 1832//41 1830//41
f 1052//2041 1043//2041 1050//2041
f 1043//2042 1049//2042 1050//2042
f 1046//40 1933//40 1930//40
f 1962//40 1062//40 1060//40
f 1809//41 1829//41 1812//41
f 2151//39 2153//39 2148//39
f 2144//39 2152//39 2142//39
f 1881//2043 1288//2043 1882//2043
f 1288//39 1884//39 1882//39
f 1876//39 2158//39 2145//39
f 2158//39 2137//39 2145//39
f 2140//39 2147//39 2141//39
f 2150//39 1862//39 1192//39
f 1879//39 1880//39 1878//39
f 2142//39 2152//39 1196//39
f 1168//39 1169//39 1184//39
f 1693//40 1707//40 2545//40
f 1707//40 1708//40 2545//40
f 1683//645 1688//645 1681//645
f 1690//40 1687//40 1689//40
f 1693//40 1692//40 1709//40
f 1692//40 1702//40 1709//40
f 1098//1215 1073//1215 1096//1215
f 1073//2044 2943//2044 1096//2044
f 1096//2045 2943//2045 1094//2045
f 2943//2046 1073//2046 1094//2046
f 1152//39 1170//39 1154//39
f 2621//24 2607//24 1003//24
f 2607//24 1019//24 1003//24
f 2600//75 2596//75 2653//75
f 2772//609 2764//609 2754//609
f 2764//40 2766//40 2754//40
f 1002//24 1037//24 2701//24
f 2701//24 1037//24 2813//24
f 2806//1810 2520//1810 2808//1810
f 2781//39 2856//39 2860//39
f 2642//75 153//75 2640//75
f 2640//75 153//75 1040//75
f 1091//39 2546//39 1095//39
f 2546//39 2921//39 1095//39
